COD_USU;SEX_USU;FEC_NAC_USU;EDAD_USU;GRU_ET;PAI_USU;TIE_DIS;LEN_MAT;AUT_IDE_ET;NOM_CEN;FEC_ING;PER_ING;TIP_SEG_SAL;EST_ACT;FEC_EGR;MOT_EGR
CDFSJT00001;1;2022-08-08;3;2;PERÚ;3;10;7;CEDIF SAN JUDAS TADEO;2024-01-04;1;1;1;No aplica;11
CDFSJT00001;1;2016-08-27;9;3;PERÚ;3;10;7;CEDIF SAN JUDAS TADEO;2023-01-09;1;1;1;No aplica;11
CDFSJT00001;1;2013-09-05;12;4;PERÚ;3;10;7;CEDIF SAN JUDAS TADEO;2022-09-15;1;1;1;No aplica;11
CDFSJT00001;1;2009-03-24;16;4;PERÚ;3;10;7;CEDIF SAN JUDAS TADEO;2025-03-25;1;1;1;No aplica;11
CDFSJT00002;2;2022-11-16;3;2;PERÚ;3;10;7;CEDIF SAN JUDAS TADEO;2025-02-03;1;2;1;No aplica;11
CDFSJT00002;1;2018-04-30;7;3;PERÚ;3;10;7;CEDIF SAN JUDAS TADEO;2025-02-03;1;1;1;No aplica;11
CDFSJT00003;2;2023-10-23;2;2;PERÚ;3;10;7;CEDIF SAN JUDAS TADEO;2025-02-03;1;1;1;No aplica;11
CDFSJT00003;1;2018-02-11;8;3;PERÚ;3;10;7;CEDIF SAN JUDAS TADEO;2025-02-03;1;1;1;No aplica;11
CDFSJT00003;2;2012-12-12;13;4;PERÚ;3;10;7;CEDIF SAN JUDAS TADEO;2025-02-03;1;1;1;No aplica;11
CDFSJT00004;1;2023-05-21;2;2;PERÚ;3;10;7;CEDIF SAN JUDAS TADEO;2025-03-20;1;1;1;No aplica;11
CDFSJT00005;2;2021-10-15;4;2;PERÚ;3;10;7;CEDIF SAN JUDAS TADEO;2025-03-25;1;1;1;No aplica;11
CDFSJT00006;1;2024-05-18;1;2;PERÚ;3;10;7;CEDIF SAN JUDAS TADEO;2025-08-22;1;1;1;No aplica;11
CDFSJT00006;2;2022-02-14;4;2;PERÚ;3;10;7;CEDIF SAN JUDAS TADEO;2024-01-16;1;1;1;No aplica;11
CDFSJT00007;2;2021-08-24;4;2;PERÚ;3;10;7;CEDIF SAN JUDAS TADEO;2024-01-04;1;1;1;No aplica;11
CDFSJT00008;1;2023-09-14;2;2;PERÚ;3;10;7;CEDIF SAN JUDAS TADEO;2025-02-12;1;1;1;No aplica;11
CDFSJT00009;2;2020-06-19;5;2;PERÚ;3;10;7;CEDIF SAN JUDAS TADEO;2022-03-29;1;1;1;No aplica;11
CDFSJT00010;2;2024-05-23;1;2;PERÚ;3;10;7;CEDIF SAN JUDAS TADEO;2025-06-10;1;2;1;No aplica;11
CDFSJT00010;2;2024-05-23;1;2;PERÚ;3;10;7;CEDIF SAN JUDAS TADEO;2025-06-10;1;2;1;No aplica;11
CDFSJT00011;2;2020-09-27;5;2;PERÚ;3;10;7;CEDIF SAN JUDAS TADEO;2025-12-10;1;1;1;No aplica;11
CDFSJT00012;2;2023-09-25;2;2;PERÚ;3;10;7;CEDIF SAN JUDAS TADEO;2025-01-28;1;1;1;No aplica;11
CDFSJT00012;2;2020-12-02;5;2;PERÚ;3;10;7;CEDIF SAN JUDAS TADEO;2025-01-28;1;1;1;No aplica;11
CDFSJT00013;2;2022-07-20;3;2;PERÚ;3;10;7;CEDIF SAN JUDAS TADEO;2025-11-12;1;1;1;No aplica;11
CDFSJT00013;2;2012-10-03;13;4;PERÚ;3;10;7;CEDIF SAN JUDAS TADEO;2026-01-13;1;1;1;No aplica;11
CDFSJT00014;2;2023-07-28;2;2;PERÚ;3;10;7;CEDIF SAN JUDAS TADEO;2025-03-03;1;2;1;No aplica;11
CDFSJT00014;2;2021-07-04;4;2;PERÚ;3;10;7;CEDIF SAN JUDAS TADEO;2024-04-01;1;2;1;No aplica;11
CDFSJT00014;1;2019-09-09;6;3;PERÚ;3;10;7;CEDIF SAN JUDAS TADEO;2024-04-01;1;2;1;No aplica;11
CDFSJT00015;2;2020-07-18;5;2;PERÚ;3;10;7;CEDIF SAN JUDAS TADEO;2025-01-24;1;1;1;No aplica;11
CDFSJT00016;1;2022-09-05;3;2;PERÚ;3;10;7;CEDIF SAN JUDAS TADEO;2024-02-05;1;1;1;No aplica;11
CDFSJT00017;2;2019-06-05;6;3;PERÚ;3;10;7;CEDIF SAN JUDAS TADEO;2025-10-15;1;1;1;No aplica;11
CDFSJT00018;2;2021-08-26;4;2;PERÚ;3;10;7;CEDIF SAN JUDAS TADEO;2025-01-22;1;2;1;No aplica;11
CDFSJT00019;1;2024-05-01;1;2;PERÚ;3;10;7;CEDIF SAN JUDAS TADEO;2026-01-07;1;1;1;No aplica;11
CDFSJT00020;2;2023-11-24;2;2;PERÚ;3;10;7;CEDIF SAN JUDAS TADEO;2025-01-22;1;1;1;No aplica;11
CDFSJT00021;2;2022-11-25;3;2;PERÚ;3;10;7;CEDIF SAN JUDAS TADEO;2024-04-24;1;1;1;No aplica;11
CDFSJT00022;2;2019-05-28;6;3;PERÚ;3;10;7;CEDIF SAN JUDAS TADEO;2025-02-07;1;2;1;No aplica;11
CDFSJT00023;2;2019-12-07;6;3;PERÚ;3;10;7;CEDIF SAN JUDAS TADEO;2022-01-19;1;1;1;No aplica;11
CDFSJT00024;2;2021-05-27;4;2;PERÚ;3;10;7;CEDIF SAN JUDAS TADEO;2025-01-27;1;1;1;No aplica;11
CDFSJT00024;1;2015-08-21;10;3;PERÚ;3;10;7;CEDIF SAN JUDAS TADEO;2025-01-27;1;1;1;No aplica;11
CDFSJT00025;2;2021-06-24;4;2;PERÚ;3;10;7;CEDIF SAN JUDAS TADEO;2025-01-17;1;1;1;No aplica;11
CDFSJT00025;2;2021-06-24;4;2;PERÚ;3;10;7;CEDIF SAN JUDAS TADEO;2025-01-17;1;1;1;No aplica;11
CDFSJT00026;2;2023-10-16;2;2;PERÚ;3;10;7;CEDIF SAN JUDAS TADEO;2025-03-12;1;1;1;No aplica;11
CDFSJT00026;2;2020-05-06;5;2;PERÚ;3;10;7;CEDIF SAN JUDAS TADEO;2025-03-12;1;1;1;No aplica;11
CDFSJT00026;2;2015-05-30;10;3;PERÚ;3;10;7;CEDIF SAN JUDAS TADEO;2026-01-06;1;1;1;No aplica;11
CDFSJT00027;2;2018-12-22;7;3;PERÚ;3;10;7;CEDIF SAN JUDAS TADEO;2026-01-08;1;1;1;No aplica;11
CDFSJT00027;1;2014-03-03;11;3;PERÚ;3;10;7;CEDIF SAN JUDAS TADEO;2026-01-08;1;1;1;No aplica;11
CDFSJT00028;2;2019-12-10;6;3;PERÚ;3;10;7;CEDIF SAN JUDAS TADEO;2024-03-20;1;1;1;No aplica;11
CDFSJT00029;2;2024-03-31;1;2;PERÚ;3;10;7;CEDIF SAN JUDAS TADEO;2025-09-03;1;1;1;No aplica;11
CDFSJT00030;1;2016-12-31;9;3;PERÚ;3;10;7;CEDIF SAN JUDAS TADEO;2025-02-12;1;1;1;No aplica;11
CDFSJT00030;2;2012-06-25;13;4;PERÚ;3;10;7;CEDIF SAN JUDAS TADEO;2025-02-12;1;1;1;No aplica;11
CDFSJT00030;1;2022-04-16;3;2;PERÚ;3;10;7;CEDIF SAN JUDAS TADEO;2025-02-12;1;1;1;No aplica;11
CDFSJT00031;2;2019-10-18;6;3;PERÚ;3;10;7;CEDIF SAN JUDAS TADEO;2022-01-19;1;1;1;No aplica;11
CDFSJT00032;2;2022-02-26;4;2;PERÚ;3;10;7;CEDIF SAN JUDAS TADEO;2024-06-12;1;1;2;2026-02-27;1
CDFSJT00033;1;2020-05-17;5;2;PERÚ;3;10;7;CEDIF SAN JUDAS TADEO;2023-02-07;1;1;1;No aplica;11
CDFSJT00034;2;2016-12-15;9;3;PERÚ;3;10;7;CEDIF SAN JUDAS TADEO;2026-01-06;1;1;1;No aplica;11
CDFSJT00035;1;2013-09-30;12;4;PERÚ;3;10;7;CEDIF SAN JUDAS TADEO;2024-02-13;1;1;1;No aplica;11
CDFSJT00036;2;2021-04-11;4;2;PERÚ;3;10;7;CEDIF SAN JUDAS TADEO;2024-03-06;1;1;1;No aplica;11
CDFSJT00037;1;2022-07-01;3;2;PERÚ;3;10;7;CEDIF SAN JUDAS TADEO;2025-02-03;1;1;1;No aplica;11
CDFSJT00038;2;2021-08-29;4;2;PERÚ;3;10;7;CEDIF SAN JUDAS TADEO;2024-07-17;1;1;1;No aplica;11
CDFSJT00039;1;2021-03-24;4;2;PERÚ;3;10;7;CEDIF SAN JUDAS TADEO;2023-02-21;1;1;1;No aplica;11
CDFSJT00040;2;2021-02-16;5;2;PERÚ;3;10;7;CEDIF SAN JUDAS TADEO;2024-08-28;1;1;1;No aplica;11
CDFSJT00041;2;2017-08-08;8;3;PERÚ;3;10;7;CEDIF SAN JUDAS TADEO;2026-01-16;1;2;1;No aplica;11
CDFSJT00042;2;2024-11-09;1;2;PERÚ;3;10;7;CEDIF SAN JUDAS TADEO;2026-01-14;1;1;1;No aplica;11
CDFSJT00043;1;2024-05-31;1;2;PERÚ;3;10;7;CEDIF SAN JUDAS TADEO;2025-08-25;1;1;1;No aplica;11
CDFSJT00044;2;2013-06-21;12;4;PERÚ;3;10;7;CEDIF SAN JUDAS TADEO;2026-01-07;1;1;1;No aplica;11
CDFSJT00045;1;2022-11-06;3;2;PERÚ;3;10;7;CEDIF SAN JUDAS TADEO;2025-02-14;1;1;1;No aplica;11
CDFSJT00045;2;2017-06-20;8;3;PERÚ;3;10;7;CEDIF SAN JUDAS TADEO;2025-02-14;1;1;1;No aplica;11
CDFSJT00045;1;2012-09-16;13;4;PERÚ;3;10;7;CEDIF SAN JUDAS TADEO;2025-02-14;1;1;1;No aplica;11
CDFSJT00046;1;2022-09-05;3;2;PERÚ;3;10;7;CEDIF SAN JUDAS TADEO;2024-01-17;1;1;1;No aplica;11
CDFSJT00047;2;2022-04-22;3;2;PERÚ;3;10;7;CEDIF SAN JUDAS TADEO;2024-02-09;1;2;1;No aplica;11
CDFSJT00048;1;2020-09-30;5;2;PERÚ;3;10;7;CEDIF SAN JUDAS TADEO;2024-08-15;1;1;1;No aplica;11
CDFSJT00049;2;2022-12-02;3;2;PERÚ;3;10;7;CEDIF SAN JUDAS TADEO;2025-02-07;1;1;1;No aplica;11
CDFSJT00049;1;2016-07-11;9;3;PERÚ;3;10;7;CEDIF SAN JUDAS TADEO;2025-02-07;1;1;1;No aplica;11
CDFSJT00049;2;2012-09-25;13;4;PERÚ;3;10;7;CEDIF SAN JUDAS TADEO;2025-02-07;1;1;1;No aplica;11
CDFSJT00050;1;2023-08-23;2;2;PERÚ;3;10;7;CEDIF SAN JUDAS TADEO;2025-03-17;1;1;1;No aplica;11
CDFSJT00051;2;2024-01-10;2;2;PERÚ;3;10;7;CEDIF SAN JUDAS TADEO;2025-04-11;1;1;1;No aplica;11
CDFSJT00052;2;2022-04-15;3;2;PERÚ;3;10;7;CEDIF SAN JUDAS TADEO;2024-03-01;1;1;1;No aplica;11
CDFSJT00052;2;2016-02-05;10;3;PERÚ;3;10;7;CEDIF SAN JUDAS TADEO;2024-04-05;1;1;1;No aplica;11
CDFSJT00053;1;2022-11-05;3;2;PERÚ;3;10;7;CEDIF SAN JUDAS TADEO;2024-05-06;1;1;1;No aplica;11
CDFSJT00054;2;2013-06-18;12;4;PERÚ;3;10;7;CEDIF SAN JUDAS TADEO;2024-02-16;1;2;1;No aplica;11
CDFSJT00055;1;2022-11-19;3;2;PERÚ;3;10;7;CEDIF SAN JUDAS TADEO;2024-01-19;1;1;1;No aplica;11
CDFSJT00055;2;2018-05-13;7;3;COLOMBIA;3;10;7;CEDIF SAN JUDAS TADEO;2023-03-15;1;1;1;No aplica;11
CDFSJT00055;2;2014-12-15;11;3;VENEZUELA;3;10;7;CEDIF SAN JUDAS TADEO;2024-01-19;1;1;1;No aplica;11
CDFSJT00056;1;2022-11-20;3;2;PERÚ;3;10;7;CEDIF SAN JUDAS TADEO;2024-05-06;1;1;1;No aplica;11
CDFSJT00057;2;2023-09-05;2;2;PERÚ;3;10;7;CEDIF SAN JUDAS TADEO;2025-01-30;1;2;1;No aplica;11
CDFSJT00057;1;2017-09-25;8;3;PERÚ;3;10;7;CEDIF SAN JUDAS TADEO;2025-01-30;1;2;1;No aplica;11
CDFSJT00058;2;2022-01-17;4;2;PERÚ;3;10;7;CEDIF SAN JUDAS TADEO;2025-01-24;1;1;1;No aplica;11
CDFSJT00058;2;2020-02-17;6;3;PERÚ;3;10;7;CEDIF SAN JUDAS TADEO;2025-01-24;1;2;1;No aplica;11
CDFSJT00058;2;2014-08-27;11;3;PERÚ;3;10;7;CEDIF SAN JUDAS TADEO;2025-01-24;1;2;1;No aplica;11
CDFSJT00059;2;2022-01-07;4;2;PERÚ;3;10;7;CEDIF SAN JUDAS TADEO;2024-02-01;1;1;1;No aplica;11
CDFSJT00060;1;2023-11-01;2;2;PERÚ;3;10;7;CEDIF SAN JUDAS TADEO;2025-01-02;1;1;1;No aplica;11
CDFSJT00061;2;2023-02-26;3;2;PERÚ;3;10;7;CEDIF SAN JUDAS TADEO;2024-04-18;1;2;1;No aplica;11
CDFSJT00061;1;2020-03-07;5;2;PERÚ;3;10;7;CEDIF SAN JUDAS TADEO;2025-07-15;1;2;1;No aplica;11
CDFSJT00061;1;2011-09-11;14;4;PERÚ;3;10;7;CEDIF SAN JUDAS TADEO;2026-01-06;1;1;1;No aplica;11
CDFSJT00062;2;2023-01-05;3;2;ESPAÑA;3;10;7;CEDIF SAN JUDAS TADEO;2024-10-01;1;1;1;No aplica;11
CDFSJT00063;1;2023-04-27;2;2;PERÚ;3;10;7;CEDIF SAN JUDAS TADEO;2025-02-17;1;1;1;No aplica;11
CDFSJT00064;1;2022-02-22;4;2;PERÚ;3;10;7;CEDIF SAN JUDAS TADEO;2024-03-11;1;1;1;No aplica;11
CDFSJT00065;2;2014-02-24;12;4;PERÚ;3;10;7;CEDIF SAN JUDAS TADEO;2025-02-10;1;1;1;No aplica;11
CDFSJT00065;1;2012-07-14;13;4;PERÚ;3;10;7;CEDIF SAN JUDAS TADEO;2025-02-10;1;1;1;No aplica;11
CDFSJT00065;1;2009-01-18;17;4;PERÚ;3;10;7;CEDIF SAN JUDAS TADEO;2025-02-10;1;1;1;No aplica;11
CDFSJT00066;2;2023-02-20;3;2;PERÚ;3;10;7;CEDIF SAN JUDAS TADEO;2026-01-07;1;1;1;No aplica;11
CDFSJT00067;1;2022-06-07;3;2;PERÚ;3;10;7;CEDIF SAN JUDAS TADEO;2025-01-27;1;1;1;No aplica;11
CDFSJT00067;1;2020-06-30;5;2;PERÚ;3;10;7;CEDIF SAN JUDAS TADEO;2025-01-27;1;1;1;No aplica;11
CDFSJT00068;1;2023-06-26;2;2;PERÚ;3;10;7;CEDIF SAN JUDAS TADEO;2025-10-06;1;1;1;No aplica;11
CDFSJT00069;2;2022-04-27;3;2;PERÚ;3;10;7;CEDIF SAN JUDAS TADEO;2023-08-10;1;2;1;No aplica;11
CDFSJT00070;2;2021-01-05;5;2;PERÚ;3;10;7;CEDIF SAN JUDAS TADEO;2024-02-12;1;1;1;No aplica;11
CDFSJT00071;2;2023-09-21;2;2;PERÚ;3;10;7;CEDIF SAN JUDAS TADEO;2025-02-03;1;1;1;No aplica;11
CDFSJT00072;2;2020-05-05;5;2;PERÚ;3;10;7;CEDIF SAN JUDAS TADEO;2025-02-03;1;1;1;No aplica;11
CDFSJT00073;1;2023-05-06;2;2;PERÚ;3;10;7;CEDIF SAN JUDAS TADEO;2024-10-01;1;1;1;No aplica;11
CDFSJT00073;2;2021-02-17;5;2;PERÚ;3;10;7;CEDIF SAN JUDAS TADEO;2024-10-01;1;2;1;No aplica;11
CDFSJT00073;1;2017-03-24;8;3;PERÚ;3;10;7;CEDIF SAN JUDAS TADEO;2024-10-03;1;1;1;No aplica;11
CDFSJT00073;2;2014-06-30;11;3;PERÚ;3;10;7;CEDIF SAN JUDAS TADEO;2024-10-03;1;1;1;No aplica;11
CDFSJT00074;1;2020-08-21;5;2;PERÚ;3;10;7;CEDIF SAN JUDAS TADEO;2024-03-22;1;1;1;No aplica;11
CDFSJT00074;1;2020-08-21;5;2;PERÚ;3;10;7;CEDIF SAN JUDAS TADEO;2024-03-22;1;1;1;No aplica;11
CDFSJT00074;1;2014-02-13;12;4;PERÚ;3;10;7;CEDIF SAN JUDAS TADEO;2024-03-12;1;1;1;No aplica;11
CDFSJT00075;2;2023-12-24;2;2;PERÚ;3;10;7;CEDIF SAN JUDAS TADEO;2025-02-13;1;1;1;No aplica;11
CDFSJT00076;2;2024-07-06;1;2;PERÚ;3;10;7;CEDIF SAN JUDAS TADEO;2026-01-26;1;1;1;No aplica;11
CDFSJT00077;2;2024-01-06;2;2;PERÚ;3;10;7;CEDIF SAN JUDAS TADEO;2026-01-26;1;1;1;No aplica;11
CDFSJT00078;2;2019-01-01;7;3;PERÚ;3;10;7;CEDIF SAN JUDAS TADEO;2023-01-16;1;1;1;No aplica;11
CDFSJT00078;1;2016-10-10;9;3;PERÚ;3;10;7;CEDIF SAN JUDAS TADEO;2023-01-16;1;1;1;No aplica;11
CDFSJT00079;2;2022-11-09;3;2;PERÚ;3;10;7;CEDIF SAN JUDAS TADEO;2024-06-03;1;2;1;No aplica;11
CDFSJT00080;1;2023-10-08;2;2;PERÚ;3;10;7;CEDIF SAN JUDAS TADEO;2025-02-13;1;1;1;No aplica;11
CDFSJT00081;1;2022-07-22;3;2;PERÚ;3;10;7;CEDIF SAN JUDAS TADEO;2023-10-16;1;1;1;No aplica;11
CDFSJT00082;2;2021-03-23;4;2;PERÚ;3;10;7;CEDIF SAN JUDAS TADEO;2024-02-09;1;1;1;No aplica;11
CDFSJT00083;2;2021-03-16;4;2;PERÚ;3;10;7;CEDIF SAN JUDAS TADEO;2023-02-27;1;1;1;No aplica;11
CDFSJT00084;1;2021-01-19;5;2;PERÚ;3;10;7;CEDIF SAN JUDAS TADEO;2023-01-09;1;1;1;No aplica;11
CDFSJT00085;1;2023-12-07;2;2;PERÚ;3;10;7;CEDIF SAN JUDAS TADEO;2025-01-23;1;1;1;No aplica;11
CDFSJT00085;2;2021-08-05;4;2;PERÚ;3;10;7;CEDIF SAN JUDAS TADEO;2025-01-23;1;1;1;No aplica;11
CDFSJT00086;1;2023-04-26;2;2;PERÚ;3;10;7;CEDIF SAN JUDAS TADEO;2025-03-13;1;1;1;No aplica;11
CDFSJT00087;2;2022-03-02;3;2;PERÚ;3;10;7;CEDIF SAN JUDAS TADEO;2024-03-02;1;1;1;No aplica;11
CDFSJT00087;1;2014-12-08;11;3;PERÚ;3;10;7;CEDIF SAN JUDAS TADEO;2024-03-19;1;1;1;No aplica;11
CDFSJT00088;1;2022-06-18;3;2;PERÚ;3;10;7;CEDIF SAN JUDAS TADEO;2024-04-23;1;1;1;No aplica;11
CDFSJT00089;2;2024-04-09;1;2;PERÚ;3;10;7;CEDIF SAN JUDAS TADEO;2026-01-28;1;2;1;No aplica;11
CDFSJT00090;2;2024-01-03;2;2;PERÚ;3;10;7;CEDIF SAN JUDAS TADEO;2026-01-28;1;1;1;No aplica;11
CDFSJT00090;1;2021-06-16;4;2;PERÚ;3;10;7;CEDIF SAN JUDAS TADEO;2026-01-28;1;1;1;No aplica;11
CDFSJT00091;1;2024-10-26;1;2;PERÚ;3;10;7;CEDIF SAN JUDAS TADEO;2026-01-19;1;1;1;No aplica;11
CDFSJT00092;1;2024-04-23;1;2;PERÚ;3;10;7;CEDIF SAN JUDAS TADEO;2026-01-28;1;1;1;No aplica;11
CDFSJT00093;2;2019-10-04;6;3;PERÚ;3;10;7;CEDIF SAN JUDAS TADEO;2026-01-21;1;1;1;No aplica;11
CDFSJT00094;1;2023-08-14;2;2;PERÚ;3;10;7;CEDIF SAN JUDAS TADEO;2025-02-10;1;1;1;No aplica;11
CDFSJT00095;1;2022-07-20;3;2;PERÚ;3;10;7;CEDIF SAN JUDAS TADEO;2024-01-08;1;1;2;2026-02-27;10
CDFSJT00096;2;2021-09-14;4;2;PERÚ;3;10;7;CEDIF SAN JUDAS TADEO;2024-05-03;1;1;2;2026-02-27;10
CDFSJT00097;1;2021-05-08;4;2;PERÚ;3;10;7;CEDIF SAN JUDAS TADEO;2023-03-22;1;1;2;2026-02-27;10
CDFSJT00097;1;2011-11-26;14;4;PERÚ;3;10;7;CEDIF SAN JUDAS TADEO;2023-03-22;1;1;2;2026-02-27;10
CDFSJT00098;2;2021-07-30;4;2;PERÚ;3;10;7;CEDIF SAN JUDAS TADEO;2023-05-10;1;1;2;2026-02-27;10
CDFSJT00099;2;2020-12-04;5;2;PERÚ;3;10;7;CEDIF SAN JUDAS TADEO;2025-01-15;1;1;2;2026-02-27;10
CDFSJT00100;1;2022-03-17;3;2;PERÚ;3;10;7;CEDIF SAN JUDAS TADEO;2025-01-28;1;1;2;2026-02-27;10
CDFSJT00101;2;2019-12-22;6;3;PERÚ;3;10;7;CEDIF SAN JUDAS TADEO;2025-02-06;1;1;2;2026-02-27;10
CDFSJT00101;2;2017-06-30;8;3;PERÚ;3;10;7;CEDIF SAN JUDAS TADEO;2025-02-06;1;1;2;2026-02-27;10
CDFSJT00101;1;2014-07-17;11;3;PERÚ;3;10;7;CEDIF SAN JUDAS TADEO;2025-02-06;1;1;2;2026-02-27;10
CDFSJT00094;1;2020-04-26;5;2;PERÚ;3;10;7;CEDIF SAN JUDAS TADEO;2025-02-10;1;1;2;2026-02-02;10
CDFSJT00103;2;2022-07-10;3;2;PERÚ;3;10;7;CEDIF SAN JUDAS TADEO;2025-02-13;1;1;2;2026-02-27;10
CDFSJT00104;2;2020-02-14;6;3;PERÚ;3;10;7;CEDIF SAN JUDAS TADEO;2025-06-20;1;1;2;2026-02-27;10
CDFSJT00105;1;2022-09-15;3;2;PERÚ;3;10;7;CEDIF SAN JUDAS TADEO;2025-09-09;1;1;2;2026-02-27;10
CDFSJT00106;1;2025-02-06;1;2;PERÚ;3;10;7;CEDIF SAN JUDAS TADEO;2025-11-18;1;1;2;2026-02-27;10
398;2;2015-12-06;10;3;PERÚ;3;10;7;CEDIF CAJAMARCA;2022-07-25;1;1;1;No aplica;11
415;2;2014-10-26;11;3;PERÚ;3;10;7;CEDIF CAJAMARCA;2022-08-26;1;1;1;No aplica;11
297;1;2018-04-20;7;3;PERÚ;3;10;7;CEDIF CAJAMARCA;2022-02-25;1;1;1;No aplica;11
297;1;2012-03-01;13;4;PERÚ;3;10;7;CEDIF CAJAMARCA;2022-02-25;3;1;1;No aplica;11
446;1;2017-10-28;8;3;PERÚ;3;10;7;CEDIF CAJAMARCA;2023-03-27;1;1;1;No aplica;11
449;2;2015-04-07;10;3;PERÚ;3;10;7;CEDIF CAJAMARCA;2023-03-27;1;1;2;2026-01-29;1
453;1;2014-05-01;11;3;PERÚ;3;10;7;CEDIF CAJAMARCA;2023-03-27;1;1;1;No aplica;11
454;1;2017-01-04;9;3;PERÚ;3;10;7;CEDIF CAJAMARCA;2023-03-27;1;1;1;No aplica;11
454;2;2015-01-10;11;3;PERÚ;3;10;7;CEDIF CAJAMARCA;2023-03-27;1;1;1;No aplica;11
457;1;2018-09-12;7;3;PERÚ;2;10;7;CEDIF CAJAMARCA;2023-04-24;1;1;1;No aplica;11
459;2;2014-11-25;11;3;PERÚ;3;10;7;CEDIF CAJAMARCA;2023-04-24;1;1;1;No aplica;11
461;1;2016-07-02;9;3;PERÚ;3;10;7;CEDIF CAJAMARCA;2023-04-24;1;1;1;No aplica;11
463;2;2010-07-26;15;4;PERÚ;3;10;7;CEDIF CAJAMARCA;2023-04-24;1;1;1;No aplica;11
472;1;2014-09-17;11;3;PERÚ;3;10;7;CEDIF CAJAMARCA;2023-06-26;1;1;1;No aplica;11
472;2;2008-03-13;17;4;PERÚ;1;10;7;CEDIF CAJAMARCA;2023-06-26;3;1;1;No aplica;11
479;2;2017-03-25;8;3;PERÚ;3;10;7;CEDIF CAJAMARCA;2023-06-26;1;1;1;No aplica;11
479;2;2014-11-03;11;3;PERÚ;3;10;7;CEDIF CAJAMARCA;2023-06-26;1;1;1;No aplica;11
479;2;2013-03-19;12;4;PERÚ;3;10;7;CEDIF CAJAMARCA;2023-06-26;1;1;1;No aplica;11
479;1;2010-12-15;15;4;PERÚ;3;10;7;CEDIF CAJAMARCA;2023-06-26;3;1;1;No aplica;11
482;2;2016-04-24;9;3;PERÚ;3;10;7;CEDIF CAJAMARCA;2023-07-27;1;2;1;No aplica;11
484;1;2013-08-04;12;4;PERÚ;3;10;7;CEDIF CAJAMARCA;2023-07-27;1;1;1;No aplica;11
488;1;2008-07-17;17;4;PERÚ;3;10;7;CEDIF CAJAMARCA;2023-08-25;3;1;1;No aplica;11
495;1;2019-10-03;6;3;PERÚ;3;10;7;CEDIF CAJAMARCA;2023-10-27;1;1;1;No aplica;11
495;2;2017-01-20;9;3;PERÚ;3;10;7;CEDIF CAJAMARCA;2023-10-27;1;1;1;No aplica;11
495;1;2010-10-28;15;4;PERÚ;3;10;7;CEDIF CAJAMARCA;2023-10-27;3;1;1;No aplica;11
496;2;2014-03-10;11;3;PERÚ;3;10;7;CEDIF CAJAMARCA;2023-10-27;1;2;1;No aplica;11
505;1;2014-02-01;12;4;PERÚ;3;10;7;CEDIF CAJAMARCA;2023-11-27;3;1;1;No aplica;11
506;2;2016-09-15;9;3;PERÚ;3;10;7;CEDIF CAJAMARCA;2023-11-27;1;1;1;No aplica;11
506;1;2014-07-25;11;3;PERÚ;3;10;7;CEDIF CAJAMARCA;2023-11-27;1;1;1;No aplica;11
509;2;2018-12-14;7;3;PERÚ;3;10;7;CEDIF CAJAMARCA;2023-11-27;1;1;1;No aplica;11
509;1;2016-05-22;9;3;PERÚ;3;10;7;CEDIF CAJAMARCA;2023-11-27;1;1;1;No aplica;11
513;2;2012-05-05;13;4;PERÚ;3;10;7;CEDIF CAJAMARCA;2024-01-26;1;1;2;2026-01-29;1
513;2;2010-08-08;15;4;PERÚ;3;10;7;CEDIF CAJAMARCA;2024-01-26;1;1;2;2026-01-29;1
519;1;2009-10-04;16;4;PERÚ;3;10;7;CEDIF CAJAMARCA;2024-01-26;1;1;2;2026-02-27;1
530;2;2014-01-20;12;4;PERÚ;3;10;7;CEDIF CAJAMARCA;2024-01-26;1;1;1;No aplica;11
533;2;2018-12-16;7;3;PERÚ;3;10;7;CEDIF CAJAMARCA;2024-01-26;1;1;2;2026-02-27;4
536;2;2019-02-27;7;3;PERÚ;3;10;7;CEDIF CAJAMARCA;2024-03-12;1;1;1;No aplica;11
536;2;2016-10-06;9;3;PERÚ;3;10;7;CEDIF CAJAMARCA;2024-03-12;1;1;1;No aplica;11
536;2;2010-03-06;15;4;PERÚ;3;10;7;CEDIF CAJAMARCA;2024-03-12;3;1;1;No aplica;11
537;2;2015-02-03;11;3;PERÚ;3;10;7;CEDIF CAJAMARCA;2024-03-15;1;1;1;No aplica;11
537;2;2012-10-02;13;4;PERÚ;3;10;7;CEDIF CAJAMARCA;2024-03-15;4;1;1;No aplica;11
539;2;2012-07-24;13;4;PERÚ;3;10;7;CEDIF CAJAMARCA;2024-03-12;1;1;1;No aplica;11
505;1;2021-02-01;5;2;PERÚ;3;10;7;CEDIF CAJAMARCA;2024-03-13;1;1;1;No aplica;11
544;1;2017-07-27;8;3;PERÚ;3;10;7;CEDIF CAJAMARCA;2023-03-18;1;1;1;No aplica;11
544;2;2015-06-29;10;3;PERÚ;3;10;7;CEDIF CAJAMARCA;2023-03-18;1;1;1;No aplica;11
544;1;2010-11-17;15;4;PERÚ;1;10;7;CEDIF CAJAMARCA;2023-03-18;1;1;1;No aplica;11
545;1;2011-06-06;14;4;PERÚ;3;10;7;CEDIF CAJAMARCA;2024-05-12;3;1;1;No aplica;11
547;1;2020-06-07;5;2;PERÚ;3;10;7;CEDIF CAJAMARCA;2024-05-08;1;1;1;No aplica;11
547;1;2011-11-02;14;4;PERÚ;3;10;7;CEDIF CAJAMARCA;2024-05-08;1;1;2;2026-01-29;1
487;2;2014-07-26;11;3;PERÚ;3;10;7;CEDIF CAJAMARCA;2024-05-09;1;1;2;2026-01-29;4
548;1;2014-08-16;11;3;PERÚ;3;10;7;CEDIF CAJAMARCA;2024-05-10;1;1;1;No aplica;11
548;2;2011-11-22;14;4;PERÚ;3;10;7;CEDIF CAJAMARCA;2024-05-10;1;1;1;No aplica;11
551;1;2015-01-18;11;3;PERÚ;3;10;7;CEDIF CAJAMARCA;2024-05-06;1;1;1;No aplica;11
554;2;2021-01-27;5;2;PERÚ;3;10;7;CEDIF CAJAMARCA;2024-06-05;1;1;1;No aplica;11
554;2;2017-04-26;8;3;PERÚ;3;10;7;CEDIF CAJAMARCA;2024-06-05;1;1;1;No aplica;11
554;2;2014-10-22;11;3;PERÚ;3;10;7;CEDIF CAJAMARCA;2024-06-05;1;1;1;No aplica;11
555;1;2020-07-13;5;2;PERÚ;3;10;7;CEDIF CAJAMARCA;2024-06-06;1;1;1;No aplica;11
555;1;2013-08-31;12;4;PERÚ;3;10;7;CEDIF CAJAMARCA;2024-06-06;1;1;1;No aplica;11
557;1;2015-08-15;10;3;PERÚ;3;10;7;CEDIF CAJAMARCA;2024-06-04;1;1;1;No aplica;11
558;1;2018-02-16;8;3;PERÚ;3;10;7;CEDIF CAJAMARCA;2024-06-05;1;1;1;No aplica;11
559;1;2021-05-06;4;2;PERÚ;3;10;7;CEDIF CAJAMARCA;2024-06-03;1;1;1;No aplica;11
560;2;2017-09-23;8;3;PERÚ;3;10;7;CEDIF CAJAMARCA;2024-06-11;1;1;1;No aplica;11
565;1;2019-03-16;6;3;PERÚ;3;10;7;CEDIF CAJAMARCA;2024-07-09;1;2;1;No aplica;11
565;2;2014-06-26;11;3;PERÚ;3;10;7;CEDIF CAJAMARCA;2024-07-09;1;2;1;No aplica;11
565;1;2011-12-02;14;4;PERÚ;3;10;7;CEDIF CAJAMARCA;2024-07-09;3;2;1;No aplica;11
570;1;2021-04-11;4;2;PERÚ;3;10;7;CEDIF CAJAMARCA;2024-07-09;1;1;1;No aplica;11
571;1;2014-07-07;11;3;PERÚ;3;10;7;CEDIF CAJAMARCA;2024-08-13;1;1;1;No aplica;11
575;1;2021-07-22;4;2;PERÚ;3;10;7;CEDIF CAJAMARCA;2024-08-07;1;1;1;No aplica;11
575;1;2018-03-10;7;3;PERÚ;3;10;7;CEDIF CAJAMARCA;2024-08-07;1;1;1;No aplica;11
580;1;2008-12-14;17;4;PERÚ;3;10;7;CEDIF CAJAMARCA;2024-08-15;3;1;2;2026-01-29;9
591;1;2014-06-26;11;3;PERÚ;3;10;7;CEDIF CAJAMARCA;2024-10-04;1;1;2;2026-01-29;4
591;1;2011-05-17;14;4;PERÚ;3;10;7;CEDIF CAJAMARCA;2024-10-04;1;1;2;2026-01-29;4
592;2;2016-01-09;10;3;PERÚ;3;10;7;CEDIF CAJAMARCA;2024-09-16;1;1;1;No aplica;11
592;2;2014-04-11;11;3;PERÚ;3;10;7;CEDIF CAJAMARCA;2024-09-16;1;1;1;No aplica;11
593;1;2016-10-13;9;3;PERÚ;3;10;7;CEDIF CAJAMARCA;2024-09-24;1;1;2;2026-01-29;9
593;2;2013-03-31;12;4;PERÚ;3;10;7;CEDIF CAJAMARCA;2024-09-24;1;1;2;2026-01-29;9
238;1;2014-01-11;12;4;PERÚ;3;10;7;CEDIF CAJAMARCA;2024-10-17;1;1;1;No aplica;11
300;2;2018-12-16;7;3;PERÚ;3;10;7;CEDIF CAJAMARCA;2024-10-11;1;1;1;No aplica;11
300;1;2014-02-13;12;4;PERÚ;3;10;7;CEDIF CAJAMARCA;2024-10-11;1;1;1;No aplica;11
594;2;2017-12-12;8;3;PERÚ;3;10;7;CEDIF CAJAMARCA;2024-11-15;1;2;1;No aplica;11
597;2;2017-08-25;8;3;PERÚ;3;10;7;CEDIF CAJAMARCA;2024-11-08;1;1;1;No aplica;11
597;2;2015-07-09;10;3;PERÚ;3;10;7;CEDIF CAJAMARCA;2024-11-08;1;1;1;No aplica;11
599;2;2016-01-04;10;3;PERÚ;3;10;7;CEDIF CAJAMARCA;2024-11-16;1;1;1;No aplica;11
600;1;2017-04-04;8;3;PERÚ;3;10;7;CEDIF CAJAMARCA;2024-11-12;1;1;2;2026-01-29;9
600;2;2012-03-19;13;4;PERÚ;3;10;7;CEDIF CAJAMARCA;2024-11-12;1;1;2;2026-01-29;9
604;1;2017-08-16;8;3;PERÚ;3;10;7;CEDIF CAJAMARCA;2025-01-07;1;1;1;No aplica;11
605;1;2021-08-08;4;2;PERÚ;3;10;7;CEDIF CAJAMARCA;2025-01-09;1;1;2;2026-02-27;10
605;2;2017-05-02;8;3;PERÚ;3;10;7;CEDIF CAJAMARCA;2025-01-09;1;1;2;2026-02-27;10
605;2;2012-05-11;13;4;PERÚ;3;10;7;CEDIF CAJAMARCA;2025-01-09;3;1;2;2026-02-27;10
449;2;2021-11-21;4;2;PERÚ;3;10;7;CEDIF CAJAMARCA;2025-01-28;1;1;2;2026-01-29;1
607;1;2013-03-20;12;4;PERÚ;3;10;7;CEDIF CAJAMARCA;2025-01-23;1;1;1;No aplica;11
607;2;2011-11-21;14;4;PERÚ;3;10;7;CEDIF CAJAMARCA;2025-01-23;3;1;1;No aplica;11
265;1;2021-06-20;4;2;PERÚ;3;10;7;CEDIF CAJAMARCA;2025-02-05;1;1;1;No aplica;11
265;2;2017-08-07;8;3;PERÚ;3;10;7;CEDIF CAJAMARCA;2025-02-05;1;1;1;No aplica;11
608;2;2018-03-22;7;3;PERÚ;3;10;7;CEDIF CAJAMARCA;2025-02-14;1;1;1;No aplica;11
608;2;2014-11-07;11;3;PERÚ;3;10;7;CEDIF CAJAMARCA;2025-02-14;1;1;1;No aplica;11
608;2;2011-01-07;15;4;PERÚ;3;10;7;CEDIF CAJAMARCA;2025-02-14;3;1;1;No aplica;11
609;1;2014-04-08;11;3;PERÚ;3;10;7;CEDIF CAJAMARCA;2025-02-04;1;1;1;No aplica;11
610;1;2018-05-18;7;3;PERÚ;3;10;7;CEDIF CAJAMARCA;2025-02-05;1;1;1;No aplica;11
610;1;2014-09-07;11;3;PERÚ;3;10;7;CEDIF CAJAMARCA;2025-02-05;1;1;1;No aplica;11
611;2;2019-06-08;6;3;PERÚ;3;10;7;CEDIF CAJAMARCA;2025-02-11;5;1;1;No aplica;11
611;1;2015-02-02;11;3;PERÚ;3;10;7;CEDIF CAJAMARCA;2025-02-11;5;1;1;No aplica;11
238;2;2017-01-28;9;3;PERÚ;3;10;7;CEDIF CAJAMARCA;2025-02-06;1;1;1;No aplica;11
613;1;2017-12-28;8;3;PERÚ;3;10;7;CEDIF CAJAMARCA;2025-02-13;1;1;1;No aplica;11
613;1;2015-07-19;10;3;PERÚ;3;10;7;CEDIF CAJAMARCA;2025-02-13;1;1;1;No aplica;11
614;2;2012-09-06;13;4;PERÚ;3;10;7;CEDIF CAJAMARCA;2025-02-07;1;1;1;No aplica;11
614;1;2010-09-21;15;4;PERÚ;3;10;7;CEDIF CAJAMARCA;2025-02-07;3;1;1;No aplica;11
615;2;2017-07-31;8;3;PERÚ;3;10;7;CEDIF CAJAMARCA;2025-02-11;1;1;1;No aplica;11
616;1;2016-12-25;9;3;PERÚ;3;10;7;CEDIF CAJAMARCA;2025-02-13;1;1;1;No aplica;11
619;1;2015-09-16;10;3;PERÚ;3;10;7;CEDIF CAJAMARCA;2025-01-30;1;1;1;No aplica;11
619;2;2014-05-21;11;3;PERÚ;3;10;7;CEDIF CAJAMARCA;2025-01-30;1;1;1;No aplica;11
621;1;2022-03-23;3;2;PERÚ;3;10;7;CEDIF CAJAMARCA;2025-03-11;1;1;1;No aplica;11
621;1;2018-06-09;7;3;PERÚ;3;10;7;CEDIF CAJAMARCA;2025-03-11;1;1;1;No aplica;11
622;2;2015-03-28;10;3;PERÚ;3;10;7;CEDIF CAJAMARCA;2025-03-12;1;1;2;2026-01-29;3
624;2;2009-07-12;16;4;PERÚ;3;10;7;CEDIF CAJAMARCA;2025-04-01;2;1;1;No aplica;11
625;2;2015-04-25;10;3;PERÚ;3;10;7;CEDIF CAJAMARCA;2025-04-10;1;1;1;No aplica;11
626;1;2018-01-15;8;3;PERÚ;3;10;7;CEDIF CAJAMARCA;2025-04-10;1;1;1;No aplica;11
627;1;2014-10-13;11;3;PERÚ;3;10;7;CEDIF CAJAMARCA;2025-04-02;1;1;1;No aplica;11
628;1;2015-07-05;10;3;PERÚ;3;10;7;CEDIF CAJAMARCA;2025-04-04;1;1;2;2026-01-29;1
628;2;2012-10-28;13;4;PERÚ;3;10;7;CEDIF CAJAMARCA;2025-04-04;3;1;2;2026-01-29;1
629;1;2017-07-07;8;3;PERÚ;3;10;7;CEDIF CAJAMARCA;2025-04-05;1;1;1;No aplica;11
629;1;2016-02-23;10;3;PERÚ;3;10;7;CEDIF CAJAMARCA;2025-04-05;1;1;1;No aplica;11
241;2;2015-04-29;10;3;PERÚ;3;10;7;CEDIF CAJAMARCA;2025-04-08;3;1;1;No aplica;11
632;2;2017-12-12;8;3;PERÚ;3;10;7;CEDIF CAJAMARCA;2025-04-10;1;1;2;2026-01-29;9
634;1;2016-08-27;9;3;PERÚ;3;10;7;CEDIF CAJAMARCA;2025-04-09;1;1;1;No aplica;11
634;2;2013-12-11;12;4;PERÚ;3;10;7;CEDIF CAJAMARCA;2025-04-09;1;1;1;No aplica;11
635;1;2020-12-16;5;2;PERÚ;3;10;7;CEDIF CAJAMARCA;2025-04-02;1;1;2;2026-01-29;4
635;2;2013-06-18;12;4;PERÚ;3;10;7;CEDIF CAJAMARCA;2025-04-02;1;1;2;2026-01-29;4
636;2;2017-01-14;9;3;PERÚ;3;10;7;CEDIF CAJAMARCA;2025-04-07;1;1;1;No aplica;11
636;2;2014-10-31;11;3;PERÚ;3;10;7;CEDIF CAJAMARCA;2025-04-07;1;1;1;No aplica;11
458;1;2019-07-04;6;3;PERÚ;3;10;7;CEDIF CAJAMARCA;2025-04-02;1;1;1;No aplica;11
637;2;2016-11-23;9;3;PERÚ;3;10;7;CEDIF CAJAMARCA;2025-04-10;1;1;1;No aplica;11
329;2;2016-10-30;9;3;PERÚ;3;10;7;CEDIF CAJAMARCA;2025-04-09;1;1;1;No aplica;11
329;1;2022-01-02;4;2;PERÚ;3;10;7;CEDIF CAJAMARCA;2025-04-09;1;1;1;No aplica;11
638;1;2015-11-09;10;3;PERÚ;3;10;7;CEDIF CAJAMARCA;2025-04-08;1;1;1;No aplica;11
639;1;2020-04-20;5;2;PERÚ;3;10;7;CEDIF CAJAMARCA;2025-05-08;1;1;1;No aplica;11
639;2;2014-11-04;11;3;PERÚ;3;10;7;CEDIF CAJAMARCA;2025-05-08;1;1;1;No aplica;11
641;2;2016-05-19;9;3;PERÚ;3;10;7;CEDIF CAJAMARCA;2025-05-02;1;1;1;No aplica;11
641;2;2013-12-15;12;4;PERÚ;3;10;7;CEDIF CAJAMARCA;2025-05-02;3;1;1;No aplica;11
642;1;2021-03-18;4;2;PERÚ;3;10;7;CEDIF CAJAMARCA;2025-05-19;7;1;2;2026-01-29;2
642;1;2019-03-17;6;3;PERÚ;3;10;7;CEDIF CAJAMARCA;2025-05-19;7;1;2;2026-01-29;2
310;2;2014-04-08;11;3;PERÚ;3;10;7;CEDIF CAJAMARCA;2021-05-25;3;1;1;No aplica;11
310;1;2012-04-17;13;4;PERÚ;3;10;7;CEDIF CAJAMARCA;2021-05-25;3;1;1;No aplica;11
310;2;2011-02-21;15;4;PERÚ;3;10;7;CEDIF CAJAMARCA;2021-05-25;3;1;1;No aplica;11
643;2;2015-08-11;10;3;PERÚ;3;10;7;CEDIF CAJAMARCA;2025-05-21;3;2;1;No aplica;11
643;1;2011-10-15;14;4;PERÚ;3;10;7;CEDIF CAJAMARCA;2025-05-21;3;2;1;No aplica;11
644;2;2018-11-07;7;3;PERÚ;3;10;7;CEDIF CAJAMARCA;2025-06-06;1;1;1;No aplica;11
644;2;2017-06-08;8;3;PERÚ;3;10;7;CEDIF CAJAMARCA;2025-06-06;1;1;1;No aplica;11
645;1;2016-05-14;9;3;PERÚ;3;10;7;CEDIF CAJAMARCA;2025-06-05;1;1;2;2026-01-29;1
646;2;2018-11-17;7;3;PERÚ;3;10;7;CEDIF CAJAMARCA;2025-06-03;1;1;1;No aplica;11
646;1;2012-07-08;13;4;PERÚ;3;10;7;CEDIF CAJAMARCA;2025-06-03;3;1;1;No aplica;11
647;2;2016-03-10;9;3;PERÚ;3;10;7;CEDIF CAJAMARCA;2025-07-02;1;2;2;2026-02-27;10
131;2;2013-03-22;12;4;COLOMBIA;3;10;5;CEDIF CAJAMARCA;2025-07-04;1;2;1;No aplica;11
131;1;2011-02-12;15;4;COLOMBIA;3;10;5;CEDIF CAJAMARCA;2025-07-04;1;2;1;No aplica;11
265;1;2011-11-05;14;4;PERÚ;3;10;7;CEDIF CAJAMARCA;2025-07-14;1;1;1;No aplica;11
326;1;2014-08-22;11;3;PERÚ;3;10;7;CEDIF CAJAMARCA;2025-07-08;1;1;1;No aplica;11
379;2;2013-02-06;13;4;PERÚ;3;10;7;CEDIF CAJAMARCA;2022-03-25;1;1;2;2026-01-29;4
333;2;2013-12-30;12;4;PERÚ;3;10;7;CEDIF CAJAMARCA;2022-01-28;1;1;1;No aplica;11
288;2;2018-01-04;8;3;PERÚ;3;10;7;CEDIF CAJAMARCA;2021-01-25;1;2;1;No aplica;11
356;2;2013-12-06;12;4;PERÚ;3;10;7;CEDIF CAJAMARCA;2022-02-25;3;1;1;No aplica;11
648;2;2018-11-05;7;3;PERÚ;3;10;7;CEDIF CAJAMARCA;2025-07-22;1;1;2;2026-02-27;1
649;2;2022-02-02;4;2;PERÚ;3;10;7;CEDIF CAJAMARCA;2025-08-14;1;1;2;2026-01-29;2
649;2;2017-12-24;8;3;PERÚ;3;10;7;CEDIF CAJAMARCA;2025-08-14;1;1;2;2026-01-29;2
559;2;2022-07-13;3;2;PERÚ;3;10;7;CEDIF CAJAMARCA;2025-08-01;1;1;1;No aplica;11
650;1;2015-05-02;10;3;PERÚ;3;10;7;CEDIF CAJAMARCA;2025-08-05;1;1;1;No aplica;11
651;1;2022-07-14;3;2;PERÚ;3;10;7;CEDIF CAJAMARCA;2025-08-07;1;1;1;No aplica;11
652;1;2022-03-01;3;2;PERÚ;3;10;7;CEDIF CAJAMARCA;2025-08-07;1;1;2;2026-02-27;1
652;2;2020-07-20;5;2;PERÚ;3;10;7;CEDIF CAJAMARCA;2025-08-07;1;1;2;2026-02-27;1
652;2;2012-06-08;13;4;PERÚ;3;10;7;CEDIF CAJAMARCA;2025-08-07;3;1;2;2026-02-27;1
625;1;2022-07-06;3;2;PERÚ;3;10;7;CEDIF CAJAMARCA;2025-08-12;1;1;1;No aplica;11
625;1;2022-07-06;3;2;PERÚ;3;10;7;CEDIF CAJAMARCA;2025-08-12;1;1;1;No aplica;11
653;2;2019-10-24;6;3;PERÚ;3;10;7;CEDIF CAJAMARCA;2025-08-13;1;1;1;No aplica;11
654;1;2020-01-23;6;3;PERÚ;3;10;7;CEDIF CAJAMARCA;2025-09-01;1;1;1;No aplica;11
655;2;2017-12-15;8;3;PERÚ;3;10;7;CEDIF CAJAMARCA;2025-09-08;1;1;1;No aplica;11
656;1;2016-09-18;9;3;PERÚ;3;10;7;CEDIF CAJAMARCA;2025-09-09;1;1;1;No aplica;11
657;1;2017-07-05;8;3;PERÚ;3;10;7;CEDIF CAJAMARCA;2025-09-15;1;1;1;No aplica;11
658;2;2017-04-29;8;3;PERÚ;3;10;7;CEDIF CAJAMARCA;2025-10-09;1;1;1;No aplica;11
659;1;2018-05-22;7;3;PERÚ;3;10;7;CEDIF CAJAMARCA;2025-10-14;3;1;1;No aplica;11
660;1;2017-08-10;8;3;PERÚ;3;10;7;CEDIF CAJAMARCA;2025-10-02;1;1;1;No aplica;11
661;2;2022-07-24;3;2;PERÚ;3;10;7;CEDIF CAJAMARCA;2025-10-03;1;1;1;No aplica;11
597;1;2022-04-25;3;2;PERÚ;3;10;7;CEDIF CAJAMARCA;2025-10-06;1;1;1;No aplica;11
662;2;2018-11-14;7;3;PERÚ;3;10;7;CEDIF CAJAMARCA;2025-10-13;1;1;1;No aplica;11
663;1;2014-11-09;11;3;PERÚ;3;10;7;CEDIF CAJAMARCA;2025-10-16;1;1;1;No aplica;11
664;1;2022-01-20;4;2;PERÚ;3;10;7;CEDIF CAJAMARCA;2025-11-04;1;1;1;No aplica;11
665;1;2012-05-29;13;4;PERÚ;3;10;7;CEDIF CAJAMARCA;2025-11-06;3;1;1;No aplica;11
665;1;2011-04-04;14;4;PERÚ;3;10;7;CEDIF CAJAMARCA;2025-11-06;3;1;1;No aplica;11
665;2;2010-08-26;15;4;PERÚ;3;10;7;CEDIF CAJAMARCA;2025-11-06;3;1;1;No aplica;11
666;1;2010-08-30;15;4;PERÚ;3;10;7;CEDIF CAJAMARCA;2025-11-07;3;1;1;No aplica;11
667;1;2017-03-31;8;3;PERÚ;3;10;7;CEDIF CAJAMARCA;2025-11-10;1;1;1;No aplica;11
668;2;2009-12-04;16;4;PERÚ;3;10;7;CEDIF CAJAMARCA;2025-11-11;3;1;1;No aplica;11
668;2;2009-12-04;16;4;PERÚ;3;10;7;CEDIF CAJAMARCA;2025-11-11;3;1;1;No aplica;11
669;2;2015-12-29;10;3;PERÚ;3;10;7;CEDIF CAJAMARCA;2025-11-12;1;1;1;No aplica;11
670;1;2018-02-02;8;3;PERÚ;3;10;7;CEDIF CAJAMARCA;2025-11-05;3;1;1;No aplica;11
670;1;2015-03-25;10;3;PERÚ;3;10;7;CEDIF CAJAMARCA;2025-11-05;3;1;1;No aplica;11
671;2;2010-06-24;15;4;PERÚ;3;10;7;CEDIF CAJAMARCA;2025-11-14;3;1;1;No aplica;11
672;1;2018-05-10;7;3;PERÚ;3;10;7;CEDIF CAJAMARCA;2025-11-14;1;1;1;No aplica;11
672;1;2015-02-24;11;3;PERÚ;3;10;7;CEDIF CAJAMARCA;2025-11-14;3;1;1;No aplica;11
330;1;2009-10-31;16;4;PERÚ;3;10;7;CEDIF CAJAMARCA;2025-11-12;3;1;1;No aplica;11
673;1;2015-01-09;11;3;PERÚ;3;10;7;CEDIF CAJAMARCA;2025-12-03;1;1;1;No aplica;11
594;2;2022-10-17;3;2;PERÚ;3;10;7;CEDIF CAJAMARCA;2025-12-05;1;1;1;No aplica;11
674;1;2019-05-20;6;3;PERÚ;3;10;7;CEDIF CAJAMARCA;2026-01-06;1;1;1;No aplica;11
675;1;2019-01-06;7;3;PERÚ;3;10;7;CEDIF CAJAMARCA;2026-01-05;1;1;1;No aplica;11
675;1;2013-08-22;12;4;PERÚ;3;10;7;CEDIF CAJAMARCA;2026-01-05;3;1;1;No aplica;11
675;2;2012-06-14;13;4;PERÚ;3;10;7;CEDIF CAJAMARCA;2026-01-05;3;1;1;No aplica;11
676;1;2020-07-21;5;2;PERÚ;3;10;7;CEDIF CAJAMARCA;2026-01-07;1;1;1;No aplica;11
677;2;2021-05-01;4;2;PERÚ;3;10;7;CEDIF CAJAMARCA;2026-01-08;1;1;1;No aplica;11
677;2;2019-12-22;6;3;PERÚ;3;10;7;CEDIF CAJAMARCA;2026-01-08;1;1;1;No aplica;11
678;2;2016-07-26;9;3;PERÚ;3;10;7;CEDIF CAJAMARCA;2026-01-12;1;1;1;No aplica;11
679;2;2021-12-23;4;2;PERÚ;3;10;7;CEDIF CAJAMARCA;2026-01-09;1;1;1;No aplica;11
679;2;2017-08-14;8;3;PERÚ;3;10;7;CEDIF CAJAMARCA;2026-01-09;1;1;1;No aplica;11
680;1;2021-07-12;4;2;PERÚ;3;10;7;CEDIF CAJAMARCA;2026-01-13;1;1;1;No aplica;11
680;1;2019-11-14;6;3;PERÚ;3;10;7;CEDIF CAJAMARCA;2026-01-13;1;1;1;No aplica;11
681;2;2019-12-07;6;3;PERÚ;3;10;7;CEDIF CAJAMARCA;2026-01-09;1;1;1;No aplica;11
681;2;2015-10-12;10;3;PERÚ;3;10;7;CEDIF CAJAMARCA;2026-01-09;1;1;1;No aplica;11
682;2;2021-03-26;4;2;PERÚ;3;10;7;CEDIF CAJAMARCA;2026-01-05;1;1;1;No aplica;11
555;2;2022-12-05;3;2;PERÚ;3;10;7;CEDIF CAJAMARCA;2026-01-07;1;1;1;No aplica;11
683;2;2017-01-17;9;3;PERÚ;3;10;7;CEDIF CAJAMARCA;2026-01-12;1;1;1;No aplica;11
683;1;2014-12-03;11;3;PERÚ;3;10;7;CEDIF CAJAMARCA;2026-01-12;3;1;1;No aplica;11
684;2;2022-06-04;3;2;PERÚ;3;10;7;CEDIF CAJAMARCA;2026-01-14;1;1;1;No aplica;11
684;1;2020-02-15;6;3;PERÚ;3;10;7;CEDIF CAJAMARCA;2026-01-14;1;1;1;No aplica;11
684;2;2016-03-14;9;3;PERÚ;3;10;7;CEDIF CAJAMARCA;2026-01-14;1;1;1;No aplica;11
684;2;2009-11-24;16;4;PERÚ;3;10;7;CEDIF CAJAMARCA;2026-01-14;3;1;1;No aplica;11
685;1;2016-12-16;9;3;PERÚ;3;10;7;CEDIF CAJAMARCA;2026-01-13;1;2;1;No aplica;11
685;1;2014-03-14;11;3;PERÚ;3;10;7;CEDIF CAJAMARCA;2026-01-13;1;2;1;No aplica;11
685;2;2012-08-21;13;4;PERÚ;3;10;7;CEDIF CAJAMARCA;2026-01-13;3;2;1;No aplica;11
121200577;2;2018-09-03;7;3;PERÚ;3;2;2;CEDIF JULI;2025-03-03;1;1;1;No aplica;11
121200577;2;2014-08-20;11;3;PERÚ;3;2;2;CEDIF JULI;2025-03-03;1;1;1;No aplica;11
121200577;2;2010-01-27;16;4;PERÚ;3;2;2;CEDIF JULI;2025-03-03;1;1;2;2026-02-02;10
121200534;1;2015-08-07;10;3;PERÚ;3;2;2;CEDIF JULI;2024-03-04;1;1;1;No aplica;11
121200534;2;2018-01-02;8;3;PERÚ;3;2;2;CEDIF JULI;2024-03-04;1;1;1;No aplica;11
121200639;2;2017-07-12;8;3;PERÚ;3;2;2;CEDIF JULI;2025-01-20;2;1;1;No aplica;11
121200639;2;2012-09-28;13;4;PERÚ;3;2;2;CEDIF JULI;2025-01-20;2;1;1;No aplica;11
121200599;1;2021-09-16;4;2;PERÚ;3;2;2;CEDIF JULI;2025-01-06;8;1;1;No aplica;11
121200707;1;2014-10-19;11;3;PERÚ;3;2;2;CEDIF JULI;2025-07-01;2;1;1;No aplica;11
121200707;1;2013-08-31;12;4;PERÚ;3;2;2;CEDIF JULI;2025-07-01;2;1;1;No aplica;11
121200707;2;2010-07-06;15;4;PERÚ;3;2;2;CEDIF JULI;2025-07-01;2;1;2;2026-02-02;10
121200696;1;2015-05-10;10;3;PERÚ;3;2;2;CEDIF JULI;2025-05-01;1;1;1;No aplica;11
121200696;1;2013-04-10;12;4;PERÚ;3;2;2;CEDIF JULI;2025-05-02;1;1;1;No aplica;11
121200442;2;2016-05-06;9;3;PERÚ;3;2;2;CEDIF JULI;2023-06-05;1;1;1;No aplica;11
121200716;1;2015-10-24;10;3;PERÚ;3;2;2;CEDIF JULI;2025-11-01;1;1;1;No aplica;11
121200710;1;2016-04-28;9;3;PERÚ;3;2;2;CEDIF JULI;2025-09-01;1;1;1;No aplica;11
121200522;1;2021-03-17;4;2;PERÚ;3;2;2;CEDIF JULI;2024-03-04;1;1;1;No aplica;11
121200522;2;2015-09-26;10;3;PERÚ;3;2;2;CEDIF JULI;2024-03-04;1;1;1;No aplica;11
121200718;1;2016-08-24;9;3;PERÚ;3;2;2;CEDIF JULI;2025-11-01;1;1;1;No aplica;11
121200718;1;2012-11-27;13;4;PERÚ;3;2;2;CEDIF JULI;2025-11-01;1;1;1;No aplica;11
121200672;1;2020-09-08;5;2;PERÚ;3;2;2;CEDIF JULI;2025-03-03;1;1;1;No aplica;11
121200675;1;2022-02-04;4;2;PERÚ;3;2;2;CEDIF JULI;2025-03-03;1;1;1;No aplica;11
121200663;1;2018-12-04;7;3;PERÚ;3;2;2;CEDIF JULI;2025-03-03;1;1;1;No aplica;11
121200663;2;2016-02-26;10;3;PERÚ;3;2;2;CEDIF JULI;2025-03-03;1;1;1;No aplica;11
121200719;1;2017-07-25;8;3;PERÚ;3;2;2;CEDIF JULI;2025-11-01;1;1;1;No aplica;11
121200719;1;2013-11-08;12;4;PERÚ;3;2;2;CEDIF JULI;2025-11-01;1;1;1;No aplica;11
121200719;1;2009-10-16;16;4;PERÚ;3;2;2;CEDIF JULI;2025-11-01;1;1;1;No aplica;11
121200612;2;2019-06-06;6;3;PERÚ;3;2;2;CEDIF JULI;2025-01-13;4;1;1;No aplica;11
121200612;1;2019-06-06;6;3;PERÚ;3;2;2;CEDIF JULI;2025-01-13;4;1;1;No aplica;11
121200584;1;2020-04-16;5;2;PERÚ;3;2;2;CEDIF JULI;2024-07-01;4;1;1;No aplica;11
121200563;1;2018-01-20;8;3;PERÚ;3;2;2;CEDIF JULI;2025-03-03;1;1;1;No aplica;11
121200563;2;2009-08-08;16;4;PERÚ;3;2;2;CEDIF JULI;2025-03-03;1;1;2;2026-02-02;10
121200571;1;2016-09-26;9;3;PERÚ;3;2;2;CEDIF JULI;2024-04-03;1;1;2;2026-02-02;10
121200717;1;2014-01-16;12;4;PERÚ;3;2;2;CEDIF JULI;2025-11-01;1;1;2;2026-02-02;10
121200711;1;2017-02-20;9;3;PERÚ;3;2;2;CEDIF JULI;2025-09-01;1;1;1;No aplica;11
121200559;1;2021-06-25;4;2;PERÚ;3;2;2;CEDIF JULI;2025-01-06;1;1;2;2026-02-02;10
121200654;2;2022-03-09;3;2;PERÚ;3;2;2;CEDIF JULI;2025-03-03;1;1;1;No aplica;11
121200471;2;2016-11-10;9;3;PERÚ;3;2;2;CEDIF JULI;2024-01-08;1;1;1;No aplica;11
121200471;2;2013-07-06;12;4;PERÚ;3;2;2;CEDIF JULI;2024-01-08;4;1;1;No aplica;11
121200690;2;2021-12-24;4;2;PERÚ;3;2;2;CEDIF JULI;2025-03-03;1;1;1;No aplica;11
121200720;2;2021-09-07;4;2;PERÚ;3;2;2;CEDIF JULI;2026-01-07;1;1;1;No aplica;11
121200721;1;2017-04-30;8;3;PERÚ;3;2;2;CEDIF JULI;2026-01-07;1;1;1;No aplica;11
121200722;1;2018-03-24;7;3;PERÚ;3;2;2;CEDIF JULI;2026-01-07;1;1;1;No aplica;11
121200722;2;2015-10-30;10;3;PERÚ;3;2;2;CEDIF JULI;2026-01-07;1;1;1;No aplica;11
121200723;1;2022-06-20;3;2;PERÚ;3;2;2;CEDIF JULI;2026-01-05;1;1;1;No aplica;11
121200723;1;2022-06-20;3;2;PERÚ;3;2;2;CEDIF JULI;2026-01-05;1;1;1;No aplica;11
121200724;2;2022-05-19;3;2;PERÚ;3;2;2;CEDIF JULI;2026-01-05;1;1;1;No aplica;11
121200724;1;2017-06-07;8;3;PERÚ;3;2;2;CEDIF JULI;2026-01-05;1;1;1;No aplica;11
121200724;2;2012-05-15;13;4;PERÚ;3;2;2;CEDIF JULI;2026-01-05;1;1;1;No aplica;11
121200725;2;2019-01-18;7;3;PERÚ;3;2;2;CEDIF JULI;2026-01-07;1;1;1;No aplica;11
121200726;1;2010-04-18;15;4;PERÚ;3;2;2;CEDIF JULI;2026-01-07;1;1;1;No aplica;11
121200727;2;2012-01-20;14;4;PERÚ;3;2;2;CEDIF JULI;2026-01-07;1;1;1;No aplica;11
121200727;1;2009-12-05;16;4;PERÚ;3;2;2;CEDIF JULI;2026-01-07;1;1;1;No aplica;11
121200727;2;2020-10-17;5;2;PERÚ;3;2;2;CEDIF JULI;2026-01-07;1;1;2;2026-02-02;10
121200728;1;2022-12-07;3;2;PERÚ;3;2;2;CEDIF JULI;2026-01-07;1;1;1;No aplica;11
121200729;2;2017-01-13;9;3;PERÚ;3;2;2;CEDIF JULI;2026-01-07;1;1;1;No aplica;11
121200730;2;2015-08-14;10;3;PERÚ;3;2;2;CEDIF JULI;2026-01-07;1;1;1;No aplica;11
121200731;2;2022-07-01;3;2;PERÚ;3;2;2;CEDIF JULI;2026-01-07;1;1;1;No aplica;11
121200732;2;2014-07-21;11;3;PERÚ;3;2;2;CEDIF JULI;2026-01-07;1;1;1;No aplica;11
121200733;2;2022-08-15;3;2;PERÚ;3;2;2;CEDIF JULI;2026-01-07;1;1;1;No aplica;11
121200734;2;2022-12-15;3;2;PERÚ;3;2;2;CEDIF JULI;2026-01-07;1;1;1;No aplica;11
121200735;2;2022-10-06;3;2;PERÚ;3;2;2;CEDIF JULI;2026-01-07;1;1;1;No aplica;11
121200736;2;2014-02-11;12;4;PERÚ;3;2;2;CEDIF JULI;2026-01-07;1;1;1;No aplica;11
121200736;2;2012-08-12;13;4;PERÚ;3;2;2;CEDIF JULI;2026-01-07;1;1;1;No aplica;11
121200736;2;2009-07-11;16;4;PERÚ;3;2;2;CEDIF JULI;2026-01-07;1;1;1;No aplica;11
121200737;2;2015-06-23;10;3;PERÚ;3;2;2;CEDIF JULI;2026-01-07;1;1;1;No aplica;11
121200737;2;2010-10-18;15;4;PERÚ;3;2;2;CEDIF JULI;2026-01-07;1;1;2;2026-02-02;10
121200738;2;2022-01-20;4;2;PERÚ;3;2;2;CEDIF JULI;2026-01-07;1;1;2;2026-02-02;10
121200739;2;2022-04-07;3;2;PERÚ;3;2;2;CEDIF JULI;2026-01-07;1;1;1;No aplica;11
121200739;2;2017-12-17;8;3;PERÚ;3;2;2;CEDIF JULI;2026-01-07;1;1;1;No aplica;11
121200740;2;2018-02-13;8;3;PERÚ;3;2;2;CEDIF JULI;2026-01-07;1;1;1;No aplica;11
121200740;2;2016-03-06;9;3;PERÚ;3;2;2;CEDIF JULI;2026-01-07;1;1;1;No aplica;11
121200741;2;2022-12-14;3;2;PERÚ;3;2;2;CEDIF JULI;2026-01-07;1;1;1;No aplica;11
121200742;2;2016-11-16;9;3;PERÚ;3;2;2;CEDIF JULI;2026-01-07;1;1;1;No aplica;11
121200742;2;2012-10-04;13;4;PERÚ;3;2;2;CEDIF JULI;2026-01-07;1;1;1;No aplica;11
121200743;2;2020-12-21;5;2;PERÚ;3;2;2;CEDIF JULI;2026-01-07;1;1;1;No aplica;11
121200744;1;2018-08-07;7;3;PERÚ;3;2;2;CEDIF JULI;2026-01-07;1;1;1;No aplica;11
121200614;2;2014-12-10;11;3;PERÚ;3;2;2;CEDIF JULI;2026-01-07;1;1;1;No aplica;11
121200745;1;2016-04-25;9;3;PERÚ;3;2;2;CEDIF JULI;2026-01-07;1;1;1;No aplica;11
121200745;2;2013-05-23;12;4;PERÚ;3;2;2;CEDIF JULI;2026-01-07;1;1;1;No aplica;11
121200622;2;2013-02-07;13;4;PERÚ;3;2;2;CEDIF JULI;2026-01-07;1;1;1;No aplica;11
121200746;2;2023-01-30;3;2;PERÚ;3;2;2;CEDIF JULI;2026-01-07;1;1;1;No aplica;11
121200746;1;2013-06-30;12;4;PERÚ;3;2;2;CEDIF JULI;2026-01-07;1;1;1;No aplica;11
121200747;1;2021-03-13;4;2;PERÚ;3;2;2;CEDIF JULI;2026-01-07;1;1;2;2026-02-02;10
121200748;1;2022-03-17;3;2;PERÚ;3;2;2;CEDIF JULI;2026-01-07;1;1;1;No aplica;11
121200749;2;2020-09-01;5;2;PERÚ;3;2;2;CEDIF JULI;2026-01-07;1;1;1;No aplica;11
121200750;2;2018-04-24;7;3;PERÚ;3;2;2;CEDIF JULI;2026-01-07;1;1;1;No aplica;11
121200751;2;2015-05-21;10;3;PERÚ;3;2;2;CEDIF JULI;2026-01-07;1;1;1;No aplica;11
121200752;1;2017-04-12;8;3;PERÚ;3;2;2;CEDIF JULI;2026-01-07;1;1;1;No aplica;11
121200753;2;2019-07-23;6;3;PERÚ;3;2;2;CEDIF JULI;2026-01-07;1;1;1;No aplica;11
121200753;2;2011-03-28;14;4;PERÚ;3;2;2;CEDIF JULI;2026-01-07;1;1;1;No aplica;11
121200605;1;2022-04-24;3;2;PERÚ;3;2;2;CEDIF JULI;2026-01-07;1;1;1;No aplica;11
121200605;2;2017-03-26;8;3;PERÚ;3;2;2;CEDIF JULI;2026-01-07;1;1;1;No aplica;11
121200754;1;2018-07-11;7;3;PERÚ;3;2;2;CEDIF JULI;2026-01-07;1;1;1;No aplica;11
121200754;1;2016-11-16;9;3;PERÚ;3;2;2;CEDIF JULI;2026-01-07;1;1;1;No aplica;11
121200755;2;2014-08-07;11;3;PERÚ;3;2;2;CEDIF JULI;2026-01-07;1;1;1;No aplica;11
121200756;2;2019-09-18;6;3;PERÚ;3;2;2;CEDIF JULI;2026-01-07;1;1;1;No aplica;11
121200757;1;2017-07-25;8;3;PERÚ;3;2;2;CEDIF JULI;2026-01-07;1;1;1;No aplica;11
121200758;2;2021-08-11;4;2;PERÚ;3;2;2;CEDIF JULI;2026-01-07;1;1;1;No aplica;11
121200759;2;2022-01-22;4;2;PERÚ;3;2;2;CEDIF JULI;2026-01-07;1;1;1;No aplica;11
121200760;1;2015-11-27;10;3;PERÚ;3;2;2;CEDIF JULI;2026-01-07;1;1;1;No aplica;11
121200761;2;2022-07-21;3;2;PERÚ;3;2;2;CEDIF JULI;2026-01-07;1;1;1;No aplica;11
121200761;2;2022-07-21;3;2;PERÚ;3;2;2;CEDIF JULI;2026-01-07;1;1;1;No aplica;11
121200762;1;2022-09-07;3;2;PERÚ;3;2;2;CEDIF JULI;2026-01-07;1;1;1;No aplica;11
121200762;2;2018-01-18;8;3;PERÚ;3;2;2;CEDIF JULI;2026-01-07;1;1;1;No aplica;11
121200763;2;2012-11-23;13;4;PERÚ;3;2;2;CEDIF JULI;2026-01-07;1;1;1;No aplica;11
121200764;1;2020-10-25;5;2;PERÚ;3;15;9;CEDIF JULI;2026-01-07;1;5;1;No aplica;11
121200765;2;2020-03-04;5;2;PERÚ;3;15;9;CEDIF JULI;2026-01-07;1;5;1;No aplica;11
121200355;2;2021-01-28;5;2;PERÚ;3;2;2;CEDIF JULI;2025-03-03;1;1;1;No aplica;11
121200680;2;2014-11-10;11;3;PERÚ;3;2;2;CEDIF JULI;2025-01-07;1;1;1;No aplica;11
121200603;1;2020-12-27;5;2;PERÚ;3;2;2;CEDIF JULI;2025-03-03;4;2;1;No aplica;11
121200603;1;2020-12-27;5;2;PERÚ;3;2;2;CEDIF JULI;2025-03-03;4;2;1;No aplica;11
121200263;1;2016-01-05;10;3;PERÚ;3;2;2;CEDIF JULI;2026-01-07;5;1;2;2026-02-02;10
121200606;1;2020-02-27;6;3;PERÚ;3;2;2;CEDIF JULI;2026-01-07;1;1;1;No aplica;11
121200606;2;2016-03-05;9;3;PERÚ;3;2;2;CEDIF JULI;2026-01-07;1;1;1;No aplica;11
121200517;2;2021-05-02;4;2;PERÚ;3;2;2;CEDIF JULI;2024-03-04;1;1;1;No aplica;11
121200626;1;2021-08-09;4;2;PERÚ;3;2;2;CEDIF JULI;2026-01-07;1;1;1;No aplica;11
121200626;2;2016-02-10;10;3;PERÚ;3;2;2;CEDIF JULI;2026-01-07;1;1;1;No aplica;11
121200165;1;2015-09-02;10;3;PERÚ;3;15;9;CEDIF JULI;2026-01-07;1;5;1;No aplica;11
121200305;2;2019-03-14;6;3;PERÚ;3;15;9;CEDIF JULI;2026-01-07;1;5;1;No aplica;11
121200246;1;2017-12-20;8;3;PERÚ;3;15;9;CEDIF JULI;2026-01-07;1;5;1;No aplica;11
121200246;1;2016-11-04;9;3;PERÚ;3;15;9;CEDIF JULI;2026-01-07;1;5;1;No aplica;11
121200246;2;2014-12-23;11;3;PERÚ;3;15;9;CEDIF JULI;2026-01-07;1;5;1;No aplica;11
121200532;2;2017-11-10;8;3;PERÚ;3;15;9;CEDIF JULI;2026-01-07;1;5;1;No aplica;11
121200766;2;2018-11-15;7;3;PERÚ;3;2;2;CEDIF JULI;2026-01-07;1;1;1;No aplica;11
121200767;1;2020-07-19;5;2;PERÚ;3;15;9;CEDIF JULI;2026-01-07;1;5;1;No aplica;11
121200767;2;2016-08-10;9;3;PERÚ;3;15;9;CEDIF JULI;2026-01-07;1;5;1;No aplica;11
121200489;1;2021-02-27;5;2;PERÚ;3;2;2;CEDIF JULI;2024-01-08;4;1;1;No aplica;11
121200489;2;2019-03-24;6;3;PERÚ;3;2;2;CEDIF JULI;2024-01-08;4;1;1;No aplica;11
121200489;1;2016-04-01;9;3;PERÚ;3;2;2;CEDIF JULI;2024-01-08;4;1;1;No aplica;11
120100988;2;2024-04-21;1;2;Perú;3;10;6;CEDIF AÑO NUEVO;2025-10-17;1;2;2;2026-01-09;1
120100961;1;2024-04-08;1;2;Perú;3;10;6;CEDIF AÑO NUEVO;2025-02-18;1;1;1;No aplica;11
1201008029;2;2024-07-04;1;2;Perú;3;10;6;CEDIF AÑO NUEVO;2024-09-15;1;1;1;No aplica;11
120100739;2;2024-05-06;1;2;Perú;3;10;6;CEDIF AÑO NUEVO;2026-01-17;1;1;1;No aplica;11
120100104;2;2024-09-06;1;2;Perú;3;10;6;CEDIF AÑO NUEVO;2026-01-12;1;1;1;No aplica;11
120100111;2;2024-06-07;1;2;Perú;3;10;6;CEDIF AÑO NUEVO;2026-01-15;1;2;1;No aplica;11
120100112;1;2024-11-10;1;2;Perú;3;10;6;CEDIF AÑO NUEVO;2026-01-15;1;2;1;No aplica;11
1201008032;2;2024-06-07;1;2;Perú;3;10;6;CEDIF AÑO NUEVO;2026-01-15;1;1;1;No aplica;11
120100934;2;2024-07-11;1;2;Perú;3;10;6;CEDIF AÑO NUEVO;2026-01-19;1;1;1;No aplica;11
120100116;1;2024-03-22;1;2;Perú;3;10;6;CEDIF AÑO NUEVO;2026-01-19;1;1;2;2026-02-09;2
120100121;2;2024-12-30;1;2;Perú;3;10;6;CEDIF AÑO NUEVO;2026-01-19;1;1;1;No aplica;11
120100986;2;2023-05-22;2;2;Perú;3;10;6;CEDIF AÑO NUEVO;2025-10-17;1;1;2;2026-01-09;1
120100944;1;2023-06-30;2;2;Perú;3;10;6;CEDIF AÑO NUEVO;2025-01-14;1;1;1;No aplica;11
120100775;2;2023-07-18;2;2;Perú;3;10;6;CEDIF AÑO NUEVO;2024-10-15;1;1;1;No aplica;11
120100943;2;2023-10-23;2;2;Perú;3;10;6;CEDIF AÑO NUEVO;2025-01-14;1;1;1;No aplica;11
1201008062;2;2023-06-13;2;2;Perú;3;10;6;CEDIF AÑO NUEVO;2025-02-18;1;1;1;No aplica;11
1201008056;1;2023-07-03;2;2;Perú;3;10;6;CEDIF AÑO NUEVO;2025-01-14;1;1;2;2026-01-09;1
120100919;1;2023-05-22;2;2;Perú;3;10;6;CEDIF AÑO NUEVO;2024-06-17;1;1;1;No aplica;11
1201008070;2;2023-07-23;2;2;Perú;3;10;6;CEDIF AÑO NUEVO;2025-01-14;1;1;1;No aplica;11
120100956;2;2023-05-25;2;2;Perú;3;10;6;CEDIF AÑO NUEVO;2025-01-28;1;1;1;No aplica;11
120100765;2;2024-02-17;2;2;Perú;3;10;6;CEDIF AÑO NUEVO;2025-03-19;1;1;1;No aplica;11
120100931;2;2024-01-16;2;2;Perú;3;10;6;CEDIF AÑO NUEVO;2026-01-12;1;1;1;No aplica;11
120100101;2;2023-09-28;2;2;Perú;3;10;6;CEDIF AÑO NUEVO;2026-01-12;1;1;1;No aplica;11
120100106;2;2023-07-20;2;2;Perú;3;10;6;CEDIF AÑO NUEVO;2026-01-12;1;1;1;No aplica;11
120100108;1;2023-11-02;2;2;Perú;3;10;6;CEDIF AÑO NUEVO;2026-01-15;1;1;1;No aplica;11
120100109;2;2023-07-26;2;2;Perú;3;10;6;CEDIF AÑO NUEVO;2026-01-15;1;1;1;No aplica;11
120100964;2;2023-07-16;2;2;Perú;3;10;6;CEDIF AÑO NUEVO;2026-01-15;1;1;1;No aplica;11
120100114;1;2024-01-11;2;2;Perú;3;10;6;CEDIF AÑO NUEVO;2026-01-19;1;1;1;No aplica;11
120100115;2;2023-09-29;2;2;Perú;3;10;6;CEDIF AÑO NUEVO;2026-01-19;1;2;2;2026-02-09;1
120100118;2;2023-04-15;2;2;Perú;3;10;6;CEDIF AÑO NUEVO;2026-01-19;1;2;1;No aplica;11
120100119;2;2023-10-20;2;2;Perú;3;10;6;CEDIF AÑO NUEVO;2026-01-19;1;1;1;No aplica;11
120100120;2;2023-12-17;2;2;Perú;3;10;6;CEDIF AÑO NUEVO;2026-01-19;1;2;1;No aplica;11
120100939;1;2023-02-06;3;2;Perú;3;10;6;CEDIF AÑO NUEVO;2025-01-14;1;1;1;No aplica;11
120100904;1;2022-11-18;3;2;Perú;3;10;6;CEDIF AÑO NUEVO;2024-04-04;1;1;2;2026-01-09;1
120100967;2;2022-05-05;3;2;Perú;3;10;6;CEDIF AÑO NUEVO;2025-04-01;1;1;1;No aplica;11
1201008098;2;2022-04-17;3;2;Perú;3;10;6;CEDIF AÑO NUEVO;2024-03-01;1;2;2;2026-01-09;1
120100941;1;2023-01-15;3;2;Perú;3;10;6;CEDIF AÑO NUEVO;2025-01-14;1;1;1;No aplica;11
1201008032;1;2022-08-16;3;2;Perú;3;10;6;CEDIF AÑO NUEVO;2024-01-08;1;1;1;No aplica;11
1201008025;2;2022-04-17;3;2;Perú;3;10;6;CEDIF AÑO NUEVO;2024-01-08;1;1;1;No aplica;11
120100800;1;2022-06-26;3;2;Perú;3;10;6;CEDIF AÑO NUEVO;2023-08-09;1;1;2;2026-01-09;1
1201008030;2;2022-11-21;3;2;Perú;3;10;6;CEDIF AÑO NUEVO;2024-01-08;1;1;2;2026-01-09;1
120100987;1;2022-06-15;3;2;Perú;3;10;6;CEDIF AÑO NUEVO;2025-10-17;1;1;2;2026-01-05;1
120100912;1;2023-01-10;3;2;Perú;3;10;6;CEDIF AÑO NUEVO;2024-05-13;1;1;1;No aplica;11
120100965;2;2022-06-21;3;2;Perú;3;10;6;CEDIF AÑO NUEVO;2025-03-17;1;1;2;2026-01-09;1
1201008056;2;2022-04-17;3;2;Perú;3;10;6;CEDIF AÑO NUEVO;2024-02-21;1;1;2;2026-01-09;1
120100935;2;2022-07-05;3;2;Perú;3;10;6;CEDIF AÑO NUEVO;2025-01-14;1;1;1;No aplica;11
120100937;1;2022-04-27;3;2;Perú;3;10;6;CEDIF AÑO NUEVO;2025-01-14;1;2;2;2026-01-09;1
120100934;1;2022-10-20;3;2;Perú;3;10;6;CEDIF AÑO NUEVO;2025-01-14;1;1;2;2026-01-09;1
1201008080;1;2022-05-28;3;2;Perú;3;10;6;CEDIF AÑO NUEVO;2024-03-06;1;2;1;No aplica;11
1201008029;2;2022-07-02;3;2;Perú;3;10;6;CEDIF AÑO NUEVO;2024-01-08;1;1;1;No aplica;11
120100981;2;2022-05-29;3;2;Perú;3;10;6;CEDIF AÑO NUEVO;2026-01-12;1;1;1;No aplica;11
120100102;2;2022-05-31;3;2;Perú;3;10;6;CEDIF AÑO NUEVO;2026-01-12;1;1;1;No aplica;11
120100107;2;2022-06-06;3;2;Perú;3;10;6;CEDIF AÑO NUEVO;2026-01-15;1;1;1;No aplica;11
120100108;2;2022-07-28;3;2;Perú;3;10;6;CEDIF AÑO NUEVO;2026-01-15;1;1;1;No aplica;11
120100113;2;2022-09-15;3;2;Perú;3;10;6;CEDIF AÑO NUEVO;2026-01-19;1;2;1;No aplica;11
1201008054;2;2022-07-15;3;2;Perú;3;10;6;CEDIF AÑO NUEVO;2026-01-19;1;1;1;No aplica;11
120100117;1;2022-06-17;3;2;Perú;3;10;6;CEDIF AÑO NUEVO;2026-01-19;1;1;1;No aplica;11
120100946;2;2022-02-24;4;2;Perú;3;10;6;CEDIF AÑO NUEVO;2025-01-14;1;1;1;No aplica;11
120100793;2;2022-03-30;3;2;Perú;3;10;6;CEDIF AÑO NUEVO;2023-07-10;1;1;1;No aplica;11
1201008075;1;2021-09-28;4;2;Perú;3;10;6;CEDIF AÑO NUEVO;2024-03-04;1;2;2;2026-01-09;1
1201008012;1;2021-12-27;4;2;Perú;3;10;6;CEDIF AÑO NUEVO;2023-09-18;1;1;2;2026-01-09;1
120100933;2;2021-10-01;4;2;Perú;3;10;6;CEDIF AÑO NUEVO;2025-01-14;1;1;1;No aplica;11
120100940;2;2021-11-09;4;2;Perú;3;10;6;CEDIF AÑO NUEVO;2025-01-14;1;4;1;No aplica;11
120100917;2;2021-05-06;4;2;Perú;3;10;6;CEDIF AÑO NUEVO;2024-05-27;1;1;2;2026-01-09;1
1201008047;1;2021-06-21;4;2;Perú;3;10;6;CEDIF AÑO NUEVO;2024-02-18;1;1;2;2026-01-09;1
120100931;1;2021-11-22;4;2;Perú;3;10;6;CEDIF AÑO NUEVO;2025-01-13;1;1;1;No aplica;11
1201008081;1;2021-05-02;4;2;Perú;3;10;6;CEDIF AÑO NUEVO;2024-03-07;1;1;2;2026-01-09;1
120100962;1;2021-04-09;4;2;Perú;3;10;6;CEDIF AÑO NUEVO;2025-02-18;1;1;2;2026-01-09;1
120100750;1;2021-04-13;4;2;Perú;3;10;6;CEDIF AÑO NUEVO;2023-03-09;1;1;2;2026-01-09;5
120100900;2;2021-10-03;4;2;Perú;3;10;6;CEDIF AÑO NUEVO;2024-04-02;1;1;1;No aplica;11
120100742;1;2022-02-25;4;2;Perú;3;10;6;CEDIF AÑO NUEVO;2023-02-10;1;1;2;2026-01-09;5
1201008051;1;2021-07-07;4;2;Perú;3;10;6;CEDIF AÑO NUEVO;2024-02-19;1;1;2;2026-01-09;1
120100728;1;2021-10-20;4;2;Perú;3;10;6;CEDIF AÑO NUEVO;2023-01-09;1;1;2;2026-01-09;5
120100759;2;2022-01-03;4;2;Perú;3;10;6;CEDIF AÑO NUEVO;2023-03-13;1;1;2;2026-01-09;5
1201008092;1;2021-04-20;4;2;Perú;3;10;6;CEDIF AÑO NUEVO;2024-03-18;1;1;1;No aplica;11
120100739;1;2021-12-07;4;2;Perú;3;10;6;CEDIF AÑO NUEVO;2023-02-09;1;1;1;No aplica;11
120100957;1;2021-06-18;4;2;Perú;3;10;6;CEDIF AÑO NUEVO;2025-02-15;1;1;1;No aplica;11
120100733;2;2022-01-01;4;2;Perú;3;10;6;CEDIF AÑO NUEVO;2024-02-28;1;1;1;No aplica;11
120100932;2;2022-02-10;4;2;Perú;3;10;6;CEDIF AÑO NUEVO;2025-01-13;1;1;1;No aplica;11
120100765;2;2021-05-22;4;2;Perú;3;10;6;CEDIF AÑO NUEVO;2023-03-20;1;1;1;No aplica;11
120100103;2;2021-05-15;4;2;Perú;3;10;6;CEDIF AÑO NUEVO;2026-01-12;1;1;1;No aplica;11
120100110;2;2021-12-22;4;2;ESPAÑA;3;10;6;CEDIF AÑO NUEVO;2026-01-15;1;1;1;No aplica;11
120100905;1;2020-12-31;5;2;Perú;3;10;6;CEDIF AÑO NUEVO;2024-04-16;1;1;1;No aplica;11
1201008069;1;2021-01-30;5;2;Perú;3;10;6;CEDIF AÑO NUEVO;2024-02-28;1;1;1;No aplica;11
1201008086;2;2021-01-01;5;2;Perú;3;10;6;CEDIF AÑO NUEVO;2024-03-18;1;1;2;2026-01-09;1
1201008090;1;2020-12-06;5;2;Perú;3;10;6;CEDIF AÑO NUEVO;2024-03-12;1;2;2;2026-01-09;1
120100397;2;2020-09-19;5;2;Perú;3;10;6;CEDIF AÑO NUEVO;2022-03-10;1;1;2;2026-01-09;5
120100792;1;2020-09-02;5;2;Perú;3;10;6;CEDIF AÑO NUEVO;2023-07-10;1;1;2;2026-01-09;5
120100950;1;2020-05-05;5;2;Perú;3;10;6;CEDIF AÑO NUEVO;2025-01-14;1;1;1;No aplica;11
1201008063;1;2021-02-06;5;2;Perú;3;10;6;CEDIF AÑO NUEVO;2024-02-26;1;1;1;No aplica;11
1201008062;1;2020-06-22;5;2;Perú;3;10;6;CEDIF AÑO NUEVO;2024-02-26;1;1;1;No aplica;11
120100706;1;2020-10-08;5;2;Perú;3;10;6;CEDIF AÑO NUEVO;2022-08-22;1;2;1;No aplica;11
120100653;2;2020-05-23;5;2;Perú;3;10;6;CEDIF AÑO NUEVO;2022-01-25;1;1;2;2026-01-09;5
1201008077;1;2020-07-24;5;2;Perú;3;10;6;CEDIF AÑO NUEVO;2024-03-05;1;1;2;2026-01-09;1
120100771;1;2020-07-03;5;2;Perú;3;10;6;CEDIF AÑO NUEVO;2023-04-03;1;1;2;2026-01-09;1
1201008036;1;2020-09-22;5;2;Perú;3;10;6;CEDIF AÑO NUEVO;2024-01-08;1;1;2;2026-01-09;1
120100676;2;2020-12-01;5;2;Perú;3;10;6;CEDIF AÑO NUEVO;2022-02-21;1;1;2;2026-01-09;5
120100964;1;2021-01-13;5;2;Perú;3;10;6;CEDIF AÑO NUEVO;2025-03-17;1;1;1;No aplica;11
1201008011;1;2020-08-30;5;2;Perú;3;10;6;CEDIF AÑO NUEVO;2023-09-18;1;1;2;2026-01-09;1
120100977;1;2021-03-18;4;2;Perú;3;10;6;CEDIF AÑO NUEVO;2025-08-18;1;1;2;2026-01-09;1
120100977;2;2021-03-18;4;2;Perú;3;10;6;CEDIF AÑO NUEVO;2025-08-18;1;1;2;2026-01-09;1
120100104;2;2021-03-23;4;2;Perú;3;10;6;CEDIF AÑO NUEVO;2026-01-12;1;1;1;No aplica;11
120100114;2;2020-06-21;5;2;Perú;3;10;6;CEDIF AÑO NUEVO;2026-01-19;1;1;1;No aplica;11
120100397;1;2017-06-19;8;3;Perú;3;10;6;CEDIF AÑO NUEVO;2022-03-10;1;1;2;2026-01-09;5
120100979;2;2017-05-16;8;3;Perú;3;10;6;CEDIF AÑO NUEVO;2024-09-11;1;1;2;2026-01-09;1
120100678;1;2018-03-12;7;3;Perú;3;10;6;CEDIF AÑO NUEVO;2023-02-22;1;1;2;2026-01-09;5
120100928;1;2017-11-28;8;3;Perú;3;10;6;CEDIF AÑO NUEVO;2024-09-18;1;1;2;2026-01-09;1
120100635;2;2019-08-27;6;3;Perú;3;10;6;CEDIF AÑO NUEVO;2021-11-15;1;1;2;2026-01-09;5
120100797;1;2017-05-29;8;3;Perú;3;10;6;CEDIF AÑO NUEVO;2023-07-17;1;2;1;No aplica;11
120100967;2;2017-09-16;8;3;Perú;3;10;6;CEDIF AÑO NUEVO;2025-04-01;1;1;1;No aplica;11
1201008086;2;2017-06-03;8;3;Perú;3;10;6;CEDIF AÑO NUEVO;2024-03-18;1;1;2;2026-01-09;1
120100962;2;2017-04-01;8;3;Perú;3;10;6;CEDIF AÑO NUEVO;2025-03-17;1;1;2;2026-01-09;1
120100775;1;2019-02-02;7;3;Perú;3;10;6;CEDIF AÑO NUEVO;2023-04-10;1;1;1;No aplica;11
120100985;2;2017-03-23;8;3;Perú;3;10;6;CEDIF AÑO NUEVO;2025-10-13;1;2;1;No aplica;11
120100799;1;2019-10-08;6;3;Perú;3;10;6;CEDIF AÑO NUEVO;2023-08-07;1;1;2;2026-01-09;1
120100980;2;2019-01-07;7;3;Perú;3;10;6;CEDIF AÑO NUEVO;2025-09-18;1;2;1;No aplica;11
120100574;1;2020-03-11;5;2;Perú;3;10;6;CEDIF AÑO NUEVO;2021-04-15;1;1;1;No aplica;11
120100940;1;2018-11-29;7;3;Perú;3;10;6;CEDIF AÑO NUEVO;2025-10-06;1;4;1;No aplica;11
120100987;1;2020-01-23;6;3;Perú;3;10;6;CEDIF AÑO NUEVO;2025-10-17;1;1;1;No aplica;11
120100719;2;2019-10-14;6;3;Perú;3;10;6;CEDIF AÑO NUEVO;2023-01-10;1;1;2;2026-01-09;5
120100976;2;2019-10-25;6;3;Perú;3;10;6;CEDIF AÑO NUEVO;2025-08-04;1;1;2;2026-01-09;1
120100976;2;2017-05-10;8;3;Perú;3;10;6;CEDIF AÑO NUEVO;2025-08-04;1;1;2;2026-01-09;1
120100983;1;2020-02-15;6;3;Perú;3;10;6;CEDIF AÑO NUEVO;2025-10-13;1;1;1;No aplica;11
120100982;2;2018-01-25;8;3;Perú;3;10;6;CEDIF AÑO NUEVO;2025-10-13;1;1;1;No aplica;11
1201008037;1;2017-02-26;9;3;Perú;3;10;6;CEDIF AÑO NUEVO;2024-01-08;1;1;1;No aplica;11
1201008092;1;2017-10-12;8;3;Perú;3;10;6;CEDIF AÑO NUEVO;2024-03-18;1;1;1;No aplica;11
120100959;1;2018-10-27;7;3;Perú;3;10;6;CEDIF AÑO NUEVO;2025-02-18;1;1;1;No aplica;11
120100718;1;2019-07-14;6;3;Perú;3;10;6;CEDIF AÑO NUEVO;2023-01-09;1;2;2;2026-01-09;5
120100700;1;2019-05-02;6;3;Perú;3;10;6;CEDIF AÑO NUEVO;2022-07-04;1;2;1;No aplica;11
120100978;2;2020-01-10;6;3;Perú;3;10;6;CEDIF AÑO NUEVO;2025-09-03;1;1;2;2026-01-09;1
120100733;2;2019-11-21;6;3;Perú;3;10;6;CEDIF AÑO NUEVO;2023-01-16;1;1;2;2026-01-05;5
120100698;1;2020-03-03;5;2;Perú;3;10;6;CEDIF AÑO NUEVO;2022-06-15;1;1;2;2026-01-09;5
1201008082;2;2020-03-23;5;2;Perú;3;10;6;CEDIF AÑO NUEVO;2024-03-07;1;2;2;2026-01-09;1
1201008070;1;2020-01-08;6;3;Perú;3;10;6;CEDIF AÑO NUEVO;2024-02-28;1;1;2;2026-01-09;1
120100397;1;2015-03-17;10;3;Perú;3;10;6;CEDIF AÑO NUEVO;2022-08-08;1;1;2;2026-01-09;5
120100974;2;2015-05-29;10;3;Perú;3;10;6;CEDIF AÑO NUEVO;2025-07-16;1;1;1;No aplica;11
120100979;1;2014-01-21;12;4;Perú;3;10;6;CEDIF AÑO NUEVO;2024-09-11;1;1;2;2026-01-09;1
120100678;1;2015-04-04;10;3;Perú;3;10;6;CEDIF AÑO NUEVO;2021-03-10;1;1;2;2026-01-09;5
120100912;2;2014-02-10;12;4;Perú;3;10;6;CEDIF AÑO NUEVO;2025-01-14;1;1;2;2026-01-05;1
1201008083;2;2015-07-23;10;3;Perú;3;10;6;CEDIF AÑO NUEVO;2024-03-11;1;1;1;No aplica;11
1201008054;1;2017-02-25;9;3;Perú;3;10;6;CEDIF AÑO NUEVO;2024-02-21;1;1;1;No aplica;11
1201008054;1;2013-11-18;12;4;Perú;3;10;6;CEDIF AÑO NUEVO;2024-02-21;1;1;2;2026-01-05;1
1201008075;1;2015-06-04;10;3;Perú;3;10;6;CEDIF AÑO NUEVO;2024-03-04;1;1;2;2026-01-09;1
120100799;2;2016-03-08;9;3;Perú;3;10;6;CEDIF AÑO NUEVO;2023-08-07;1;1;2;2026-01-09;1
120100962;2;2014-05-02;11;3;Perú;3;10;6;CEDIF AÑO NUEVO;2025-03-17;1;1;2;2026-01-09;1
120100961;1;2016-07-25;9;3;Perú;3;10;6;CEDIF AÑO NUEVO;2025-07-14;1;1;2;2026-01-05;1
120100961;2;2014-06-24;11;3;Perú;3;10;6;CEDIF AÑO NUEVO;2025-07-14;1;1;2;2026-01-05;1
120100925;2;2015-04-28;10;3;Perú;3;10;6;CEDIF AÑO NUEVO;2024-08-27;1;1;1;No aplica;11
120100971;1;2014-05-22;11;3;Perú;3;10;6;CEDIF AÑO NUEVO;2025-05-19;1;1;1;No aplica;11
120100971;1;2016-09-12;9;3;Perú;3;10;6;CEDIF AÑO NUEVO;2025-05-19;1;1;1;No aplica;11
1201008049;2;2016-07-17;9;3;Perú;3;10;6;CEDIF AÑO NUEVO;2024-02-19;1;1;1;No aplica;11
120100932;2;2016-12-25;9;3;Perú;3;10;6;CEDIF AÑO NUEVO;2025-01-13;1;1;1;No aplica;11
120100927;1;2016-06-18;9;3;Perú;3;10;6;CEDIF AÑO NUEVO;2024-09-18;1;1;2;2026-01-09;1
120100719;1;2015-04-11;10;3;Perú;3;10;6;CEDIF AÑO NUEVO;2023-03-27;1;1;2;2026-01-09;5
120100926;2;2015-08-07;10;3;Perú;3;10;6;CEDIF AÑO NUEVO;2024-08-27;1;1;1;No aplica;11
120100981;1;2015-04-28;10;3;Perú;3;10;6;CEDIF AÑO NUEVO;2025-09-24;1;1;1;No aplica;11
1201008034;2;2015-10-15;10;3;Perú;3;10;6;CEDIF AÑO NUEVO;2024-01-08;1;1;1;No aplica;11
1201008062;2;2016-07-07;9;3;Perú;3;10;6;CEDIF AÑO NUEVO;2024-03-18;1;1;1;No aplica;11
1201008006;1;2015-07-18;10;3;Perú;3;10;6;CEDIF AÑO NUEVO;2023-08-21;1;1;2;2026-01-09;5
120100953;2;2016-01-02;10;3;Perú;3;10;6;CEDIF AÑO NUEVO;2025-01-28;1;1;1;No aplica;11
1201008035;2;2016-07-13;9;3;Perú;3;10;6;CEDIF AÑO NUEVO;2024-01-08;1;1;1;No aplica;11
120100267;1;2015-06-16;10;3;Perú;3;10;6;CEDIF AÑO NUEVO;2022-02-18;1;1;2;2026-01-09;5
120100970;2;2015-07-09;10;3;Perú;3;10;6;CEDIF AÑO NUEVO;2025-05-19;1;2;2;2026-01-09;1
1201008094;1;2015-08-02;10;3;Perú;3;10;6;CEDIF AÑO NUEVO;2024-03-18;1;1;1;No aplica;11
120100737;1;2015-08-17;10;3;Perú;3;10;6;CEDIF AÑO NUEVO;2023-01-16;1;1;1;No aplica;11
1201008082;2;2014-10-26;11;3;Perú;3;10;6;CEDIF AÑO NUEVO;2024-03-07;1;2;2;2026-01-09;1
120100753;1;2016-09-22;9;3;Perú;3;10;6;CEDIF AÑO NUEVO;2023-03-09;1;1;2;2026-01-09;5
120100941;1;2016-05-18;9;3;Perú;3;10;6;CEDIF AÑO NUEVO;2025-01-14;1;1;1;No aplica;11
120100984;2;2015-10-26;10;3;Perú;3;10;6;CEDIF AÑO NUEVO;2025-10-13;1;1;2;2026-01-09;1
120100969;2;2014-06-04;11;3;Perú;3;10;6;CEDIF AÑO NUEVO;2025-04-15;1;2;1;No aplica;11
1201008052;1;2014-06-12;11;3;Perú;3;10;6;CEDIF AÑO NUEVO;2024-02-21;1;1;1;No aplica;11
120100730;1;2014-08-19;11;3;Perú;3;10;6;CEDIF AÑO NUEVO;2023-01-09;1;1;1;No aplica;11
120100768;1;2015-01-27;11;3;Perú;3;10;6;CEDIF AÑO NUEVO;2023-03-27;1;1;2;2026-02-09;5
120100698;2;2014-09-25;11;3;Perú;3;10;6;CEDIF AÑO NUEVO;2022-06-15;1;1;2;2026-01-09;5
120100105;2;2015-03-31;10;3;Perú;3;10;6;CEDIF AÑO NUEVO;2026-01-12;1;2;1;No aplica;11
1201008079;2;2013-08-01;12;4;Perú;3;10;6;CEDIF AÑO NUEVO;2024-03-05;1;2;1;No aplica;11
1201008093;2;2012-01-30;14;4;Perú;3;10;6;CEDIF AÑO NUEVO;2024-03-18;1;2;1;No aplica;11
120100959;2;2013-07-31;12;4;Perú;3;10;6;CEDIF AÑO NUEVO;2025-02-18;1;1;1;No aplica;11
120100981;2;2013-07-06;12;4;Perú;3;10;6;CEDIF AÑO NUEVO;2025-09-24;1;1;1;No aplica;11
120100539;2;2011-11-29;14;4;Perú;3;10;6;CEDIF AÑO NUEVO;2021-02-15;1;1;1;No aplica;11
120100539;2;2013-11-25;12;4;Perú;3;10;6;CEDIF AÑO NUEVO;2021-02-15;1;1;1;No aplica;11
1201008092;2;2013-10-05;12;4;Perú;3;10;6;CEDIF AÑO NUEVO;2024-03-18;1;1;1;No aplica;11
120100915;1;2008-08-16;17;4;Perú;3;10;6;CEDIF AÑO NUEVO;2024-05-15;1;1;2;2026-01-09;1
120100979;2;2010-07-26;15;4;Perú;3;10;6;CEDIF AÑO NUEVO;2024-09-11;1;1;2;2026-01-09;1
120100972;2;2013-04-10;12;4;Perú;3;10;6;CEDIF AÑO NUEVO;2025-06-16;1;1;2;2026-01-09;1
120100972;2;2008-08-21;17;4;Perú;3;10;6;CEDIF AÑO NUEVO;2025-06-16;1;1;2;2026-01-09;1
120100678;2;2013-04-30;12;4;Perú;3;10;6;CEDIF AÑO NUEVO;2021-03-10;1;1;2;2026-01-09;5
120100912;2;2012-03-13;13;4;Perú;3;10;6;CEDIF AÑO NUEVO;2025-01-14;1;1;2;2026-01-05;1
120100730;2;2010-06-15;15;4;Perú;3;10;6;CEDIF AÑO NUEVO;2023-01-09;1;1;2;2026-01-05;5
120100988;2;2013-07-12;12;4;Perú;3;10;6;CEDIF AÑO NUEVO;2025-10-17;1;2;2;2026-01-09;1
120100985;2;2013-07-08;12;4;Perú;3;10;6;CEDIF AÑO NUEVO;2025-10-13;1;2;1;No aplica;11
1201008074;1;2010-01-22;16;4;Perú;3;10;6;CEDIF AÑO NUEVO;2024-03-04;1;1;2;2026-01-09;1
120100908;1;2010-12-09;15;4;Perú;3;10;6;CEDIF AÑO NUEVO;2024-04-22;1;1;1;No aplica;11
120100908;1;2013-05-04;12;4;Perú;3;10;6;CEDIF AÑO NUEVO;2024-04-22;1;1;1;No aplica;11
1201008092;2;2009-04-23;16;4;Perú;3;10;6;CEDIF AÑO NUEVO;2024-03-18;1;1;1;No aplica;11
1201008093;1;2013-12-02;12;4;Perú;3;10;6;CEDIF AÑO NUEVO;2024-03-18;1;2;1;No aplica;11
1201008076;1;2012-04-27;13;4;Perú;3;10;6;CEDIF AÑO NUEVO;2024-03-04;1;1;2;2026-01-09;1
1201008002;2;2012-10-04;13;4;Perú;3;10;6;CEDIF AÑO NUEVO;2023-08-11;1;2;1;No aplica;11
120100926;2;2013-03-18;12;4;Perú;3;10;6;CEDIF AÑO NUEVO;2024-08-27;1;1;1;No aplica;11
1201008021;1;2009-06-11;16;4;Perú;3;10;6;CEDIF AÑO NUEVO;2023-10-16;1;1;2;2026-01-09;1
1201008021;1;2012-12-19;13;4;Perú;3;10;6;CEDIF AÑO NUEVO;2023-10-16;1;1;2;2026-01-09;1
120100700;2;2014-01-26;12;4;Perú;3;10;6;CEDIF AÑO NUEVO;2022-07-04;1;1;2;2026-02-09;5
120100753;2;2013-06-06;12;4;Perú;3;10;6;CEDIF AÑO NUEVO;2023-03-09;1;1;2;2026-01-09;5
120100903;1;2010-03-22;15;4;Perú;3;10;6;CEDIF AÑO NUEVO;2024-04-04;1;1;2;2026-01-09;1
120100974;1;2011-03-18;14;4;Perú;3;10;6;CEDIF AÑO NUEVO;2025-07-16;1;1;1;No aplica;11
120100698;2;2010-06-14;15;4;Perú;3;10;6;CEDIF AÑO NUEVO;2022-06-15;1;1;2;2026-01-09;5
1201008063;1;2012-01-07;14;4;Perú;3;10;6;CEDIF AÑO NUEVO;2026-01-07;1;1;1;No aplica;11
120100105;1;2012-09-07;13;4;Perú;3;10;6;CEDIF AÑO NUEVO;2026-01-12;1;2;1;No aplica;11
SDFSBE00017;2;2020-05-18;5;2;PERÚ;3;10;7;CEDIF SANTA BERNARDITA;2023-02-13;1;1;1;No aplica;11
SDFSBE00020;2;2019-02-17;7;3;PERÚ;3;10;7;CEDIF SANTA BERNARDITA;2023-03-20;1;1;1;No aplica;11
SDFSBE00024;2;2020-09-03;5;2;PERÚ;3;10;7;CEDIF SANTA BERNARDITA;2023-07-14;5;2;2;2026-01-02;7
SDFSBE00025;2;2016-08-17;9;3;PERÚ;3;10;7;CEDIF SANTA BERNARDITA;2023-08-16;1;1;1;No aplica;11
SDFSBE00027;1;2021-10-24;4;2;PERÚ;3;10;7;CEDIF SANTA BERNARDITA;2024-02-01;2;1;1;No aplica;11
SDFSBE00027;1;2020-09-07;5;2;PERÚ;3;10;7;CEDIF SANTA BERNARDITA;2024-02-01;2;1;1;No aplica;11
SDFSBE00028;2;2020-09-07;5;2;PERÚ;3;10;7;CEDIF SANTA BERNARDITA;2024-02-01;1;1;2;2026-01-02;2
SDFSBE00029;1;2020-10-18;5;2;PERÚ;3;10;7;CEDIF SANTA BERNARDITA;2024-02-01;1;1;1;No aplica;11
SDFSBE00032;1;2020-05-27;5;2;PERÚ;3;10;7;CEDIF SANTA BERNARDITA;2024-02-01;1;2;1;No aplica;11
SDFSBE00033;2;2020-04-27;5;2;PERÚ;3;10;7;CEDIF SANTA BERNARDITA;2024-02-07;2;1;1;No aplica;11
SDFSBE00034;1;2021-06-05;4;2;PERÚ;3;10;7;CEDIF SANTA BERNARDITA;2024-02-12;2;1;1;No aplica;11
SDFSBE00034;1;2019-07-30;6;3;PERÚ;3;10;7;CEDIF SANTA BERNARDITA;2024-02-12;2;1;1;No aplica;11
SDFSBE00034;2;2017-07-30;8;3;VENEZUELA;3;10;7;CEDIF SANTA BERNARDITA;2024-02-12;2;1;1;No aplica;11
SDFSBE00039;2;2019-09-07;6;3;PERÚ;3;10;7;CEDIF SANTA BERNARDITA;2024-04-01;1;1;1;No aplica;11
SDFSBE00040;1;2021-11-23;4;2;VENEZUELA;3;10;7;CEDIF SANTA BERNARDITA;2024-04-01;1;1;1;No aplica;11
SDFSBE00042;1;2020-04-13;5;2;PERÚ;3;10;7;CEDIF SANTA BERNARDITA;2024-04-01;2;1;1;No aplica;11
SDFSBE00045;1;2022-02-04;4;2;PERÚ;3;10;7;CEDIF SANTA BERNARDITA;2024-04-22;2;1;1;No aplica;11
SDFSBE00045;1;2020-06-12;5;2;PERÚ;3;10;7;CEDIF SANTA BERNARDITA;2024-04-01;2;1;1;No aplica;11
SDFSBE00047;1;2020-12-03;5;2;PERÚ;3;10;7;CEDIF SANTA BERNARDITA;2024-04-02;2;1;1;No aplica;11
SDFSBE00048;1;2021-11-14;4;2;VENEZUELA;3;10;7;CEDIF SANTA BERNARDITA;2024-04-03;4;1;1;No aplica;11
SDFSBE00050;2;2021-07-03;4;2;PERÚ;3;10;7;CEDIF SANTA BERNARDITA;2024-05-15;2;1;1;No aplica;11
SDFSBE00051;2;2021-09-18;4;2;PERÚ;3;10;7;CEDIF SANTA BERNARDITA;2024-05-15;1;2;1;No aplica;11
SDFSBE00052;2;2022-03-28;3;2;PERÚ;3;10;7;CEDIF SANTA BERNARDITA;2024-05-20;4;1;1;No aplica;11
SDFSBE00052;2;2018-10-24;7;3;PERÚ;3;10;7;CEDIF SANTA BERNARDITA;2024-05-20;4;1;1;No aplica;11
SDFSBE00052;2;2017-03-28;8;3;PERÚ;3;10;7;CEDIF SANTA BERNARDITA;2024-05-20;4;1;1;No aplica;11
SDFSBE00052;2;2012-10-09;13;4;PERÚ;3;10;7;CEDIF SANTA BERNARDITA;2024-05-20;4;1;1;No aplica;11
SDFSBE00053;1;2018-10-30;7;3;PERÚ;3;10;7;CEDIF SANTA BERNARDITA;2024-06-01;2;1;1;No aplica;11
SDFSBE00053;1;2014-08-29;11;3;PERÚ;3;10;7;CEDIF SANTA BERNARDITA;2024-06-01;2;1;1;No aplica;11
SDFSBE00062;1;2019-12-06;6;3;PERÚ;3;10;5;CEDIF SANTA BERNARDITA;2024-08-20;1;1;1;No aplica;11
SDFSBE00065;2;2021-10-30;4;2;PERÚ;3;10;7;CEDIF SANTA BERNARDITA;2024-09-23;2;1;1;No aplica;11
SDFSBE00065;1;2021-10-30;4;2;PERÚ;3;10;7;CEDIF SANTA BERNARDITA;2024-09-23;2;1;1;No aplica;11
SDFSBE00066;2;2021-08-07;4;2;PERÚ;3;10;7;CEDIF SANTA BERNARDITA;2024-09-23;1;1;1;No aplica;11
SDFSBE00067;2;2020-11-02;5;2;PERÚ;2;10;7;CEDIF SANTA BERNARDITA;2024-09-24;4;1;1;No aplica;11
SDFSBE00072;1;2021-10-13;4;2;PERÚ;3;10;7;CEDIF SANTA BERNARDITA;2025-02-10;3;1;1;No aplica;11
SDFSBE00073;1;2022-02-04;4;2;PERÚ;3;10;7;CEDIF SANTA BERNARDITA;2025-02-10;1;1;1;No aplica;11
SDFSBE00074;2;2022-01-25;4;2;PERÚ;3;10;7;CEDIF SANTA BERNARDITA;2025-02-10;1;1;1;No aplica;11
SDFSBE00075;1;2012-01-30;14;4;PERÚ;3;10;7;CEDIF SANTA BERNARDITA;2025-02-10;1;2;1;No aplica;11
SDFSBE00075;2;2011-05-09;14;4;PERÚ;3;10;7;CEDIF SANTA BERNARDITA;2025-02-10;1;2;1;No aplica;11
SDFSBE00076;2;2022-02-02;4;2;PERÚ;3;10;7;CEDIF SANTA BERNARDITA;2025-02-19;1;1;1;No aplica;11
SDFSBE00077;2;2021-09-23;4;2;PERÚ;3;10;7;CEDIF SANTA BERNARDITA;2025-02-19;1;1;1;No aplica;11
SDFSBE00077;2;2019-12-28;6;3;PERÚ;3;10;7;CEDIF SANTA BERNARDITA;2025-02-19;1;1;1;No aplica;11
SDFSBE00077;2;2017-01-09;9;3;PERÚ;3;10;7;CEDIF SANTA BERNARDITA;2025-02-19;1;1;1;No aplica;11
SDFSBE00079;1;2020-08-29;5;2;PERÚ;3;10;7;CEDIF SANTA BERNARDITA;2025-02-19;1;1;1;No aplica;11
SDFSBE00082;2;2017-07-13;8;3;PERÚ;3;10;7;CEDIF SANTA BERNARDITA;2025-02-24;1;1;2;2026-02-11;2
SDFSBE00082;1;2015-02-24;11;3;PERÚ;3;10;7;CEDIF SANTA BERNARDITA;2025-02-24;1;1;2;2026-02-11;2
SDFSBE00082;1;2022-10-29;3;2;PERÚ;3;10;7;CEDIF SANTA BERNARDITA;2025-03-03;1;1;2;2026-02-11;2
SDFSBE00083;1;2022-04-09;3;2;PERÚ;3;10;7;CEDIF SANTA BERNARDITA;2025-03-03;3;1;1;No aplica;11
SDFSBE00086;1;2022-06-15;3;2;PERÚ;3;10;7;CEDIF SANTA BERNARDITA;2025-03-03;4;1;1;No aplica;11
SDFSBE00087;1;2022-04-29;3;2;PERÚ;3;10;7;CEDIF SANTA BERNARDITA;2025-03-03;1;1;2;2026-02-09;1
SDFSBE00088;2;2019-10-07;6;3;PERÚ;3;10;7;CEDIF SANTA BERNARDITA;2025-03-03;1;1;1;No aplica;11
SDFSBE00088;2;2011-12-25;14;4;PERÚ;3;10;7;CEDIF SANTA BERNARDITA;2025-03-03;1;1;1;No aplica;11
SDFSBE00089;2;2022-07-04;3;2;PERÚ;3;10;7;CEDIF SANTA BERNARDITA;2025-03-03;4;1;2;2026-01-05;1
SDFSBE00062;1;2022-09-13;3;2;PERÚ;3;10;7;CEDIF SANTA BERNARDITA;2025-03-04;3;1;1;No aplica;11
SDFSBE00090;2;2022-09-27;3;2;PERÚ;3;10;7;CEDIF SANTA BERNARDITA;2025-03-06;1;2;1;No aplica;11
SDFSBE00025;1;2022-08-06;3;2;PERÚ;3;10;7;CEDIF SANTA BERNARDITA;2025-03-10;1;2;1;No aplica;11
SDFSBE00091;1;2022-06-21;3;2;PERÚ;3;10;7;CEDIF SANTA BERNARDITA;2025-03-10;1;1;1;No aplica;11
SDFSBE00092;2;2016-12-31;9;3;PERÚ;3;10;7;CEDIF SANTA BERNARDITA;2025-03-10;1;1;2;2026-02-02;10
SDFSBE00092;1;2010-08-05;15;4;PERÚ;3;10;7;CEDIF SANTA BERNARDITA;2025-03-10;1;2;2;2026-02-02;10
SDFSBE00093;2;2022-09-07;3;2;PERÚ;3;10;7;CEDIF SANTA BERNARDITA;2025-03-10;1;2;1;No aplica;11
SDFSBE00094;1;2022-09-01;3;2;PERÚ;3;10;7;CEDIF SANTA BERNARDITA;2025-03-10;1;1;2;2026-01-05;1
SDFSBE00095;2;2015-12-08;10;3;PERÚ;3;10;7;CEDIF SANTA BERNARDITA;2025-03-17;3;2;1;No aplica;11
SDFSBE00095;1;2010-06-12;15;4;PERÚ;3;10;7;CEDIF SANTA BERNARDITA;2025-03-17;3;2;1;No aplica;11
SDFSBE00096;1;2022-07-06;3;2;PERÚ;3;10;7;CEDIF SANTA BERNARDITA;2025-03-17;3;1;1;No aplica;11
SDFSBE00096;2;2018-08-15;7;3;PERÚ;3;10;7;CEDIF SANTA BERNARDITA;2025-03-17;3;1;1;No aplica;11
SDFSBE00097;2;2017-06-01;8;3;PERÚ;3;10;7;CEDIF SANTA BERNARDITA;2025-03-17;1;1;1;No aplica;11
SDFSBE00101;1;2022-09-24;3;2;PERÚ;3;10;7;CEDIF SANTA BERNARDITA;2025-04-02;1;1;1;No aplica;11
SDFSBE00103;1;2022-12-23;3;2;PERÚ;3;10;7;CEDIF SANTA BERNARDITA;2025-04-07;1;1;2;2026-01-07;1
SDFSBE00104;1;2020-10-25;5;2;PERÚ;3;10;7;CEDIF SANTA BERNARDITA;2025-04-09;1;1;1;No aplica;11
SDFSBE00104;2;2017-06-23;8;3;PERÚ;3;10;7;CEDIF SANTA BERNARDITA;2025-04-09;1;1;2;2026-01-02;1
SDFSBE00105;2;2020-08-05;5;2;PERÚ;3;10;7;CEDIF SANTA BERNARDITA;2025-04-09;1;1;2;2026-01-02;1
SDFSBE00108;1;2020-07-11;5;2;PERÚ;3;10;7;CEDIF SANTA BERNARDITA;2025-04-14;1;1;1;No aplica;11
SDFSBE00108;2;2017-08-10;8;3;PERÚ;3;10;7;CEDIF SANTA BERNARDITA;2025-04-14;1;1;1;No aplica;11
SDFSBE00109;1;2022-05-25;3;2;PERÚ;3;10;7;CEDIF SANTA BERNARDITA;2025-05-05;1;1;1;No aplica;11
SDFSBE00110;2;2020-09-18;5;2;PERÚ;3;10;7;CEDIF SANTA BERNARDITA;2025-05-21;1;2;1;No aplica;11
SDFSBE00110;1;2014-04-15;11;3;PERÚ;3;10;7;CEDIF SANTA BERNARDITA;2025-05-21;1;1;1;No aplica;11
SDFSBE00110;2;2013-01-11;13;4;PERÚ;3;10;7;CEDIF SANTA BERNARDITA;2025-05-28;1;1;1;No aplica;11
SDFSBE00111;2;2020-12-28;5;2;PERÚ;3;10;7;CEDIF SANTA BERNARDITA;2025-05-21;1;1;2;2026-01-19;7
SDFSBE00111;2;2017-12-12;8;3;PERÚ;3;10;7;CEDIF SANTA BERNARDITA;2025-05-21;1;1;2;2026-01-13;7
SDFSBE00112;1;2021-05-20;4;2;VENEZUELA;3;10;7;CEDIF SANTA BERNARDITA;2025-05-21;1;1;1;No aplica;11
SDFSBE00112;1;2019-12-08;6;3;VENEZUELA;3;10;7;CEDIF SANTA BERNARDITA;2025-05-21;1;1;1;No aplica;11
SDFSBE00112;1;2017-11-03;8;3;VENEZUELA;3;10;7;CEDIF SANTA BERNARDITA;2025-05-21;1;1;1;No aplica;11
SDFSBE00115;1;2022-08-17;3;2;PERÚ;3;10;7;CEDIF SANTA BERNARDITA;2025-06-05;1;1;1;No aplica;11
SDFSBE00116;1;2022-04-30;3;2;PERÚ;3;10;7;CEDIF SANTA BERNARDITA;2025-06-09;1;1;1;No aplica;11
SDFSBE00120;2;2022-07-25;3;2;PERÚ;3;10;7;CEDIF SANTA BERNARDITA;2025-07-09;1;1;1;No aplica;11
SDFSBE00122;1;2022-09-09;3;2;PERÚ;3;10;7;CEDIF SANTA BERNARDITA;2025-07-17;1;1;2;2026-01-02;8
SDFSBE00124;1;2022-08-23;3;2;PERÚ;3;10;7;CEDIF SANTA BERNARDITA;2025-07-30;1;1;2;2026-01-02;1
SDFSBE00125;1;2020-10-19;5;2;VENEZUELA;3;10;7;CEDIF SANTA BERNARDITA;2025-09-01;1;1;1;No aplica;11
SDFSBE00125;1;2018-04-03;7;3;VENEZUELA;3;10;7;CEDIF SANTA BERNARDITA;2025-09-01;1;1;1;No aplica;11
SDFSBE00126;2;2022-08-22;3;2;PERÚ;3;10;7;CEDIF SANTA BERNARDITA;2025-09-04;1;1;2;2026-01-09;1
SDFSBE00127;2;2023-03-19;2;2;PERÚ;3;10;7;CEDIF SANTA BERNARDITA;2025-09-17;1;1;1;No aplica;11
SDFSBE00128;2;2023-01-19;3;2;PERÚ;3;10;7;CEDIF SANTA BERNARDITA;2025-09-23;1;1;1;No aplica;11
SDFSBE00128;1;2019-12-20;6;3;PERÚ;3;10;7;CEDIF SANTA BERNARDITA;2025-09-23;1;1;1;No aplica;11
SDFSBE00129;1;2014-08-10;11;3;PERÚ;3;10;7;CEDIF SANTA BERNARDITA;2025-10-22;1;1;1;No aplica;11
SDFSBE00130;1;2018-12-12;7;3;PERÚ;3;10;7;CEDIF SANTA BERNARDITA;2026-01-02;1;1;1;No aplica;11
SDFSBE00130;2;2016-11-19;9;3;PERÚ;3;10;7;CEDIF SANTA BERNARDITA;2026-01-02;1;1;1;No aplica;11
SDFSBE00131;2;2018-10-25;7;3;PERÚ;3;10;7;CEDIF SANTA BERNARDITA;2026-01-05;1;1;1;No aplica;11
SDFSBE00131;1;2013-12-22;12;4;PERÚ;3;10;7;CEDIF SANTA BERNARDITA;2026-01-05;1;1;1;No aplica;11
SDFSBE00132;1;2020-03-21;5;2;PERÚ;3;10;7;CEDIF SANTA BERNARDITA;2025-01-06;1;2;1;No aplica;11
SDFSBE00132;1;2013-06-19;12;4;PERÚ;3;10;7;CEDIF SANTA BERNARDITA;2025-01-06;1;2;1;No aplica;11
SDFSBE00091;1;2015-11-28;10;3;PERÚ;3;10;7;CEDIF SANTA BERNARDITA;2026-01-19;1;1;1;No aplica;11
SDFSBE00133;2;2011-11-13;14;4;PERÚ;3;10;7;CEDIF SANTA BERNARDITA;2026-01-27;1;1;1;No aplica;11
SDFSBE00133;2;2010-05-28;15;4;PERÚ;3;10;7;CEDIF SANTA BERNARDITA;2026-01-27;1;1;1;No aplica;11
SDFSBE00134;2;2020-11-12;5;2;PERÚ;3;10;7;CEDIF SANTA BERNARDITA;2026-01-28;7;1;1;No aplica;11
SDFSBE00134;2;2017-03-26;8;3;PERÚ;3;10;7;CEDIF SANTA BERNARDITA;2026-01-28;7;1;1;No aplica;11
SDFSBE00134;2;2015-05-29;10;3;PERÚ;3;10;7;CEDIF SANTA BERNARDITA;2026-01-28;7;1;1;No aplica;11
121200077;1;2019-06-16;6;3;PERÚ;3;10;7;CEDIF LOS CABITOS;2023-02-09;2;1;2;2026-01-02;1
121200077;1;2019-06-16;6;3;PERÚ;3;10;7;CEDIF LOS CABITOS;2023-02-09;2;1;2;2026-01-02;1
121200117;1;2020-02-23;6;3;PERÚ;3;10;7;CEDIF LOS CABITOS;2023-04-04;2;1;2;2026-01-02;1
121200087;2;2019-06-19;6;3;PERÚ;3;10;7;CEDIF LOS CABITOS;2023-02-10;3;1;2;2026-01-02;1
121200076;1;2019-05-07;6;3;VENEZUELA;3;10;7;CEDIF LOS CABITOS;2023-02-10;1;1;2;2026-01-02;1
121200023;1;2019-06-17;6;3;PERÚ;3;10;7;CEDIF LOS CABITOS;2023-01-10;2;1;2;2026-01-02;1
121200091;2;2021-09-11;4;2;PERÚ;3;10;7;CEDIF LOS CABITOS;2023-02-07;1;1;2;2026-01-02;9
121200046;2;2019-07-21;6;3;PERÚ;3;10;7;CEDIF LOS CABITOS;2022-12-28;2;1;2;2026-01-02;1
121200031;2;2019-12-25;6;3;PERÚ;3;10;7;CEDIF LOS CABITOS;2022-12-27;1;1;2;2026-01-02;1
121200067;1;2019-07-12;6;3;PERÚ;3;10;7;CEDIF LOS CABITOS;2022-12-27;2;1;2;2026-01-02;1
121200061;2;2019-04-02;6;3;PERÚ;3;10;7;CEDIF LOS CABITOS;2023-01-09;2;1;2;2026-01-02;1
121200070;2;2019-09-19;6;3;PERÚ;3;10;7;CEDIF LOS CABITOS;2023-02-09;3;1;2;2026-01-02;1
121200177;1;2019-09-15;6;3;PERÚ;3;10;7;CEDIF LOS CABITOS;2024-02-05;2;1;2;2026-01-02;1
121200154;1;2019-11-09;6;3;PERÚ;3;10;7;CEDIF LOS CABITOS;2024-02-12;1;1;2;2026-01-02;1
121200043;1;2019-12-24;6;3;PERÚ;3;10;7;CEDIF LOS CABITOS;2023-01-05;1;1;2;2026-01-02;1
121200052;2;2020-03-16;5;2;PERÚ;3;10;7;CEDIF LOS CABITOS;2022-12-28;2;1;2;2026-01-02;1
121200131;1;2019-11-05;6;3;PERÚ;3;10;7;CEDIF LOS CABITOS;2024-02-01;2;1;2;2026-01-02;1
121200147;2;2020-02-10;6;3;PERÚ;3;10;7;CEDIF LOS CABITOS;2024-02-05;2;1;2;2026-01-02;1
121200190;2;2019-10-11;6;3;PERÚ;3;10;7;CEDIF LOS CABITOS;2024-03-08;1;1;2;2026-01-02;1
121200033;1;2019-12-12;6;3;PERÚ;3;10;7;CEDIF LOS CABITOS;2022-12-27;2;2;2;2026-01-02;1
121200153;1;2020-03-29;5;2;PERÚ;3;10;7;CEDIF LOS CABITOS;2024-02-07;1;1;2;2026-01-02;9
121200049;2;2019-04-16;6;3;PERÚ;3;10;7;CEDIF LOS CABITOS;2022-12-28;1;1;2;2026-01-02;1
121200064;2;2019-10-21;6;3;PERÚ;3;10;7;CEDIF LOS CABITOS;2022-12-28;2;1;2;2026-01-02;1
121200006;2;2019-12-01;6;3;PERÚ;3;10;7;CEDIF LOS CABITOS;2023-07-12;1;1;2;2026-01-02;9
121200232;2;2019-12-14;6;3;PERÚ;3;10;7;CEDIF LOS CABITOS;2024-09-16;1;1;2;2026-01-02;9
121200237;2;2019-07-30;6;3;PERÚ;3;10;2;CEDIF LOS CABITOS;2025-02-04;2;1;2;2026-01-02;1
121200024;2;2019-05-01;6;3;PERÚ;3;10;7;CEDIF LOS CABITOS;2023-01-17;2;2;2;2026-01-02;1
121200293;1;2024-06-11;1;2;PERÚ;3;10;7;CEDIF LOS CABITOS;2026-01-23;1;1;1;No aplica;11
121200332;1;2024-01-30;2;2;PERÚ;3;10;7;CEDIF LOS CABITOS;2026-01-23;1;1;1;No aplica;11
121200329;2;2024-12-22;1;2;PERÚ;3;10;7;CEDIF LOS CABITOS;2026-01-20;1;1;1;No aplica;11
121200297;2;2024-04-20;1;2;PERÚ;3;10;7;CEDIF LOS CABITOS;2025-05-06;1;1;1;No aplica;11
121200330;1;2024-05-31;1;2;PERÚ;3;10;7;CEDIF LOS CABITOS;2026-01-20;1;1;1;No aplica;11
121200177;1;2024-02-20;2;2;PERÚ;3;10;7;CEDIF LOS CABITOS;2025-07-14;2;1;1;No aplica;11
121200335;1;2024-12-20;1;2;PERÚ;3;10;7;CEDIF LOS CABITOS;2026-01-26;1;1;1;No aplica;11
121200304;2;2023-12-15;2;2;PERÚ;3;10;7;CEDIF LOS CABITOS;2025-06-03;1;1;1;No aplica;11
121200304;1;2023-12-15;2;2;PERÚ;3;10;7;CEDIF LOS CABITOS;2025-06-03;1;1;1;No aplica;11
121200255;1;2023-04-19;2;2;PERÚ;3;10;7;CEDIF LOS CABITOS;2025-02-04;2;1;1;No aplica;11
121200285;1;2023-04-27;2;2;PERÚ;3;10;7;CEDIF LOS CABITOS;2025-03-10;1;1;1;No aplica;11
121200259;1;2023-04-24;2;2;PERÚ;3;10;7;CEDIF LOS CABITOS;2025-02-12;2;2;1;No aplica;11
121200328;1;2023-12-02;2;2;PERÚ;3;10;7;CEDIF LOS CABITOS;2026-01-26;2;1;1;No aplica;11
121200286;2;2023-09-12;2;2;PERÚ;3;10;7;CEDIF LOS CABITOS;2025-03-14;1;1;1;No aplica;11
121200258;1;2023-08-19;2;2;PERÚ;3;10;7;CEDIF LOS CABITOS;2025-02-02;2;1;1;No aplica;11
121200272;2;2023-06-22;2;2;PERÚ;3;10;7;CEDIF LOS CABITOS;2025-02-06;2;1;1;No aplica;11
121200330;1;2023-06-01;2;2;PERÚ;3;10;7;CEDIF LOS CABITOS;2026-01-20;1;1;1;No aplica;11
121200244;1;2023-10-06;2;2;PERÚ;3;10;7;CEDIF LOS CABITOS;2025-02-03;2;1;1;No aplica;11
121200277;2;2024-01-05;2;2;PERÚ;3;10;7;CEDIF LOS CABITOS;2025-07-01;1;1;1;No aplica;11
121200239;1;2023-06-29;2;2;PERÚ;3;10;7;CEDIF LOS CABITOS;2025-02-12;1;1;1;No aplica;11
121200238;2;2023-05-17;2;2;PERÚ;3;10;2;CEDIF LOS CABITOS;2025-02-04;2;2;1;No aplica;11
121200333;2;2023-08-09;2;2;PERÚ;3;10;7;CEDIF LOS CABITOS;2026-01-22;2;1;1;No aplica;11
121200331;2;2023-07-01;2;2;PERÚ;3;10;7;CEDIF LOS CABITOS;2026-01-26;2;1;1;No aplica;11
121200311;1;2023-07-19;2;2;PERÚ;3;10;7;CEDIF LOS CABITOS;2025-08-14;1;2;1;No aplica;11
121200117;2;2022-04-26;3;2;PERÚ;3;10;7;CEDIF LOS CABITOS;2023-05-03;2;1;2;2026-01-30;1
121200194;1;2022-10-06;3;2;PERÚ;3;10;7;CEDIF LOS CABITOS;2024-03-12;1;2;1;No aplica;11
121200314;1;2022-10-02;3;2;PERÚ;3;10;7;CEDIF LOS CABITOS;2025-08-15;1;1;1;No aplica;11
121200334;2;2022-11-17;3;2;PERÚ;3;10;7;CEDIF LOS CABITOS;2026-01-26;2;1;1;No aplica;11
121200095;1;2022-05-23;3;2;PERÚ;3;10;7;CEDIF LOS CABITOS;2024-02-05;2;1;1;No aplica;11
121200169;1;2022-07-18;3;2;PERÚ;3;10;7;CEDIF LOS CABITOS;2024-02-06;1;1;1;No aplica;11
121200198;2;2022-11-12;3;2;COLOMBIA;3;10;8;CEDIF LOS CABITOS;2024-03-11;1;1;1;No aplica;11
121200283;2;2022-05-06;3;2;ECUADOR;3;10;7;CEDIF LOS CABITOS;2025-03-04;1;1;1;No aplica;11
121200315;1;2022-10-28;3;2;PERÚ;3;10;7;CEDIF LOS CABITOS;2025-08-15;2;1;1;No aplica;11
121200289;1;2022-04-22;3;2;PERÚ;3;10;2;CEDIF LOS CABITOS;2025-03-03;1;1;1;No aplica;11
121200208;2;2022-08-06;3;2;PERÚ;3;10;7;CEDIF LOS CABITOS;2024-04-16;1;1;1;No aplica;11
121200210;1;2022-08-22;3;2;PERÚ;3;10;7;CEDIF LOS CABITOS;2024-04-16;1;1;1;No aplica;11
121200171;1;2022-04-12;3;2;PERÚ;3;10;7;CEDIF LOS CABITOS;2024-02-05;1;1;1;No aplica;11
121200202;2;2022-12-17;3;2;PERÚ;3;10;7;CEDIF LOS CABITOS;2024-04-01;1;1;1;No aplica;11
121200196;2;2022-07-17;3;2;CHILE;3;10;7;CEDIF LOS CABITOS;2024-03-13;1;1;1;No aplica;11
121200288;2;2023-01-01;3;2;PERÚ;3;10;1;CEDIF LOS CABITOS;2025-03-03;1;1;1;No aplica;11
121200228;2;2023-02-27;3;2;PERÚ;3;10;2;CEDIF LOS CABITOS;2024-07-09;1;1;1;No aplica;11
121200062;2;2022-05-11;3;2;PERÚ;3;10;7;CEDIF LOS CABITOS;2024-09-10;5;2;1;No aplica;11
121200216;2;2022-11-06;3;2;PERÚ;3;10;7;CEDIF LOS CABITOS;2024-05-07;1;1;1;No aplica;11
121200145;2;2022-07-26;3;2;PERÚ;3;10;7;CEDIF LOS CABITOS;2024-02-01;1;1;1;No aplica;11
121200321;2;2022-09-01;3;2;COLOMBIA;3;10;8;CEDIF LOS CABITOS;2024-03-11;1;1;1;No aplica;11
121200223;2;2023-01-25;3;2;PERÚ;3;10;7;CEDIF LOS CABITOS;2024-06-11;1;1;1;No aplica;11
121200240;2;2022-04-20;3;2;PERÚ;3;10;7;CEDIF LOS CABITOS;2025-02-04;10;1;1;No aplica;11
121200241;2;2022-08-18;3;2;PERÚ;3;10;7;CEDIF LOS CABITOS;2025-02-04;2;1;1;No aplica;11
121200293;1;2022-12-22;3;2;PERÚ;3;10;7;CEDIF LOS CABITOS;2025-03-07;1;1;1;No aplica;11
121200309;2;2022-05-21;3;2;PERÚ;3;10;7;CEDIF LOS CABITOS;2025-08-11;1;1;1;No aplica;11
121200307;1;2022-08-07;3;2;PERÚ;3;10;7;CEDIF LOS CABITOS;2025-07-11;1;1;1;No aplica;11
121200257;2;2023-01-04;3;2;PERÚ;3;10;7;CEDIF LOS CABITOS;2025-02-07;2;1;1;No aplica;11
121200306;2;2023-02-14;3;2;PERÚ;3;10;7;CEDIF LOS CABITOS;2025-07-09;1;1;1;No aplica;11
121200269;1;2023-03-04;2;2;PERÚ;3;10;7;CEDIF LOS CABITOS;2025-02-21;1;1;1;No aplica;11
121200301;1;2022-08-26;3;2;PERÚ;3;10;7;CEDIF LOS CABITOS;2025-05-09;1;1;1;No aplica;11
121200302;2;2022-05-26;3;2;PERÚ;3;10;7;CEDIF LOS CABITOS;2025-06-03;1;1;1;No aplica;11
121200249;2;2022-07-27;3;2;PERÚ;3;10;7;CEDIF LOS CABITOS;2025-02-03;2;1;1;No aplica;11
121200303;1;2022-06-04;3;2;PERÚ;3;10;7;CEDIF LOS CABITOS;2025-06-02;1;1;1;No aplica;11
121200277;1;2022-04-22;3;2;PERÚ;3;10;7;CEDIF LOS CABITOS;2025-03-03;1;1;1;No aplica;11
121200245;1;2023-01-22;3;2;PERÚ;3;10;7;CEDIF LOS CABITOS;2025-02-03;1;1;1;No aplica;11
121200264;1;2022-10-26;3;2;PERÚ;3;10;7;CEDIF LOS CABITOS;2025-02-12;2;1;1;No aplica;11
121200237;2;2022-10-06;3;2;PERÚ;3;10;2;CEDIF LOS CABITOS;2025-02-04;2;1;1;No aplica;11
121200296;2;2022-05-18;3;2;PERÚ;3;10;7;CEDIF LOS CABITOS;2025-04-09;1;1;1;No aplica;11
121200312;1;2023-01-19;3;2;PERÚ;3;10;7;CEDIF LOS CABITOS;2025-08-14;1;2;1;No aplica;11
121200168;2;2021-12-18;4;2;PERÚ;3;10;7;CEDIF LOS CABITOS;2024-02-06;1;1;1;No aplica;11
121200129;1;2021-10-03;4;2;PERÚ;3;10;2;CEDIF LOS CABITOS;2023-07-12;1;1;1;No aplica;11
121200323;2;2021-04-28;4;2;PERÚ;3;10;7;CEDIF LOS CABITOS;2026-01-13;1;1;1;No aplica;11
121200089;2;2021-06-19;4;2;VENEZUELA;3;10;7;CEDIF LOS CABITOS;2023-02-20;1;1;1;No aplica;11
121200298;1;2021-08-07;4;2;PERÚ;3;10;1;CEDIF LOS CABITOS;2025-05-07;1;1;1;No aplica;11
121200204;1;2021-10-16;4;2;PERÚ;3;10;7;CEDIF LOS CABITOS;2024-04-12;1;1;1;No aplica;11
121200186;2;2021-11-08;4;2;PERÚ;3;10;7;CEDIF LOS CABITOS;2024-02-16;1;1;1;No aplica;11
121200327;2;2021-09-26;4;2;PERÚ;3;10;7;CEDIF LOS CABITOS;2026-01-28;1;1;1;No aplica;11
121200295;2;2021-10-23;4;2;PERÚ;3;10;7;CEDIF LOS CABITOS;2025-04-01;1;1;1;No aplica;11
121200073;1;2021-06-19;4;2;PERÚ;3;10;7;CEDIF LOS CABITOS;2023-02-06;2;1;1;No aplica;11
121200135;2;2021-07-11;4;2;PERÚ;3;10;2;CEDIF LOS CABITOS;2023-09-11;2;1;1;No aplica;11
121200247;1;2021-12-01;4;2;PERÚ;3;10;7;CEDIF LOS CABITOS;2025-02-07;1;1;1;No aplica;11
121200197;1;2021-06-06;4;2;CHILE;3;10;7;CEDIF LOS CABITOS;2024-03-14;1;1;1;No aplica;11
121200201;2;2021-10-24;4;2;PERÚ;3;10;7;CEDIF LOS CABITOS;2024-03-18;1;1;1;No aplica;11
121200158;1;2022-03-21;3;2;PERÚ;3;10;7;CEDIF LOS CABITOS;2024-02-02;1;1;1;No aplica;11
121200188;2;2021-12-22;4;2;PERÚ;3;10;7;CEDIF LOS CABITOS;2024-03-11;1;1;1;No aplica;11
121200174;2;2021-09-25;4;2;PERÚ;3;10;7;CEDIF LOS CABITOS;2024-02-02;1;1;1;No aplica;11
121200267;1;2021-07-01;4;2;PERÚ;3;10;7;CEDIF LOS CABITOS;2025-02-10;2;1;1;No aplica;11
121200268;2;2021-12-18;4;2;PERÚ;3;10;7;CEDIF LOS CABITOS;2025-02-10;1;1;1;No aplica;11
121200322;2;2021-07-27;4;2;PERÚ;3;10;7;CEDIF LOS CABITOS;2026-01-26;4;1;1;No aplica;11
121200223;2;2021-04-28;4;2;PERÚ;3;10;7;CEDIF LOS CABITOS;2024-06-11;1;1;1;No aplica;11
121200148;2;2021-06-23;4;2;PERÚ;3;10;7;CEDIF LOS CABITOS;2024-02-05;1;1;1;No aplica;11
121200183;2;2022-01-10;4;2;PERÚ;3;10;7;CEDIF LOS CABITOS;2024-02-19;1;2;1;No aplica;11
121200078;1;2021-11-30;4;2;PERÚ;3;10;7;CEDIF LOS CABITOS;2025-02-02;1;1;1;No aplica;11
121200275;1;2021-11-17;4;2;PERÚ;3;10;7;CEDIF LOS CABITOS;2025-02-10;1;1;1;No aplica;11
121200243;2;2021-12-26;4;2;PERÚ;3;10;7;CEDIF LOS CABITOS;2025-02-04;1;1;1;No aplica;11
121200270;1;2021-09-28;4;2;PERÚ;3;10;7;CEDIF LOS CABITOS;2025-02-12;1;1;1;No aplica;11
121200274;2;2021-09-27;4;2;PERÚ;3;10;7;CEDIF LOS CABITOS;2025-02-17;1;1;1;No aplica;11
121200218;1;2022-03-17;3;2;CHILE;3;10;7;CEDIF LOS CABITOS;2024-05-13;1;1;1;No aplica;11
121200230;2;2021-11-15;4;2;PERÚ;3;10;7;CEDIF LOS CABITOS;2024-08-16;1;1;1;No aplica;11
121200201;2;2021-10-24;4;2;PERÚ;3;10;7;CEDIF LOS CABITOS;2024-03-18;1;1;1;No aplica;11
121200173;1;2021-12-22;4;2;PERÚ;3;10;7;CEDIF LOS CABITOS;2024-02-05;1;1;2;2026-02-09;1
121200131;1;2021-09-23;4;2;PERÚ;3;10;7;CEDIF LOS CABITOS;2023-09-04;2;1;1;No aplica;11
121200092;1;2022-01-27;4;2;PERÚ;3;10;7;CEDIF LOS CABITOS;2023-02-07;2;1;1;No aplica;11
121200047;1;2020-04-07;5;2;PERÚ;3;10;7;CEDIF LOS CABITOS;2022-12-27;2;2;1;No aplica;11
121200145;1;2021-03-03;4;2;PERÚ;3;10;7;CEDIF LOS CABITOS;2024-02-01;1;1;1;No aplica;11
121200266;1;2020-10-01;5;2;PERÚ;3;10;7;CEDIF LOS CABITOS;2025-02-12;1;1;1;No aplica;11
121200242;1;2020-11-25;5;2;PERÚ;3;10;7;CEDIF LOS CABITOS;2025-02-04;1;1;1;No aplica;11
121200095;1;2020-04-28;5;2;PERÚ;3;10;2;CEDIF LOS CABITOS;2023-03-13;2;1;1;No aplica;11
121200119;2;2020-05-10;5;2;PERÚ;3;10;7;CEDIF LOS CABITOS;2023-05-03;1;1;2;2026-02-27;1
121200102;1;2020-04-19;5;2;PERÚ;3;10;7;CEDIF LOS CABITOS;2023-03-01;1;1;1;No aplica;11
121200292;1;2020-05-18;5;2;PERÚ;3;10;7;CEDIF LOS CABITOS;2025-03-12;1;1;2;2026-02-25;1
121200152;1;2020-04-22;5;2;PERÚ;3;10;7;CEDIF LOS CABITOS;2024-02-01;1;1;1;No aplica;11
121200082;2;2020-10-22;5;2;PERÚ;3;10;7;CEDIF LOS CABITOS;2023-02-06;1;1;2;2026-01-30;1
121200180;2;2020-11-10;5;2;PERÚ;3;10;7;CEDIF LOS CABITOS;2024-02-19;1;1;1;No aplica;11
121200029;2;2020-04-21;5;2;PERÚ;3;10;7;CEDIF LOS CABITOS;2022-12-27;3;1;1;No aplica;11
121200167;1;2021-03-02;4;2;PERÚ;3;10;7;CEDIF LOS CABITOS;2024-02-01;1;1;1;No aplica;11
121200056;2;2020-05-21;5;2;PERÚ;3;10;7;CEDIF LOS CABITOS;2022-12-27;2;1;1;No aplica;11
121200016;2;2020-05-11;5;2;PERÚ;3;10;7;CEDIF LOS CABITOS;2023-01-05;1;1;1;No aplica;11
121200008;2;2021-01-16;5;2;PERÚ;3;10;7;CEDIF LOS CABITOS;2023-01-16;2;1;1;No aplica;11
121200208;2;2021-02-04;5;2;PERÚ;3;10;7;CEDIF LOS CABITOS;2024-05-08;1;1;1;No aplica;11
121200157;1;2020-09-26;5;2;PERÚ;3;10;7;CEDIF LOS CABITOS;2024-02-05;1;1;1;No aplica;11
121200027;2;2021-03-20;4;2;PERÚ;3;10;7;CEDIF LOS CABITOS;2023-03-10;2;1;1;No aplica;11
121200118;1;2020-04-14;5;2;PERÚ;3;10;7;CEDIF LOS CABITOS;2023-05-08;2;1;1;No aplica;11
121200202;2;2020-12-03;5;2;PERÚ;3;10;7;CEDIF LOS CABITOS;2024-04-01;1;1;1;No aplica;11
121200021;1;2020-07-29;5;2;PERÚ;3;10;7;CEDIF LOS CABITOS;2023-03-15;1;1;1;No aplica;11
121200179;1;2020-06-24;5;2;PERÚ;3;10;7;CEDIF LOS CABITOS;2024-02-16;1;1;1;No aplica;11
121200138;1;2020-06-15;5;2;PERÚ;3;10;7;CEDIF LOS CABITOS;2024-02-01;1;1;1;No aplica;11
121200172;2;2020-09-23;5;2;PERÚ;3;10;7;CEDIF LOS CABITOS;2024-02-16;1;1;1;No aplica;11
121200232;2;2021-02-09;5;2;PERÚ;3;10;7;CEDIF LOS CABITOS;2024-09-16;1;1;1;No aplica;11
121200121;2;2020-05-31;5;2;PERÚ;3;10;7;CEDIF LOS CABITOS;2023-05-22;1;2;1;No aplica;11
121200296;2;2021-01-03;5;2;PERÚ;3;10;7;CEDIF LOS CABITOS;2025-04-09;1;1;1;No aplica;11
121200009;1;2021-01-01;5;2;PERÚ;3;10;7;CEDIF LOS CABITOS;2022-12-27;1;1;1;No aplica;11
121200205;2;2020-09-22;5;2;PERÚ;3;10;7;CEDIF LOS CABITOS;2025-02-06;1;1;1;No aplica;11
121200001;2;2017-06-30;8;3;PERÚ;3;10;7;CEDIF LOS CABITOS;2024-11-08;2;2;1;No aplica;11
121200294;2;2017-09-24;8;3;PERÚ;3;10;7;CEDIF LOS CABITOS;2025-03-14;1;1;1;No aplica;11
121200310;2;2017-08-18;8;3;PERÚ;3;10;7;CEDIF LOS CABITOS;2025-08-04;1;1;1;No aplica;11
121200078;2;2017-02-17;9;3;PERÚ;3;10;7;CEDIF LOS CABITOS;2023-02-15;1;1;1;No aplica;11
121200259;2;2017-09-08;8;3;PERÚ;3;10;7;CEDIF LOS CABITOS;2025-02-12;2;2;1;No aplica;11
121200061;1;2017-01-19;9;3;PERÚ;3;10;7;CEDIF LOS CABITOS;2023-09-15;2;2;1;No aplica;11
121200318;1;2016-04-15;9;3;PERÚ;3;10;7;CEDIF LOS CABITOS;2025-08-15;2;1;1;No aplica;11
121200016;2;2016-12-07;9;3;PERÚ;3;10;7;CEDIF LOS CABITOS;2024-04-15;1;1;1;No aplica;11
121200008;2;2016-04-08;9;3;BOLIVIA;3;10;7;CEDIF LOS CABITOS;2021-01-04;2;1;1;No aplica;11
121200289;2;2018-05-31;7;3;PERÚ;3;10;7;CEDIF LOS CABITOS;2026-01-08;1;1;1;No aplica;11
121200089;2;2017-08-17;8;3;VENEZUELA;3;10;7;CEDIF LOS CABITOS;2025-09-10;1;1;1;No aplica;11
121200138;2;2017-09-10;8;3;PERÚ;3;10;7;CEDIF LOS CABITOS;2024-01-12;1;1;1;No aplica;11
121200326;1;2019-04-17;6;3;PERÚ;3;10;7;CEDIF LOS CABITOS;2026-01-02;2;1;2;2026-02-27;1
121200329;2;2017-07-26;8;3;PERÚ;3;10;7;CEDIF LOS CABITOS;2026-01-20;1;1;1;No aplica;11
121200009;2;2016-04-11;9;3;PERÚ;3;10;7;CEDIF LOS CABITOS;2024-02-14;1;1;1;No aplica;11
121200205;2;2017-10-09;8;3;PERÚ;3;10;7;CEDIF LOS CABITOS;2025-02-06;1;1;1;No aplica;11
121200324;2;2016-04-10;9;3;PERÚ;3;10;7;CEDIF LOS CABITOS;2026-01-21;2;1;1;No aplica;11
121200309;1;2015-03-19;10;3;PERÚ;3;10;7;CEDIF LOS CABITOS;2025-08-11;1;1;2;2026-01-02;1
121200081;2;2014-11-19;11;3;PERÚ;3;10;7;CEDIF LOS CABITOS;2023-02-06;2;1;1;No aplica;11
121200063;2;2014-04-30;11;3;PERÚ;3;10;7;CEDIF LOS CABITOS;2023-01-04;2;1;1;No aplica;11
121200325;1;2014-11-21;11;3;PERÚ;3;10;7;CEDIF LOS CABITOS;2026-01-15;1;5;1;No aplica;11
121200089;2;2015-05-03;10;3;VENEZUELA;3;10;7;CEDIF LOS CABITOS;2025-09-10;1;1;1;No aplica;11
121200284;2;2015-04-15;10;3;PERÚ;3;10;7;CEDIF LOS CABITOS;2025-03-07;1;1;1;No aplica;11
121200129;2;2015-09-12;10;3;PERÚ;3;10;2;CEDIF LOS CABITOS;2023-07-12;1;1;1;No aplica;11
121200073;1;2015-07-16;10;3;PERÚ;3;10;7;CEDIF LOS CABITOS;2023-02-07;2;1;1;No aplica;11
121200139;2;2015-09-14;10;3;PERÚ;3;10;7;CEDIF LOS CABITOS;2024-01-17;1;1;1;No aplica;11
121200317;2;2014-11-08;11;3;PERÚ;3;10;7;CEDIF LOS CABITOS;2025-08-05;1;2;1;No aplica;11
121200247;1;2014-02-04;12;4;PERÚ;3;10;7;CEDIF LOS CABITOS;2025-02-07;1;1;1;No aplica;11
121200313;1;2014-11-04;11;3;PERÚ;3;10;7;CEDIF LOS CABITOS;2025-08-01;1;1;1;No aplica;11
121200085;1;2015-03-02;10;3;PERÚ;3;10;7;CEDIF LOS CABITOS;2023-02-09;1;1;1;No aplica;11
121200261;2;2016-02-24;10;3;PERÚ;3;10;7;CEDIF LOS CABITOS;2025-02-07;1;1;1;No aplica;11
121200303;1;2014-03-20;11;3;PERÚ;3;10;7;CEDIF LOS CABITOS;2025-09-15;1;1;1;No aplica;11
121200188;2;2015-07-12;10;3;PERÚ;3;10;7;CEDIF LOS CABITOS;2024-05-03;1;1;2;2026-01-30;1
121200138;1;2014-08-10;11;3;PERÚ;3;10;7;CEDIF LOS CABITOS;2024-01-12;1;2;1;No aplica;11
121200117;2;2015-03-15;10;3;PERÚ;3;10;2;CEDIF LOS CABITOS;2023-04-04;2;1;2;2026-01-30;1
121200238;1;2015-07-05;10;3;PERÚ;3;10;2;CEDIF LOS CABITOS;2025-02-04;2;2;1;No aplica;11
121200215;1;2014-03-07;11;3;PERÚ;3;10;7;CEDIF LOS CABITOS;2024-05-07;1;1;1;No aplica;11
121200268;1;2015-06-12;10;3;PERÚ;3;10;7;CEDIF LOS CABITOS;2025-02-10;1;1;2;2026-01-02;1
121200232;1;2014-06-14;11;3;PERÚ;3;10;7;CEDIF LOS CABITOS;2025-04-09;1;1;1;No aplica;11
121200237;1;2015-11-04;10;3;PERÚ;3;10;2;CEDIF LOS CABITOS;2025-02-04;2;1;1;No aplica;11
121200208;2;2014-10-22;11;3;PERÚ;3;10;7;CEDIF LOS CABITOS;2024-05-08;1;1;2;2026-01-30;1
121200324;2;2014-12-17;11;3;PERÚ;3;10;7;CEDIF LOS CABITOS;2026-01-21;2;1;1;No aplica;11
121200127;1;2013-07-05;12;4;PERÚ;3;10;7;CEDIF LOS CABITOS;2023-06-14;2;1;1;No aplica;11
121200164;1;2013-06-17;12;4;PERÚ;3;10;7;CEDIF LOS CABITOS;2024-02-14;1;1;1;No aplica;11
121200078;1;2013-04-03;12;4;PERÚ;3;10;7;CEDIF LOS CABITOS;2023-02-15;1;1;1;No aplica;11
121200142;2;2013-02-26;13;4;PERÚ;3;10;7;CEDIF LOS CABITOS;2024-01-24;1;1;1;No aplica;11
121200305;1;2013-09-12;12;4;PERÚ;3;10;2;CEDIF LOS CABITOS;2025-07-03;1;1;1;No aplica;11
121200231;1;2012-07-06;13;4;PERÚ;3;10;7;CEDIF LOS CABITOS;2024-08-19;1;1;1;No aplica;11
121200139;1;2013-06-03;12;4;PERÚ;3;10;7;CEDIF LOS CABITOS;2024-01-17;1;1;1;No aplica;11
121200206;2;2013-02-20;13;4;PERÚ;3;10;7;CEDIF LOS CABITOS;2024-04-16;1;1;1;No aplica;11
121200238;1;2013-04-19;12;4;PERÚ;3;10;2;CEDIF LOS CABITOS;2025-02-04;2;2;1;No aplica;11
121200323;2;2012-07-08;13;4;PERÚ;3;10;7;CEDIF LOS CABITOS;2026-01-13;1;1;1;No aplica;11
121200205;1;2012-01-17;14;4;PERÚ;3;10;7;CEDIF LOS CABITOS;2024-04-15;1;1;1;No aplica;11
121200310;2;2010-11-09;15;4;PERÚ;3;10;7;CEDIF LOS CABITOS;2025-08-04;1;1;1;No aplica;11
121200063;2;2010-10-17;15;4;PERÚ;3;10;7;CEDIF LOS CABITOS;2023-01-04;2;1;1;No aplica;11
121200122;1;2009-07-11;16;4;PERÚ;3;10;7;CEDIF LOS CABITOS;2023-05-15;1;1;1;No aplica;11
121200325;2;2010-06-12;15;4;PERÚ;3;10;7;CEDIF LOS CABITOS;2026-01-15;1;1;1;No aplica;11
121200087;1;2009-11-01;16;4;PERÚ;3;10;7;CEDIF LOS CABITOS;2023-02-10;3;1;1;No aplica;11
121200272;2;2010-08-21;15;4;PERÚ;3;10;7;CEDIF LOS CABITOS;2025-02-06;2;1;1;No aplica;11
121200057;1;2008-01-27;18;5;PERÚ;3;10;7;CEDIF LOS CABITOS;2023-01-16;1;1;2;2026-01-26;5
121200057;2;2012-03-14;13;4;PERÚ;3;10;7;CEDIF LOS CABITOS;2023-01-04;1;1;1;No aplica;11
121200231;2;2009-10-02;16;4;PERÚ;3;10;7;CEDIF LOS CABITOS;2024-08-19;1;1;1;No aplica;11
121200007;2;2010-08-12;15;4;PERÚ;3;10;7;CEDIF LOS CABITOS;2025-02-10;2;2;1;No aplica;11
121200007;2;2010-08-12;15;4;PERÚ;3;10;7;CEDIF LOS CABITOS;2025-02-10;2;2;1;No aplica;11
121200172;2;2009-04-04;16;4;PERÚ;3;10;7;CEDIF LOS CABITOS;2025-08-12;1;1;1;No aplica;11
121200318;1;2012-01-08;14;4;PERÚ;3;10;7;CEDIF LOS CABITOS;2025-08-15;2;1;1;No aplica;11
121200318;2;2010-08-01;15;4;PERÚ;3;10;7;CEDIF LOS CABITOS;2025-08-15;2;1;1;No aplica;11
121200221;2;2012-01-04;14;4;PERÚ;3;10;7;CEDIF LOS CABITOS;2024-05-15;1;2;1;No aplica;11
121200235;1;2011-04-17;14;4;PERÚ;3;10;7;CEDIF LOS CABITOS;2024-11-12;1;1;1;No aplica;11
121200237;1;2011-01-04;15;4;PERÚ;3;10;2;CEDIF LOS CABITOS;2025-02-04;2;1;1;No aplica;11
121200326;2;2011-08-05;14;4;PERÚ;3;10;7;CEDIF LOS CABITOS;2026-01-02;2;1;1;No aplica;11
121200243;1;2010-08-07;15;4;PERÚ;3;10;7;CEDIF LOS CABITOS;2025-02-04;2;1;1;No aplica;11
121200323;2;2010-07-28;15;4;PERÚ;3;10;7;CEDIF LOS CABITOS;2026-01-13;1;1;1;No aplica;11
390;1;2014-08-30;11;3;PERÚ;3;10;7;CEDIF PESTALOZZI;2024-10-01;1;1;1;No aplica;11
390;2;2012-08-23;13;4;PERÚ;3;10;7;CEDIF PESTALOZZI;2024-10-01;1;1;1;No aplica;11
341;2;2017-01-03;9;3;PERÚ;3;10;7;CEDIF PESTALOZZI;2024-02-09;1;2;1;No aplica;11
341;2;2013-08-13;12;4;PERÚ;3;10;7;CEDIF PESTALOZZI;2024-02-09;1;2;1;No aplica;11
462;2;2018-03-19;7;3;PERÚ;3;10;7;CEDIF PESTALOZZI;2026-01-15;1;1;1;No aplica;11
462;2;2022-01-30;4;2;PERÚ;3;10;7;CEDIF PESTALOZZI;2025-11-10;3;1;1;No aplica;11
370;2;2021-09-12;4;2;PERÚ;3;10;7;CEDIF PESTALOZZI;2024-06-05;1;1;1;No aplica;11
470;1;2011-10-23;14;4;PERÚ;3;10;7;CEDIF PESTALOZZI;2026-01-20;7;1;1;No aplica;11
464;1;2023-10-12;2;2;PERÚ;3;10;7;CEDIF PESTALOZZI;2025-11-24;1;1;2;2026-01-02;1
415;1;2020-03-03;5;2;PERÚ;3;10;7;CEDIF PESTALOZZI;2025-02-11;1;1;2;2026-01-02;9
411;2;2017-05-01;8;3;PERÚ;3;10;7;CEDIF PESTALOZZI;2025-02-19;1;2;1;No aplica;11
396;2;2022-12-04;3;2;PERÚ;3;10;7;CEDIF PESTALOZZI;2025-01-02;1;1;1;No aplica;11
396;2;2021-01-14;5;2;PERÚ;3;10;7;CEDIF PESTALOZZI;2025-01-02;1;1;1;No aplica;11
468;1;2016-11-16;9;3;PERÚ;3;10;7;CEDIF PESTALOZZI;2025-12-01;1;1;1;No aplica;11
393;2;2022-09-26;3;2;PERÚ;3;10;7;CEDIF PESTALOZZI;2024-11-04;1;2;2;2026-02-09;10
393;1;2011-04-03;14;4;PERÚ;3;10;7;CEDIF PESTALOZZI;2025-09-27;1;2;2;2026-02-06;1
393;2;2015-01-03;11;3;PERÚ;3;10;7;CEDIF PESTALOZZI;2025-09-27;1;2;1;No aplica;11
393;2;2019-07-28;6;3;PERÚ;3;10;7;CEDIF PESTALOZZI;2025-09-27;1;2;1;No aplica;11
422;2;2019-02-03;7;3;PERÚ;3;10;7;CEDIF PESTALOZZI;2025-12-03;3;1;1;No aplica;11
422;2;2023-02-06;3;2;PERÚ;3;10;7;CEDIF PESTALOZZI;2025-03-06;1;1;1;No aplica;11
467;1;2016-11-21;9;3;PERÚ;3;10;7;CEDIF PESTALOZZI;2025-12-05;1;1;2;2026-02-06;1
105;2;2021-04-05;4;2;PERÚ;3;10;7;CEDIF PESTALOZZI;2023-07-03;1;1;1;No aplica;11
190;2;2012-08-20;13;4;PERÚ;3;10;7;CEDIF PESTALOZZI;2022-08-25;1;2;1;No aplica;11
451;1;2022-09-02;3;2;PERÚ;3;10;7;CEDIF PESTALOZZI;2025-08-28;1;1;1;No aplica;11
102;1;2014-05-03;11;3;PERÚ;3;10;7;CEDIF PESTALOZZI;2020-01-06;1;1;1;No aplica;11
439;1;2015-04-04;10;3;PERÚ;3;10;7;CEDIF PESTALOZZI;2025-06-20;1;1;1;No aplica;11
439;2;2017-09-05;8;3;PERÚ;3;10;7;CEDIF PESTALOZZI;2025-06-20;1;1;1;No aplica;11
265;2;2021-02-05;5;2;PERÚ;3;10;7;CEDIF PESTALOZZI;2023-03-29;1;1;1;No aplica;11
462;1;2015-05-14;10;3;PERÚ;3;10;7;CEDIF PESTALOZZI;2026-01-15;1;2;1;No aplica;11
466;1;2014-01-16;12;4;PERÚ;3;10;7;CEDIF PESTALOZZI;2025-11-20;1;1;2;2026-01-02;8
227;2;2013-05-28;12;4;PERÚ;3;10;7;CEDIF PESTALOZZI;2023-01-10;1;2;1;No aplica;11
379;1;2023-08-26;2;2;PERÚ;3;10;7;CEDIF PESTALOZZI;2025-11-04;3;1;1;No aplica;11
425;1;2022-07-15;3;2;PERÚ;3;10;7;CEDIF PESTALOZZI;2025-03-17;1;1;1;No aplica;11
447;1;2023-06-05;2;2;PERÚ;3;10;7;CEDIF PESTALOZZI;2025-06-30;1;2;1;No aplica;11
291;2;2009-04-01;16;4;PERÚ;3;10;7;CEDIF PESTALOZZI;2023-05-10;2;1;1;No aplica;11
419;1;2022-11-28;3;2;PERÚ;3;10;7;CEDIF PESTALOZZI;2025-02-24;1;1;2;2026-01-02;1
356;1;2022-02-06;4;2;PERÚ;3;10;7;CEDIF PESTALOZZI;2024-03-27;1;1;1;No aplica;11
471;2;2022-05-23;3;2;PERÚ;3;10;7;CEDIF PESTALOZZI;2026-01-07;1;1;2;2026-01-29;1
305;2;2021-06-13;4;2;PERÚ;3;10;7;CEDIF PESTALOZZI;2023-06-26;1;1;2;2026-01-02;2
463;1;2023-09-18;2;2;PERÚ;3;10;7;CEDIF PESTALOZZI;2025-11-12;3;1;1;No aplica;11
353;1;2020-06-13;5;2;PERÚ;3;10;7;CEDIF PESTALOZZI;2024-03-18;1;1;1;No aplica;11
279;2;2016-04-02;9;3;PERÚ;3;10;7;CEDIF PESTALOZZI;2023-04-13;1;1;1;No aplica;11
279;2;2018-12-25;7;3;PERÚ;3;10;7;CEDIF PESTALOZZI;2025-01-06;1;1;1;No aplica;11
414;2;2015-10-01;10;3;PERÚ;3;10;7;CEDIF PESTALOZZI;2026-01-21;1;1;1;No aplica;11
414;2;2020-10-21;5;2;PERÚ;3;10;7;CEDIF PESTALOZZI;2025-02-10;1;1;1;No aplica;11
363;1;2009-08-28;16;4;PERÚ;3;10;7;CEDIF PESTALOZZI;2017-05-23;1;1;1;No aplica;11
363;1;2013-09-13;12;4;PERÚ;3;10;7;CEDIF PESTALOZZI;2017-08-03;1;1;1;No aplica;11
446;2;2019-07-17;6;3;PERÚ;3;10;7;CEDIF PESTALOZZI;2025-06-26;1;1;2;2026-01-02;1
454;1;2023-04-24;2;2;COLOMBIA;3;10;7;CEDIF PESTALOZZI;2025-09-09;1;1;1;No aplica;11
262;1;2016-02-04;10;3;PERÚ;3;10;7;CEDIF PESTALOZZI;2023-02-24;1;1;1;No aplica;11
262;1;2014-04-20;11;3;PERÚ;3;10;7;CEDIF PESTALOZZI;2023-02-24;1;1;1;No aplica;11
381;1;2022-02-03;4;2;PERÚ;3;10;7;CEDIF PESTALOZZI;2024-08-15;1;1;1;No aplica;11
441;2;2019-02-15;7;3;PERÚ;3;10;7;CEDIF PESTALOZZI;2025-06-25;1;2;1;No aplica;11
441;2;2021-12-10;4;2;PERÚ;3;10;7;CEDIF PESTALOZZI;2025-06-16;1;2;1;No aplica;11
438;2;2022-11-24;3;2;PERÚ;3;10;7;CEDIF PESTALOZZI;2025-05-19;1;1;1;No aplica;11
343;1;2008-04-04;17;4;PERÚ;3;10;7;CEDIF PESTALOZZI;2024-02-09;1;1;1;No aplica;11
345;2;2022-03-19;3;2;PERÚ;3;10;7;CEDIF PESTALOZZI;2024-02-19;1;1;2;2026-02-20;10
455;2;2016-04-19;9;3;PERÚ;3;10;7;CEDIF PESTALOZZI;2025-12-17;13;2;1;No aplica;11
232;2;2016-01-13;10;3;PERÚ;3;10;7;CEDIF PESTALOZZI;2022-12-27;1;2;1;No aplica;11
457;2;2023-03-12;2;2;PERÚ;3;10;7;CEDIF PESTALOZZI;2025-09-16;3;1;1;No aplica;11
325;1;2017-06-10;8;3;PERÚ;3;10;7;CEDIF PESTALOZZI;2024-01-16;1;1;1;No aplica;11
325;2;2018-12-04;7;3;PERÚ;3;10;7;CEDIF PESTALOZZI;2024-01-08;1;1;1;No aplica;11
325;1;2022-06-18;3;2;PERÚ;3;10;7;CEDIF PESTALOZZI;2024-03-11;1;1;1;No aplica;11
389;1;2022-10-03;3;2;PERÚ;3;10;7;CEDIF PESTALOZZI;2024-09-24;3;1;1;No aplica;11
351;1;2021-12-20;4;2;PERÚ;3;10;7;CEDIF PESTALOZZI;2024-03-12;1;2;1;No aplica;11
351;2;2021-12-20;4;2;PERÚ;3;10;7;CEDIF PESTALOZZI;2024-03-12;1;2;1;No aplica;11
231;1;2014-06-23;11;3;PERÚ;3;10;7;CEDIF PESTALOZZI;2023-04-12;1;1;1;No aplica;11
433;2;2014-09-06;11;3;PERÚ;3;10;7;CEDIF PESTALOZZI;2025-04-10;1;1;1;No aplica;11
434;2;2023-08-27;2;2;PERÚ;3;10;7;CEDIF PESTALOZZI;2025-05-05;1;2;2;2026-01-02;1
408;2;2013-05-06;12;4;PERÚ;3;10;7;CEDIF PESTALOZZI;2025-01-15;5;1;1;No aplica;11
469;1;2018-12-31;7;3;PERÚ;3;10;7;CEDIF PESTALOZZI;2026-01-06;1;1;1;No aplica;11
399;2;2022-08-30;3;2;PERÚ;3;10;7;CEDIF PESTALOZZI;2025-01-07;1;2;1;No aplica;11
431;2;2011-03-11;14;4;PERÚ;3;10;7;CEDIF PESTALOZZI;2025-03-21;1;1;1;No aplica;11
455;2;2014-02-15;12;4;PERÚ;3;10;7;CEDIF PESTALOZZI;2025-09-11;1;1;1;No aplica;11
450;1;2009-03-19;16;4;PERÚ;3;10;7;CEDIF PESTALOZZI;2025-08-04;2;2;1;No aplica;11
213;1;2023-01-23;3;2;PERÚ;3;10;7;CEDIF PESTALOZZI;2026-01-02;1;1;1;No aplica;11
213;2;2019-04-24;6;3;PERÚ;3;10;7;CEDIF PESTALOZZI;2022-10-26;1;1;1;No aplica;11
449;2;2020-12-02;5;2;PERÚ;3;10;7;CEDIF PESTALOZZI;2025-08-14;1;1;1;No aplica;11
449;1;2022-08-27;3;2;PERÚ;3;10;7;CEDIF PESTALOZZI;2025-07-16;1;1;1;No aplica;11
151;2;2011-08-06;14;4;PERÚ;3;10;7;CEDIF PESTALOZZI;2022-03-23;1;1;1;No aplica;11
151;2;2019-04-03;6;3;PERÚ;3;10;7;CEDIF PESTALOZZI;2022-04-13;1;1;2;2026-02-02;1
151;1;2012-08-01;13;4;PERÚ;3;10;7;CEDIF PESTALOZZI;2022-03-23;1;1;1;No aplica;11
343;2;2016-01-20;10;3;PERÚ;3;10;7;CEDIF PESTALOZZI;2024-02-09;1;1;1;No aplica;11
436;2;2022-11-26;3;2;PERÚ;3;10;7;CEDIF PESTALOZZI;2025-05-09;1;1;1;No aplica;11
456;1;2022-11-19;3;2;PERÚ;3;10;7;CEDIF PESTALOZZI;2025-09-15;3;1;2;2026-01-02;1
460;1;2022-07-15;3;2;VENEZUELA;3;10;7;CEDIF PESTALOZZI;2025-11-03;1;1;1;No aplica;11
412;2;2021-07-16;4;2;PERÚ;3;10;7;CEDIF PESTALOZZI;2025-02-07;1;1;1;No aplica;11
412;2;2020-06-29;5;2;PERÚ;3;10;7;CEDIF PESTALOZZI;2025-02-07;1;1;1;No aplica;11
38;1;2021-06-07;4;2;PERÚ;3;10;7;CEDIF PESTALOZZI;2023-07-06;1;1;1;No aplica;11
93;2;2013-02-21;13;4;PERÚ;3;10;7;CEDIF PESTALOZZI;2018-02-20;1;1;1;No aplica;11
461;1;2022-11-24;3;2;PERÚ;3;10;7;CEDIF PESTALOZZI;2025-11-05;1;1;1;No aplica;11
334;1;2018-03-11;7;3;PERÚ;3;10;7;CEDIF PESTALOZZI;2024-02-20;1;1;1;No aplica;11
269;1;2021-02-15;5;2;PERÚ;3;10;7;CEDIF PESTALOZZI;2023-02-27;1;1;2;2026-01-02;9
458;1;2023-05-03;2;2;PERÚ;3;10;7;CEDIF PESTALOZZI;2025-09-19;3;1;1;No aplica;11
302;1;2021-06-09;4;2;PERÚ;3;10;7;CEDIF PESTALOZZI;2023-06-09;1;1;1;No aplica;11
416;2;2019-12-23;6;3;PERÚ;3;10;7;CEDIF PESTALOZZI;2025-02-18;1;1;2;2026-01-02;9
416;1;2012-06-09;13;4;PERÚ;3;10;7;CEDIF PESTALOZZI;2025-02-14;1;1;1;No aplica;11
416;2;2018-01-12;8;3;PERÚ;3;10;7;CEDIF PESTALOZZI;2025-02-14;1;1;1;No aplica;11
211;2;2020-04-26;5;2;PERÚ;3;10;7;CEDIF PESTALOZZI;2022-11-22;1;1;1;No aplica;11
418;1;2022-09-04;3;2;PERÚ;3;10;7;CEDIF PESTALOZZI;2025-02-24;1;1;2;2026-01-02;1
472;1;2023-11-14;2;2;PERÚ;3;10;7;CEDIF PESTALOZZI;2026-01-07;1;1;2;2026-01-29;1
410;1;2014-12-08;11;3;ARGENTINA;3;10;7;CEDIF PESTALOZZI;2025-01-15;1;1;2;2026-02-02;1
405;1;2017-10-08;8;3;PERÚ;3;10;7;CEDIF PESTALOZZI;2025-01-15;1;1;1;No aplica;11
405;1;2015-08-18;10;3;PERÚ;3;10;7;CEDIF PESTALOZZI;2025-01-15;1;1;1;No aplica;11
465;2;2023-06-12;2;2;PERÚ;3;10;7;CEDIF PESTALOZZI;2025-11-26;1;2;1;No aplica;11
429;2;2023-01-08;3;2;PERÚ;3;10;7;CEDIF PESTALOZZI;2025-03-24;1;1;1;No aplica;11
199;1;2020-01-25;6;3;PERÚ;3;10;7;CEDIF PESTALOZZI;2022-09-07;1;1;2;2026-01-30;1
CDFRCM00015;2;2022-01-28;4;2;PERÚ;3;10;7;CEDIF ROSA CODA DE MARTORELL;2024-04-16;3;1;1;No aplica;11
CDFRCM00015;1;2020-04-08;5;2;PERÚ;3;10;7;CEDIF ROSA CODA DE MARTORELL;2022-07-04;3;1;1;No aplica;11
CDFRCM00015;1;2015-06-17;10;3;PERÚ;3;10;7;CEDIF ROSA CODA DE MARTORELL;2022-07-04;3;1;1;No aplica;11
CDFRCM00016;1;2019-08-16;6;3;PERÚ;3;10;2;CEDIF ROSA CODA DE MARTORELL;2022-07-12;4;1;1;No aplica;11
CDFRCM00021;2;2020-01-28;6;3;PERÚ;3;10;7;CEDIF ROSA CODA DE MARTORELL;2022-12-01;2;1;2;2026-01-01;5
CDFRCM00022;2;2020-03-15;5;2;PERÚ;3;10;7;CEDIF ROSA CODA DE MARTORELL;2022-12-19;1;1;2;2026-01-01;5
CDFRCM00024;1;2019-04-14;6;3;PERÚ;3;10;2;CEDIF ROSA CODA DE MARTORELL;2023-01-18;2;1;2;2026-02-01;5
CDFRCM00024;1;2022-04-17;3;2;PERÚ;3;10;2;CEDIF ROSA CODA DE MARTORELL;2024-04-22;4;1;1;No aplica;11
CDFRCM00024;2;2022-04-17;3;2;PERÚ;3;10;2;CEDIF ROSA CODA DE MARTORELL;2024-04-22;4;1;1;No aplica;11
CDFRCM00025;1;2019-07-17;6;3;PERÚ;3;10;1;CEDIF ROSA CODA DE MARTORELL;2023-01-20;2;1;2;2026-02-01;5
CDFRCM00026;2;2020-05-10;5;2;COLOMBIA;3;10;5;CEDIF ROSA CODA DE MARTORELL;2023-01-23;4;1;2;2026-01-01;5
CDFRCM00026;1;2022-02-08;4;2;PERÚ;3;10;7;CEDIF ROSA CODA DE MARTORELL;2024-03-11;4;1;2;2026-01-01;10
CDFRCM00027;2;2015-03-30;10;3;PERÚ;3;10;7;CEDIF ROSA CODA DE MARTORELL;2023-01-25;1;1;2;2026-02-28;5
CDFRCM00032;1;2019-04-24;6;3;PERÚ;3;10;7;CEDIF ROSA CODA DE MARTORELL;2023-02-22;1;1;2;2026-01-01;5
CDFRCM00033;2;2020-09-27;5;2;PERÚ;3;10;2;CEDIF ROSA CODA DE MARTORELL;2023-03-08;3;1;1;No aplica;11
CDFRCM00037;2;2013-06-25;12;4;PERÚ;3;10;7;CEDIF ROSA CODA DE MARTORELL;2023-03-08;4;1;2;2026-01-01;10
CDFRCM00038;2;2019-11-11;6;3;PERÚ;3;10;2;CEDIF ROSA CODA DE MARTORELL;2023-03-21;4;1;2;2026-01-01;5
CDFRCM00039;1;2020-04-25;5;2;PERÚ;3;10;2;CEDIF ROSA CODA DE MARTORELL;2023-03-24;4;1;1;No aplica;11
CDFRCM00039;2;2018-12-04;7;3;PERÚ;3;10;2;CEDIF ROSA CODA DE MARTORELL;2023-03-24;4;1;1;No aplica;11
CDFRCM00040;2;2020-11-28;5;2;PERÚ;3;10;7;CEDIF ROSA CODA DE MARTORELL;2023-04-03;4;1;2;2026-02-01;10
CDFRCM00041;2;2020-03-13;5;2;PERÚ;3;10;6;CEDIF ROSA CODA DE MARTORELL;2023-04-05;4;1;2;2026-01-01;10
CDFRCM00042;2;2020-05-18;5;2;PERÚ;3;10;7;CEDIF ROSA CODA DE MARTORELL;2023-04-05;4;1;2;2026-01-01;10
CDFRCM00048;1;2013-06-18;12;4;PERÚ;3;10;2;CEDIF ROSA CODA DE MARTORELL;2023-04-17;7;1;2;2026-01-01;8
CDFRCM00049;1;2020-09-08;5;2;PERÚ;3;10;1;CEDIF ROSA CODA DE MARTORELL;2023-05-10;4;1;2;2026-01-01;10
CDFRCM00049;2;2012-10-31;13;4;PERÚ;3;10;1;CEDIF ROSA CODA DE MARTORELL;2023-05-05;4;1;2;2026-01-01;10
CDFRCM00052;2;2019-12-23;6;3;PERÚ;3;10;2;CEDIF ROSA CODA DE MARTORELL;2023-05-15;2;1;1;No aplica;11
CDFRCM00054;1;2019-07-18;6;3;PERÚ;3;10;2;CEDIF ROSA CODA DE MARTORELL;2023-06-07;1;1;1;No aplica;11
CDFRCM00056;2;2019-08-26;6;3;PERÚ;3;10;7;CEDIF ROSA CODA DE MARTORELL;2023-08-09;1;1;1;No aplica;11
CDFRCM00058;1;2014-06-29;11;3;PERÚ;3;10;2;CEDIF ROSA CODA DE MARTORELL;2023-09-18;1;1;1;No aplica;11
CDFRCM00059;1;2011-06-13;14;4;PERÚ;3;10;7;CEDIF ROSA CODA DE MARTORELL;2023-09-19;1;1;1;No aplica;11
CDFRCM00060;1;2010-02-17;16;4;PERÚ;3;10;7;CEDIF ROSA CODA DE MARTORELL;2023-11-24;7;1;1;No aplica;11
CDFRCM00065;1;2020-07-02;5;2;PERÚ;3;10;7;CEDIF ROSA CODA DE MARTORELL;2024-02-20;1;1;1;No aplica;11
CDFRCM00065;1;2013-04-22;12;4;PERÚ;3;10;2;CEDIF ROSA CODA DE MARTORELL;2024-03-12;1;1;1;No aplica;11
CDFRCM00066;1;2020-11-21;5;2;PERÚ;3;10;2;CEDIF ROSA CODA DE MARTORELL;2024-03-04;1;1;2;2026-01-01;10
CDFRCM00070;1;2021-08-11;4;2;PERÚ;3;10;7;CEDIF ROSA CODA DE MARTORELL;2024-03-11;4;1;1;No aplica;11
CDFRCM00071;1;2022-01-22;4;2;PERÚ;3;10;2;CEDIF ROSA CODA DE MARTORELL;2024-03-11;3;1;2;2026-02-28;10
CDFRCM00071;2;2022-01-22;4;2;PERÚ;3;10;2;CEDIF ROSA CODA DE MARTORELL;2024-03-11;3;1;2;2026-02-28;10
CDFRCM00072;1;2019-06-21;6;3;PERÚ;3;10;7;CEDIF ROSA CODA DE MARTORELL;2024-03-11;1;1;1;No aplica;11
CDFRCM00072;1;2019-06-21;6;3;PERÚ;3;10;7;CEDIF ROSA CODA DE MARTORELL;2024-03-11;1;1;1;No aplica;11
CDFRCM00073;1;2021-05-12;4;2;PERÚ;3;10;2;CEDIF ROSA CODA DE MARTORELL;2024-03-18;3;2;1;No aplica;11
CDFRCM00074;2;2021-11-05;4;2;PERÚ;3;10;7;CEDIF ROSA CODA DE MARTORELL;2024-03-22;4;1;1;No aplica;11
CDFRCM00076;2;2022-04-03;3;2;PERÚ;3;10;7;CEDIF ROSA CODA DE MARTORELL;2024-04-03;3;1;1;No aplica;11
CDFRCM00077;2;2021-06-24;4;2;CHILE;3;10;1;CEDIF ROSA CODA DE MARTORELL;2024-04-04;3;1;1;No aplica;11
CDFRCM00080;2;2015-03-24;10;3;PERÚ;3;10;2;CEDIF ROSA CODA DE MARTORELL;2024-04-18;1;1;1;No aplica;11
CDFRCM00081;1;2014-12-15;11;3;PERÚ;3;10;2;CEDIF ROSA CODA DE MARTORELL;2024-06-25;7;1;1;No aplica;11
CDFRCM00082;1;2012-08-15;13;4;PERÚ;3;10;7;CEDIF ROSA CODA DE MARTORELL;2024-07-04;3;1;1;No aplica;11
CDFRCM00083;1;2020-12-15;5;2;PERÚ;3;10;2;CEDIF ROSA CODA DE MARTORELL;2024-07-24;1;1;2;2026-01-01;2
CDFRCM00083;1;2014-09-10;11;3;PERÚ;3;10;2;CEDIF ROSA CODA DE MARTORELL;2024-07-24;1;1;2;2026-01-01;2
CDFRCM00084;2;2016-06-19;9;3;PERÚ;3;10;2;CEDIF ROSA CODA DE MARTORELL;2024-07-24;1;1;1;No aplica;11
CDFRCM00084;2;2010-03-26;15;4;PERÚ;3;10;2;CEDIF ROSA CODA DE MARTORELL;2024-07-24;1;1;1;No aplica;11
CDFRCM00085;1;2021-03-14;4;2;PERÚ;3;10;7;CEDIF ROSA CODA DE MARTORELL;2024-08-08;3;1;1;No aplica;11
CDFRCM00086;2;2018-01-06;8;3;PERÚ;3;10;7;CEDIF ROSA CODA DE MARTORELL;2024-08-13;4;1;1;No aplica;11
CDFRCM00087;1;2021-06-17;4;2;PERÚ;3;10;2;CEDIF ROSA CODA DE MARTORELL;2024-08-09;1;1;1;No aplica;11
CDFRCM00087;2;2019-10-18;6;3;PERÚ;3;10;2;CEDIF ROSA CODA DE MARTORELL;2025-12-23;1;1;1;No aplica;11
CDFRCM00087;2;2017-01-22;9;3;PERÚ;3;10;2;CEDIF ROSA CODA DE MARTORELL;2024-08-27;1;1;1;No aplica;11
CDFRCM00087;1;2012-07-24;13;4;PERÚ;3;10;2;CEDIF ROSA CODA DE MARTORELL;2024-08-27;1;1;1;No aplica;11
CDFRCM00088;1;2021-07-17;4;2;PERÚ;3;10;7;CEDIF ROSA CODA DE MARTORELL;2024-09-03;1;1;2;2026-01-01;8
CDFRCM00089;2;2020-09-01;5;2;PERÚ;3;2;2;CEDIF ROSA CODA DE MARTORELL;2024-09-16;3;1;1;No aplica;11
CDFRCM00090;2;2021-10-15;4;2;PERÚ;3;10;7;CEDIF ROSA CODA DE MARTORELL;2024-09-17;1;1;1;No aplica;11
CDFRCM00090;1;2016-03-06;9;3;PERÚ;3;10;7;CEDIF ROSA CODA DE MARTORELL;2024-09-17;1;1;1;No aplica;11
CDFRCM00092;2;2015-11-09;10;3;PERÚ;3;10;7;CEDIF ROSA CODA DE MARTORELL;2024-12-16;1;1;1;No aplica;11
CDFRCM00093;2;2021-01-06;5;2;PERÚ;3;10;2;CEDIF ROSA CODA DE MARTORELL;2025-02-12;1;1;1;No aplica;11
CDFRCM00093;2;2017-09-26;8;3;PERÚ;3;10;2;CEDIF ROSA CODA DE MARTORELL;2025-02-12;1;1;1;No aplica;11
CDFRCM00094;2;2022-03-17;3;2;PERÚ;3;10;2;CEDIF ROSA CODA DE MARTORELL;2025-02-12;3;1;2;2026-01-01;10
CDFRCM00095;1;2021-06-24;4;2;PERÚ;3;10;1;CEDIF ROSA CODA DE MARTORELL;2025-02-12;1;1;1;No aplica;11
CDFRCM00097;2;2013-03-08;12;4;PERÚ;3;10;2;CEDIF ROSA CODA DE MARTORELL;2025-01-09;1;1;2;2026-02-01;3
CDFRCM00099;1;2009-01-14;17;4;PERÚ;3;10;7;CEDIF ROSA CODA DE MARTORELL;2025-02-17;1;1;2;2026-01-01;10
CDFRCM00099;1;2011-03-05;14;4;PERÚ;3;10;7;CEDIF ROSA CODA DE MARTORELL;2025-02-17;1;1;2;2026-01-01;10
CDFRCM00100;2;2022-04-22;3;2;PERÚ;3;10;7;CEDIF ROSA CODA DE MARTORELL;2025-02-18;1;1;1;No aplica;11
CDFRCM00100;1;2020-05-11;5;2;PERÚ;3;10;7;CEDIF ROSA CODA DE MARTORELL;2025-02-18;1;1;1;No aplica;11
CDFRCM00101;1;2022-08-11;3;2;PERÚ;3;10;7;CEDIF ROSA CODA DE MARTORELL;2025-02-19;1;1;2;2026-01-01;8
CDFRCM00102;2;2021-08-08;4;2;PERÚ;3;10;7;CEDIF ROSA CODA DE MARTORELL;2025-02-20;4;1;1;No aplica;11
CDFRCM00101;1;2013-10-15;12;4;VENEZUELA;3;10;7;CEDIF ROSA CODA DE MARTORELL;2025-03-18;1;1;2;2026-01-14;8
CDFRCM00046;2;2023-02-11;3;2;PERÚ;3;10;7;CEDIF ROSA CODA DE MARTORELL;2025-03-10;1;1;1;No aplica;11
CDFRCM00103;1;2022-08-30;3;2;CHILE;3;10;7;CEDIF ROSA CODA DE MARTORELL;2025-03-11;3;1;1;No aplica;11
CDFRCM00104;1;2022-08-09;3;2;PERÚ;3;10;2;CEDIF ROSA CODA DE MARTORELL;2025-03-10;3;1;1;No aplica;11
CDFRCM00105;2;2023-01-11;3;2;CHILE;3;10;2;CEDIF ROSA CODA DE MARTORELL;2025-03-18;1;1;1;No aplica;11
CDFRCM00107;1;2021-08-09;4;2;PERÚ;3;10;2;CEDIF ROSA CODA DE MARTORELL;2025-03-25;1;1;1;No aplica;11
CDFRCM00107;1;2020-02-19;6;3;PERÚ;3;10;2;CEDIF ROSA CODA DE MARTORELL;2025-03-25;1;1;1;No aplica;11
CDFRCM00109;2;2021-06-07;4;2;PERÚ;3;10;5;CEDIF ROSA CODA DE MARTORELL;2025-03-25;1;1;1;No aplica;11
CDFRCM00110;2;2022-11-04;3;2;PERÚ;3;10;7;CEDIF ROSA CODA DE MARTORELL;2025-04-02;1;1;1;No aplica;11
CDFRCM00111;2;2022-08-17;3;2;PERÚ;3;10;7;CEDIF ROSA CODA DE MARTORELL;2025-04-08;6;1;1;No aplica;11
CDFRCM00112;2;2022-03-12;3;2;PERÚ;3;10;2;CEDIF ROSA CODA DE MARTORELL;2025-04-08;1;1;1;No aplica;11
CDFRCM00113;1;2014-12-19;11;3;PERÚ;3;10;1;CEDIF ROSA CODA DE MARTORELL;2025-04-15;4;1;1;No aplica;11
CDFRCM00113;2;2012-05-11;13;4;PERÚ;3;10;1;CEDIF ROSA CODA DE MARTORELL;2025-04-15;4;1;1;No aplica;11
CDFRCM00114;1;2015-03-09;10;3;PERÚ;3;10;1;CEDIF ROSA CODA DE MARTORELL;2025-04-15;1;1;2;2026-01-01;10
CDFRCM00115;2;2017-10-05;8;3;PERÚ;3;10;1;CEDIF ROSA CODA DE MARTORELL;2025-04-01;3;1;1;No aplica;11
CDFRCM00116;2;2018-04-04;7;3;PERÚ;3;10;7;CEDIF ROSA CODA DE MARTORELL;2025-04-22;1;1;1;No aplica;11
CDFRCM00117;2;2023-04-13;2;2;PERÚ;3;10;2;CEDIF ROSA CODA DE MARTORELL;2025-04-25;1;2;1;No aplica;11
CDFRCM00118;2;2022-10-07;3;2;CHILE;3;10;2;CEDIF ROSA CODA DE MARTORELL;2025-04-25;1;1;1;No aplica;11
CDFRCM00118;2;2020-10-27;5;2;PERÚ;3;10;2;CEDIF ROSA CODA DE MARTORELL;2025-04-25;1;1;1;No aplica;11
CDFRCM00119;2;2021-07-05;4;2;PERÚ;3;10;2;CEDIF ROSA CODA DE MARTORELL;2025-05-12;1;1;1;No aplica;11
CDFRCM00119;1;2015-07-18;10;3;PERÚ;3;10;2;CEDIF ROSA CODA DE MARTORELL;2025-05-12;1;1;1;No aplica;11
CDFRCM00120;2;2022-08-01;3;2;PERÚ;3;10;7;CEDIF ROSA CODA DE MARTORELL;2025-05-13;1;1;1;No aplica;11
CDFRCM00054;1;2022-04-27;3;2;PERÚ;3;10;2;CEDIF ROSA CODA DE MARTORELL;2025-05-19;4;1;1;No aplica;11
CDFRCM00121;1;2022-08-18;3;2;PERÚ;3;10;2;CEDIF ROSA CODA DE MARTORELL;2025-05-27;4;1;1;No aplica;11
CDFRCM00121;1;2014-10-04;11;3;PERÚ;3;10;2;CEDIF ROSA CODA DE MARTORELL;2025-05-27;4;1;1;No aplica;11
CDFRCM00121;2;2009-11-17;16;4;PERÚ;3;10;2;CEDIF ROSA CODA DE MARTORELL;2025-05-27;4;1;1;No aplica;11
CDFRCM00122;2;2022-10-28;3;2;PERÚ;3;10;2;CEDIF ROSA CODA DE MARTORELL;2025-06-03;3;1;1;No aplica;11
CDFRCM00123;2;2022-09-14;3;2;PERÚ;3;10;7;CEDIF ROSA CODA DE MARTORELL;2025-06-03;3;1;1;No aplica;11
CDFRCM00124;2;2021-10-26;4;2;COLOMBIA;3;10;6;CEDIF ROSA CODA DE MARTORELL;2025-06-16;1;5;1;No aplica;11
CDFRCM00125;2;2014-05-02;11;3;PERÚ;3;10;2;CEDIF ROSA CODA DE MARTORELL;2025-06-24;4;1;2;2026-02-01;10
CDFRCM00125;1;2013-03-05;12;4;PERÚ;3;10;2;CEDIF ROSA CODA DE MARTORELL;2025-06-24;4;1;2;2026-02-01;10
CDFRCM00126;2;2012-07-05;13;4;PERÚ;3;10;7;CEDIF ROSA CODA DE MARTORELL;2025-06-24;1;1;1;No aplica;11
CDFRCM00127;2;2022-10-05;3;2;PERÚ;3;10;7;CEDIF ROSA CODA DE MARTORELL;2025-07-07;5;1;1;No aplica;11
CDFRCM00127;2;2020-01-04;6;3;PERÚ;3;10;7;CEDIF ROSA CODA DE MARTORELL;2025-07-07;5;1;1;No aplica;11
CDFRCM00128;1;2016-09-30;9;3;VENEZUELA;3;10;7;CEDIF ROSA CODA DE MARTORELL;2025-07-22;1;1;2;2026-02-01;10
CDFRCM00129;2;2023-01-07;3;2;PERÚ;3;10;7;CEDIF ROSA CODA DE MARTORELL;2025-08-25;3;1;2;2026-01-01;2
CDFRCM00130;2;2022-11-23;3;2;PERÚ;3;10;7;CEDIF ROSA CODA DE MARTORELL;2025-09-11;3;1;1;No aplica;11
CDFRCM00131;1;2016-08-17;9;3;PERÚ;3;10;2;CEDIF ROSA CODA DE MARTORELL;2025-09-16;4;1;1;No aplica;11
CDFRCM00131;1;2014-10-07;11;3;PERÚ;3;10;2;CEDIF ROSA CODA DE MARTORELL;2025-09-16;4;1;1;No aplica;11
CDFRCM00132;2;2017-01-21;9;3;PERÚ;3;10;1;CEDIF ROSA CODA DE MARTORELL;2025-09-22;3;1;1;No aplica;11
CDFRCM00133;2;2019-03-16;6;3;PERÚ;3;10;2;CEDIF ROSA CODA DE MARTORELL;2025-10-09;2;2;1;No aplica;11
CDFRCM00133;1;2009-11-14;16;4;PERÚ;3;10;2;CEDIF ROSA CODA DE MARTORELL;2025-10-13;2;1;1;No aplica;11
CDFRCM00134;1;2022-04-04;3;2;PERÚ;3;10;2;CEDIF ROSA CODA DE MARTORELL;2025-10-10;2;1;1;No aplica;11
CDFRCM00135;1;2020-10-18;5;2;PERÚ;3;10;7;CEDIF ROSA CODA DE MARTORELL;2025-11-24;1;1;1;No aplica;11
CDFRCM00103;1;2013-08-05;12;4;VENEZUELA;3;10;7;CEDIF ROSA CODA DE MARTORELL;2025-12-24;1;1;1;No aplica;11
CDFRCM00136;2;2019-03-10;6;3;PERÚ;3;10;7;CEDIF ROSA CODA DE MARTORELL;2025-12-29;4;1;1;No aplica;11
CDFRCM00136;1;2017-01-09;9;3;PERÚ;3;10;7;CEDIF ROSA CODA DE MARTORELL;2025-12-29;4;1;1;No aplica;11
CDFRCM00137;2;2022-01-10;4;2;PERÚ;3;10;7;CEDIF ROSA CODA DE MARTORELL;2026-01-07;6;1;2;2026-02-01;10
CDFRCM00137;1;2014-03-22;11;3;PERÚ;3;10;7;CEDIF ROSA CODA DE MARTORELL;2026-01-07;6;1;2;2026-02-01;10
CDFRCM00137;2;2009-12-25;16;4;PERÚ;3;10;7;CEDIF ROSA CODA DE MARTORELL;2026-01-07;6;1;2;2026-02-01;10
CDFRCM00138;2;2010-07-20;15;4;PERÚ;3;10;2;CEDIF ROSA CODA DE MARTORELL;2026-01-12;4;1;1;No aplica;11
CDFRCM00139;1;2019-06-07;6;3;PERÚ;3;10;2;CEDIF ROSA CODA DE MARTORELL;2026-01-16;3;1;1;No aplica;11
CDFRCM00109;2;2012-07-04;13;4;VENEZUELA;3;10;9;CEDIF ROSA CODA DE MARTORELL;2026-01-16;4;1;1;No aplica;11
CDFRCM00140;2;2024-01-15;2;2;PERÚ;3;10;2;CEDIF ROSA CODA DE MARTORELL;2026-01-23;4;1;1;No aplica;11
CDFRCM00140;2;2021-07-31;4;2;PERÚ;3;10;2;CEDIF ROSA CODA DE MARTORELL;2026-01-23;4;1;1;No aplica;11
CDFRCM00086;2;2023-04-18;2;2;PERÚ;3;10;2;CEDIF ROSA CODA DE MARTORELL;2026-01-22;2;1;1;No aplica;11
CDFRCM00141;1;2022-08-05;3;2;PERÚ;3;10;7;CEDIF ROSA CODA DE MARTORELL;2026-01-29;4;1;1;No aplica;11
CDFRCM00141;2;2022-08-05;3;2;PERÚ;3;10;7;CEDIF ROSA CODA DE MARTORELL;2026-01-29;4;1;1;No aplica;11
TURQ 118;1;2022-09-10;3;2;Perú;3;10;7;CEDIF TURQUEZAS;2024-01-04;1;1;2;2026-01-02;1
TURQ 195;1;2023-02-15;3;2;Perú;3;10;7;CEDIF TURQUEZAS;2025-01-02;1;1;1;No aplica;11
TURQ 242;1;2014-01-26;12;4;Perú;3;10;7;CEDIF TURQUEZAS;2025-04-07;1;1;2;2026-01-02;1
TURQ 305;1;2024-05-28;1;2;Perú;3;10;7;CEDIF TURQUEZAS;2026-01-27;1;1;1;No aplica;11
TURQ 095;1;2020-08-12;5;2;Perú;3;10;7;CEDIF TURQUEZAS;2024-01-05;1;1;1;No aplica;11
TURQ 226;1;2023-03-31;2;2;Perú;3;10;7;CEDIF TURQUEZAS;2025-03-13;1;1;1;No aplica;11
TURQ 005;2;2017-07-10;8;3;Perú;3;10;7;CEDIF TURQUEZAS;2023-01-02;1;1;2;2026-01-02;1
TURQ 005;2;2013-07-06;12;4;Perú;3;10;7;CEDIF TURQUEZAS;2024-01-04;1;1;2;2026-01-02;1
TURQ 005;2;2010-07-16;15;4;Perú;3;10;7;CEDIF TURQUEZAS;2024-01-04;1;1;2;2026-01-02;1
TURQ 292;1;2020-04-17;5;2;Perú;3;10;7;CEDIF TURQUEZAS;2026-01-09;1;1;1;No aplica;11
TURQ 156;1;2016-08-26;9;3;Perú;3;10;7;CEDIF TURQUEZAS;2024-08-15;1;1;1;No aplica;11
TURQ 156;1;2013-11-16;12;4;Perú;3;10;7;CEDIF TURQUEZAS;2024-08-15;1;1;1;No aplica;11
TURQ 206;1;2022-07-22;3;2;CHILE;3;10;7;CEDIF TURQUEZAS;2025-02-04;1;1;1;No aplica;11
TURQ 289;1;2019-09-26;6;3;Perú;3;10;7;CEDIF TURQUEZAS;2026-01-08;1;1;1;No aplica;11
TURQ 289;1;2023-01-20;3;2;Perú;3;10;7;CEDIF TURQUEZAS;2026-01-08;1;1;1;No aplica;11
TURQ 289;2;2017-01-21;9;3;Perú;3;10;7;CEDIF TURQUEZAS;2026-01-08;1;1;1;No aplica;11
TURQ 174;2;2021-03-17;4;2;Perú;3;10;7;CEDIF TURQUEZAS;2024-12-11;1;1;1;No aplica;11
TURQ 294;2;2020-05-18;5;2;Perú;3;10;7;CEDIF TURQUEZAS;2026-01-09;1;1;1;No aplica;11
TURQ 294;1;2023-02-08;3;2;Perú;3;10;7;CEDIF TURQUEZAS;2026-01-09;1;1;1;No aplica;11
TURQ 271;1;2017-04-27;8;3;Perú;3;10;7;CEDIF TURQUEZAS;2025-08-29;1;1;1;No aplica;11
TURQ 222;2;2020-11-14;5;2;Perú;3;10;7;CEDIF TURQUEZAS;2025-03-14;1;1;1;No aplica;11
TURQ 282;2;2022-12-13;3;2;Perú;3;10;7;CEDIF TURQUEZAS;2026-01-08;1;1;1;No aplica;11
TURQ 055;1;2020-09-19;5;2;Perú;3;10;7;CEDIF TURQUEZAS;2024-01-04;3;1;1;No aplica;11
TURQ 055;2;2016-08-15;9;3;Perú;3;10;7;CEDIF TURQUEZAS;2024-02-01;3;1;1;No aplica;11
TURQ 055;2;2014-04-08;11;3;Perú;3;10;7;CEDIF TURQUEZAS;2024-02-01;3;1;1;No aplica;11
TURQ 300;2;2020-01-15;6;3;Perú;3;10;7;CEDIF TURQUEZAS;2026-01-27;1;1;1;No aplica;11
TURQ 102;1;2021-12-13;4;2;Perú;3;10;7;CEDIF TURQUEZAS;2023-08-25;2;1;1;No aplica;11
TURQ 102;2;2014-03-15;11;3;Perú;3;10;7;CEDIF TURQUEZAS;2023-08-25;2;1;1;No aplica;11
TURQ 102;2;2010-07-29;15;4;Perú;3;10;7;CEDIF TURQUEZAS;2023-08-25;2;1;2;2026-01-02;1
TURQ 037;1;2018-05-26;7;3;Perú;3;10;7;CEDIF TURQUEZAS;2022-08-04;1;1;2;2026-01-02;1
TURQ 180;1;2023-10-16;2;2;Perú;3;10;7;CEDIF TURQUEZAS;2024-12-03;1;1;1;No aplica;11
TURQ 274;2;2024-05-08;1;2;Perú;3;10;7;CEDIF TURQUEZAS;2026-01-05;1;1;1;No aplica;11
TURQ 151;2;2021-06-07;4;2;Perú;3;10;7;CEDIF TURQUEZAS;2024-04-29;1;1;2;2026-01-30;1
TURQ 199;1;2014-03-31;11;3;Perú;3;10;7;CEDIF TURQUEZAS;2025-01-10;1;1;2;2026-01-02;1
TURQ 248;1;2013-05-06;12;4;Perú;3;10;7;CEDIF TURQUEZAS;2025-04-21;1;1;1;No aplica;11
TURQ 280;2;2024-07-06;1;2;Perú;3;10;7;CEDIF TURQUEZAS;2026-01-08;1;2;2;2026-01-31;1
TURQ 024;2;2020-04-06;5;2;Perú;3;10;7;CEDIF TURQUEZAS;2023-01-02;1;1;1;No aplica;11
TURQ 188;1;2021-03-20;4;2;Perú;3;10;7;CEDIF TURQUEZAS;2024-12-11;1;1;1;No aplica;11
TURQ 088;2;2020-10-05;5;2;Perú;3;10;7;CEDIF TURQUEZAS;2024-01-05;9;1;1;No aplica;11
TURQ 235;1;2015-08-05;10;3;Perú;3;10;7;CEDIF TURQUEZAS;2025-04-01;1;1;2;2026-01-02;1
TURQ 235;1;2022-03-02;3;2;Perú;3;10;7;CEDIF TURQUEZAS;2025-04-01;1;1;1;No aplica;11
TURQ 069;1;2013-07-18;12;4;Perú;3;10;7;CEDIF TURQUEZAS;2023-03-21;1;1;2;2026-01-30;1
TURQ 231;2;2021-05-03;4;2;Perú;3;10;7;CEDIF TURQUEZAS;2025-03-14;1;1;1;No aplica;11
TURQ 084;1;2017-12-15;8;3;Perú;3;10;7;CEDIF TURQUEZAS;2024-01-04;1;1;2;2026-01-02;1
TURQ 283;1;2022-06-11;3;2;Perú;3;10;7;CEDIF TURQUEZAS;2026-01-08;1;1;1;No aplica;11
TURQ 062;2;2020-07-25;5;2;Perú;3;10;7;CEDIF TURQUEZAS;2023-03-01;2;1;1;No aplica;11
TURQ 201;1;2020-07-18;5;2;Perú;3;10;7;CEDIF TURQUEZAS;2025-01-13;1;1;1;No aplica;11
TURQ 296;2;2018-12-31;7;3;Perú;3;10;7;CEDIF TURQUEZAS;2026-01-12;1;1;1;No aplica;11
TURQ 296;2;2017-01-01;9;3;Perú;3;10;7;CEDIF TURQUEZAS;2026-01-12;1;1;1;No aplica;11
TURQ 065;1;2019-04-21;6;3;Perú;3;10;7;CEDIF TURQUEZAS;2024-01-04;1;1;1;No aplica;11
TURQ 065;1;2013-02-23;13;4;Perú;3;10;7;CEDIF TURQUEZAS;2024-01-04;1;1;1;No aplica;11
TURQ 023;2;2020-02-08;6;3;Perú;3;10;7;CEDIF TURQUEZAS;2023-01-02;1;1;1;No aplica;11
TURQ 013;1;2019-10-20;6;3;Perú;3;10;7;CEDIF TURQUEZAS;2023-08-01;1;1;2;2026-01-02;1
TURQ 179;2;2023-04-04;2;2;Perú;3;10;7;CEDIF TURQUEZAS;2024-12-04;1;1;1;No aplica;11
TURQ 249;1;2009-04-22;16;4;Perú;3;10;7;CEDIF TURQUEZAS;2025-04-23;1;1;1;No aplica;11
TURQ 176;1;2020-06-24;5;2;Perú;3;10;7;CEDIF TURQUEZAS;2024-12-11;1;1;1;No aplica;11
TURQ 047;2;2019-02-19;7;3;Perú;3;10;7;CEDIF TURQUEZAS;2023-01-18;1;1;1;No aplica;11
TURQ 279;1;2020-05-08;5;2;Perú;3;10;7;CEDIF TURQUEZAS;2026-01-07;1;1;1;No aplica;11
TURQ 279;2;2022-06-05;3;2;Perú;3;10;7;CEDIF TURQUEZAS;2026-01-07;1;1;1;No aplica;11
TURQ 270;1;2019-02-28;7;3;Perú;3;10;7;CEDIF TURQUEZAS;2025-08-29;1;1;2;2026-01-30;1
TURQ 270;1;2018-03-01;7;3;Perú;3;10;7;CEDIF TURQUEZAS;2025-08-29;1;1;2;2026-01-30;1
TURQ 043;1;2018-08-17;7;3;Perú;3;10;7;CEDIF TURQUEZAS;2023-01-13;1;2;1;No aplica;11
TURQ 043;2;2012-11-10;13;4;Perú;3;10;7;CEDIF TURQUEZAS;2023-01-13;1;2;1;No aplica;11
TURQ 043;2;2009-09-24;16;4;Perú;3;10;7;CEDIF TURQUEZAS;2023-01-13;1;2;1;No aplica;11
TURQ 018;2;2013-10-06;12;4;Perú;3;10;7;CEDIF TURQUEZAS;2021-03-26;1;1;2;2026-01-02;1
TURQ 196;2;2023-12-27;2;2;Perú;3;10;7;CEDIF TURQUEZAS;2025-01-03;1;1;1;No aplica;11
TURQ 170;2;2022-04-11;3;2;Perú;3;10;7;CEDIF TURQUEZAS;2024-12-05;1;1;1;No aplica;11
TURQ 047;1;2017-01-05;9;3;Perú;3;10;7;CEDIF TURQUEZAS;2023-01-18;1;1;1;No aplica;11
TURQ 175;2;2022-03-20;3;2;Perú;3;10;7;CEDIF TURQUEZAS;2024-12-04;1;1;1;No aplica;11
TURQ 073;2;2020-12-01;5;2;Perú;3;10;7;CEDIF TURQUEZAS;2024-01-04;1;1;1;No aplica;11
TURQ 189;1;2023-02-16;3;2;Perú;3;10;7;CEDIF TURQUEZAS;2024-12-03;1;1;1;No aplica;11
TURQ 112;2;2020-10-15;5;2;Perú;3;10;7;CEDIF TURQUEZAS;2024-01-04;1;1;1;No aplica;11
TURQ 112;1;2022-09-03;3;2;Perú;3;10;7;CEDIF TURQUEZAS;2026-01-08;1;1;1;No aplica;11
TURQ 119;1;2021-10-24;4;2;Perú;3;10;7;CEDIF TURQUEZAS;2024-01-04;6;1;1;No aplica;11
TURQ 192;2;2012-03-19;13;4;Perú;3;10;7;CEDIF TURQUEZAS;2024-12-26;1;1;2;2026-01-30;1
TURQ 228;1;2024-03-07;1;2;Perú;3;10;7;CEDIF TURQUEZAS;2025-03-20;1;1;1;No aplica;11
TURQ 113;2;2020-11-11;5;2;Perú;3;10;7;CEDIF TURQUEZAS;2024-01-04;1;1;1;No aplica;11
TURQ 253;1;2023-05-31;2;2;Perú;3;10;7;CEDIF TURQUEZAS;2025-05-29;1;1;1;No aplica;11
TURQ 212;1;2012-03-31;13;4;Perú;3;10;7;CEDIF TURQUEZAS;2025-04-01;1;2;2;2026-01-02;1
TURQ 245;2;2019-05-15;6;3;Perú;3;10;7;CEDIF TURQUEZAS;2025-04-16;1;1;2;2026-01-02;1
TURQ 260;2;2017-03-31;8;3;Perú;3;10;7;CEDIF TURQUEZAS;2025-06-10;1;1;1;No aplica;11
TURQ 260;1;2010-11-27;15;4;Perú;3;10;7;CEDIF TURQUEZAS;2025-06-10;1;1;1;No aplica;11
TURQ 022;1;2020-11-21;5;2;Perú;3;10;7;CEDIF TURQUEZAS;2022-01-13;1;1;1;No aplica;11
TURQ 286;2;2016-08-03;9;3;Perú;3;10;7;CEDIF TURQUEZAS;2026-01-08;1;2;1;No aplica;11
TURQ 286;2;2014-01-12;12;4;Perú;3;10;7;CEDIF TURQUEZAS;2026-01-12;1;2;1;No aplica;11
TURQ 299;2;2024-12-04;1;2;Perú;3;10;7;CEDIF TURQUEZAS;2026-01-27;1;1;1;No aplica;11
TURQ 291;2;2024-03-30;1;2;Perú;3;10;7;CEDIF TURQUEZAS;2026-01-09;1;2;1;No aplica;11
TURQ 164;1;2018-01-30;8;3;PERÚ;3;10;7;CEDIF TURQUEZAS;2024-09-17;1;1;2;2026-01-30;1
TURQ 184;1;2020-08-21;5;2;Perú;3;10;7;CEDIF TURQUEZAS;2024-12-12;1;1;1;No aplica;11
TURQ 077;2;2020-10-10;5;2;Perú;3;10;7;CEDIF TURQUEZAS;2023-04-01;1;1;1;No aplica;11
TURQ 030;2;2023-05-25;2;2;Perú;3;10;7;CEDIF TURQUEZAS;2024-12-03;1;1;1;No aplica;11
TURQ 095;2;2014-11-19;11;3;Perú;3;10;7;CEDIF TURQUEZAS;2024-01-05;1;1;1;No aplica;11
TURQ 030;2;2020-04-12;5;2;Perú;3;10;7;CEDIF TURQUEZAS;2022-01-13;1;1;1;No aplica;11
TURQ 239;2;2024-01-05;2;2;Perú;3;10;7;CEDIF TURQUEZAS;2025-04-01;1;6;1;No aplica;11
TURQ 191;2;2023-12-23;2;2;Perú;3;10;7;CEDIF TURQUEZAS;2024-12-05;1;1;1;No aplica;11
TURQ 213;2;2021-11-23;4;2;Perú;3;10;7;CEDIF TURQUEZAS;2025-02-26;1;1;1;No aplica;11
TURQ 213;1;2018-10-26;7;3;Perú;3;10;7;CEDIF TURQUEZAS;2025-02-26;1;1;1;No aplica;11
TURQ 186;1;2023-07-22;2;2;Perú;3;10;7;CEDIF TURQUEZAS;2024-12-16;1;1;1;No aplica;11
TURQ 257;2;2022-01-27;4;2;Perú;3;10;7;CEDIF TURQUEZAS;2025-06-03;1;1;1;No aplica;11
TURQ 275;1;2023-12-19;2;2;Perú;3;10;7;CEDIF TURQUEZAS;2026-01-05;1;1;1;No aplica;11
TURQ 015;2;2019-05-01;6;3;Perú;3;10;7;CEDIF TURQUEZAS;2023-01-02;1;1;1;No aplica;11
TURQ 015;1;2015-06-16;10;3;Perú;3;10;7;CEDIF TURQUEZAS;2023-01-02;1;1;1;No aplica;11
TURQ 045;1;2021-04-11;4;2;Perú;3;10;7;CEDIF TURQUEZAS;2023-01-13;1;1;1;No aplica;11
TURQ 268;1;2021-07-14;4;2;Perú;3;10;7;CEDIF TURQUEZAS;2025-08-20;1;1;1;No aplica;11
TURQ 247;2;2013-02-12;13;4;Perú;3;10;7;CEDIF TURQUEZAS;2025-04-21;1;1;1;No aplica;11
TURQ 052;1;2014-12-29;11;3;Perú;3;10;7;CEDIF TURQUEZAS;2023-01-30;1;1;2;2026-01-02;1
TURQ 261;2;2021-11-15;4;2;Perú;3;10;7;CEDIF TURQUEZAS;2025-06-18;1;1;1;No aplica;11
TURQ 261;2;2016-08-24;9;3;Perú;3;10;7;CEDIF TURQUEZAS;2025-06-18;1;1;1;No aplica;11
TURQ 261;2;2014-08-20;11;3;Perú;3;10;7;CEDIF TURQUEZAS;2025-06-18;1;1;1;No aplica;11
TURQ 261;2;2020-04-21;5;2;Perú;3;10;7;CEDIF TURQUEZAS;2025-09-03;1;1;1;No aplica;11
TURQ 261;2;2024-08-31;1;2;Perú;3;10;7;CEDIF TURQUEZAS;2026-01-05;1;1;1;No aplica;11
TURQ 284;2;2021-03-13;4;2;Perú;3;10;7;CEDIF TURQUEZAS;2026-01-08;1;1;1;No aplica;11
TURQ 257;1;2016-02-09;10;3;Perú;3;10;7;CEDIF TURQUEZAS;2025-06-25;1;1;1;No aplica;11
TURQ 266;2;2023-04-27;2;2;Perú;3;10;7;CEDIF TURQUEZAS;2025-08-15;1;1;1;No aplica;11
TURQ 029;2;2015-02-23;11;3;Perú;3;10;7;CEDIF TURQUEZAS;2023-01-02;1;1;2;2026-01-02;1
TURQ 029;1;2015-02-23;11;3;Perú;3;10;7;CEDIF TURQUEZAS;2023-01-02;1;1;2;2026-01-02;1
TURQ 205;1;2016-05-08;9;3;Perú;3;10;7;CEDIF TURQUEZAS;2025-02-05;1;1;1;No aplica;11
TURQ 072;1;2015-09-24;10;3;Perú;3;10;7;CEDIF TURQUEZAS;2024-02-01;1;1;2;2026-01-02;1
TURQ 246;2;2014-11-27;11;3;Perú;3;10;7;CEDIF TURQUEZAS;2025-04-10;1;1;2;2026-01-02;1
TURQ 304;1;2019-07-04;6;3;Perú;3;10;7;CEDIF TURQUEZAS;2026-01-27;1;1;1;No aplica;11
TURQ 304;1;2024-07-11;1;2;Perú;3;10;7;CEDIF TURQUEZAS;2026-01-27;1;1;1;No aplica;11
TURQ 075;1;2022-07-13;3;2;Perú;3;10;7;CEDIF TURQUEZAS;2024-01-04;1;1;2;2026-02-27;1
TURQ 276;2;2023-06-14;2;2;Perú;3;10;7;CEDIF TURQUEZAS;2026-01-05;1;1;1;No aplica;11
TURQ 189;1;2019-10-14;6;3;Perú;3;10;7;CEDIF TURQUEZAS;2024-12-03;1;1;2;2026-02-27;1
TURQ 210;1;2008-10-08;17;4;Perú;3;10;7;CEDIF TURQUEZAS;2025-02-14;1;1;1;No aplica;11
TURQ 210;2;2013-07-29;12;4;Perú;3;10;7;CEDIF TURQUEZAS;2025-02-28;1;1;1;No aplica;11
TURQ 198;2;2021-03-06;4;2;Perú;3;10;7;CEDIF TURQUEZAS;2025-01-03;1;1;1;No aplica;11
TURQ 198;2;2012-10-21;13;4;Perú;3;10;7;CEDIF TURQUEZAS;2025-01-03;1;1;1;No aplica;11
TURQ 303;1;2022-11-18;3;2;Perú;3;10;7;CEDIF TURQUEZAS;2026-01-02;1;1;1;No aplica;11
TURQ 252;1;2022-01-27;4;2;Perú;3;10;7;CEDIF TURQUEZAS;2025-05-16;1;1;1;No aplica;11
TURQ 035;1;2023-02-02;3;2;Perú;3;10;7;CEDIF TURQUEZAS;2024-02-01;1;1;1;No aplica;11
TURQ 105;2;2021-09-05;4;2;Argentina;3;10;7;CEDIF TURQUEZAS;2024-01-05;1;5;1;No aplica;11
TURQ 105;2;2018-12-26;7;3;Argentina;3;10;7;CEDIF TURQUEZAS;2024-11-19;1;5;1;No aplica;11
TURQ 105;1;2016-11-05;9;3;Argentina;3;10;7;CEDIF TURQUEZAS;2024-01-05;1;5;1;No aplica;11
TURQ 099;2;2020-09-09;5;2;Perú;3;10;7;CEDIF TURQUEZAS;2024-01-04;1;1;1;No aplica;11
TURQ 216;2;2012-05-22;13;4;Perú;3;10;7;CEDIF TURQUEZAS;2025-03-04;1;1;2;2026-01-02;1
TURQ 139;1;2018-03-28;7;3;Perú;3;10;7;CEDIF TURQUEZAS;2024-04-02;1;1;1;No aplica;11
TURQ 273;2;2011-05-23;14;4;Perú;3;10;7;CEDIF TURQUEZAS;2025-10-13;1;1;1;No aplica;11
TURQ 231;2;2016-03-28;9;3;Perú;3;10;7;CEDIF TURQUEZAS;2025-03-14;1;1;1;No aplica;11
TURQ 108;2;2022-04-24;3;2;Perú;3;10;7;CEDIF TURQUEZAS;2024-01-04;1;1;1;No aplica;11
TURQ 132;2;2020-06-18;5;2;Perú;3;10;7;CEDIF TURQUEZAS;2024-03-01;1;1;1;No aplica;11
TURQ 132;2;2021-08-09;4;2;Perú;3;10;7;CEDIF TURQUEZAS;2025-03-18;1;1;1;No aplica;11
TURQ 162;2;2020-01-22;6;3;Perú;3;10;7;CEDIF TURQUEZAS;2024-09-06;2;1;1;No aplica;11
TURQ 152;1;2015-08-29;10;3;Perú;3;10;7;CEDIF TURQUEZAS;2024-04-25;1;1;2;2026-01-02;1
TURQ 221;2;2020-12-04;5;2;Perú;3;10;7;CEDIF TURQUEZAS;2025-03-14;1;1;1;No aplica;11
TURQ 267;1;2021-07-13;4;2;Perú;3;10;7;CEDIF TURQUEZAS;2025-08-20;1;1;1;No aplica;11
TURQ 261;2;2012-05-06;13;4;Perú;3;10;7;CEDIF TURQUEZAS;2025-06-18;1;1;1;No aplica;11
TURQ 297;2;2024-10-25;1;2;Perú;3;10;7;CEDIF TURQUEZAS;2026-01-14;1;5;1;No aplica;11
TURQ 297;2;2013-06-21;12;4;VENEZUELA;3;10;7;CEDIF TURQUEZAS;2026-01-14;1;5;1;No aplica;11
TURQ 297;2;2015-03-17;10;3;VENEZUELA;3;10;7;CEDIF TURQUEZAS;2026-01-14;1;5;1;No aplica;11
TURQ 209;1;2020-06-13;5;2;Perú;3;10;7;CEDIF TURQUEZAS;2025-02-11;1;1;1;No aplica;11
TURQ 293;2;2016-09-04;9;3;Perú;3;10;7;CEDIF TURQUEZAS;2026-01-09;1;1;1;No aplica;11
TURQ 207;1;2015-05-29;10;3;Perú;3;10;7;CEDIF TURQUEZAS;2025-02-03;1;1;1;No aplica;11
TURQ 301;1;2024-09-03;1;2;Perú;3;10;7;CEDIF TURQUEZAS;2026-01-27;1;1;1;No aplica;11
TURQ 200;2;2021-12-09;4;2;Perú;3;10;7;CEDIF TURQUEZAS;2025-01-08;1;1;1;No aplica;11
TURQ 200;1;2017-01-25;9;3;Perú;3;10;7;CEDIF TURQUEZAS;2025-01-15;1;1;1;No aplica;11
TURQ 200;1;2010-12-15;15;4;Perú;3;10;7;CEDIF TURQUEZAS;2025-01-15;1;1;1;No aplica;11
TURQ 200;2;2008-08-11;17;4;Perú;3;10;7;CEDIF TURQUEZAS;2025-01-15;1;1;2;2026-01-02;1
TURQ 262;1;2010-03-03;15;4;Perú;3;10;7;CEDIF TURQUEZAS;2025-07-10;1;2;2;2026-01-30;1
TURQ 214;1;2020-05-14;5;2;Perú;3;10;7;CEDIF TURQUEZAS;2025-03-03;1;1;1;No aplica;11
TURQ 214;1;2016-11-09;9;3;Perú;3;10;7;CEDIF TURQUEZAS;2025-03-03;1;1;1;No aplica;11
TURQ 058;1;2019-05-12;6;3;Perú;3;10;7;CEDIF TURQUEZAS;2024-01-04;1;1;2;2026-01-02;1
TURQ 058;2;2017-06-25;8;3;Perú;3;10;7;CEDIF TURQUEZAS;2024-08-05;1;1;2;2026-01-02;1
TURQ 011;1;2012-08-03;13;4;Perú;3;10;7;CEDIF TURQUEZAS;2023-06-06;1;2;2;2026-01-02;1
TURQ 011;1;2008-08-09;17;4;Perú;3;10;7;CEDIF TURQUEZAS;2023-06-06;1;2;2;2026-01-02;1
TURQ 209;2;2016-02-08;10;3;Perú;3;10;7;CEDIF TURQUEZAS;2025-02-11;1;1;2;2026-01-02;1
TURQ 209;1;2014-06-10;11;3;PERÚ;3;10;7;CEDIF TURQUEZAS;2025-02-11;1;1;2;2026-01-02;1
TURQ 269;2;2022-02-04;4;2;Perú;3;10;7;CEDIF TURQUEZAS;2025-08-20;1;1;1;No aplica;11
TURQ 168;1;2014-06-05;11;3;PERÚ;3;10;7;CEDIF TURQUEZAS;2024-11-22;1;1;2;2026-01-02;1
TURQ 134;1;2020-06-11;5;2;Perú;3;10;7;CEDIF TURQUEZAS;2024-03-06;1;1;2;2026-02-27;1
TURQ 213;2;2014-05-12;11;3;Perú;3;10;7;CEDIF TURQUEZAS;2025-02-26;1;1;1;No aplica;11
TURQ 259;2;2023-06-04;2;2;Perú;3;10;7;CEDIF TURQUEZAS;2025-06-10;1;1;1;No aplica;11
TURQ 259;1;2019-03-10;6;3;Perú;3;10;7;CEDIF TURQUEZAS;2026-01-26;1;1;1;No aplica;11
TURQ 208;1;2015-09-02;10;3;Perú;3;10;7;CEDIF TURQUEZAS;2025-02-11;1;1;1;No aplica;11
TURQ 070;2;2022-12-01;3;2;Perú;3;10;7;CEDIF TURQUEZAS;2024-12-10;1;1;1;No aplica;11
TURQ 070;1;2020-11-29;5;2;Perú;3;10;7;CEDIF TURQUEZAS;2024-01-04;1;1;1;No aplica;11
TURQ 076;2;2020-12-02;5;2;Perú;3;10;7;CEDIF TURQUEZAS;2024-01-04;1;1;1;No aplica;11
TURQ 041;2;2016-01-21;10;3;Perú;3;10;7;CEDIF TURQUEZAS;2024-01-04;1;2;1;No aplica;11
TURQ 041;1;2009-05-07;16;4;Perú;3;10;7;CEDIF TURQUEZAS;2022-10-01;1;2;1;No aplica;11
TURQ 272;2;2023-09-05;2;2;Perú;3;10;7;CEDIF TURQUEZAS;2025-10-10;1;1;1;No aplica;11
TURQ 178;1;2022-08-11;3;2;Perú;3;10;7;CEDIF TURQUEZAS;2024-12-03;1;1;2;2026-02-27;1
TURQ 046;1;2014-07-05;11;3;Perú;3;10;7;CEDIF TURQUEZAS;2023-01-23;1;1;1;No aplica;11
TURQ 046;2;2009-09-29;16;4;Perú;3;10;7;CEDIF TURQUEZAS;2023-01-23;1;1;1;No aplica;11
TURQ 278;2;2023-01-30;3;2;Perú;3;10;7;CEDIF TURQUEZAS;2026-01-06;1;1;2;2026-02-27;1
TURQ 278;2;2013-09-26;12;4;Perú;3;10;7;CEDIF TURQUEZAS;2026-01-08;1;1;1;No aplica;11
TURQ 285;2;2020-09-10;5;2;Perú;3;10;7;CEDIF TURQUEZAS;2026-01-08;1;1;1;No aplica;11
TURQ 057;1;2020-07-20;5;2;Perú;3;10;7;CEDIF TURQUEZAS;2024-01-04;1;2;1;No aplica;11
TURQ 016;1;2013-04-04;12;4;Perú;3;10;7;CEDIF TURQUEZAS;2023-01-02;1;1;1;No aplica;11
TURQ 288;2;2021-02-14;5;2;Perú;3;10;7;CEDIF TURQUEZAS;2026-01-08;1;1;1;No aplica;11
TURQ 140;2;2015-06-10;10;3;Perú;3;10;7;CEDIF TURQUEZAS;2024-04-08;1;1;2;2026-01-02;1
TURQ 080;2;2021-03-23;4;2;Perú;3;10;7;CEDIF TURQUEZAS;2024-02-01;1;1;1;No aplica;11
TURQ 295;2;2021-11-25;4;2;Perú;3;10;7;CEDIF TURQUEZAS;2026-01-12;1;1;1;No aplica;11
TURQ 173;2;2017-01-16;9;3;Perú;3;10;7;CEDIF TURQUEZAS;2025-01-06;1;1;1;No aplica;11
TURQ 173;1;2022-07-25;3;2;Perú;3;10;7;CEDIF TURQUEZAS;2024-12-04;1;1;1;No aplica;11
TURQ 298;2;2023-04-04;2;2;Perú;3;10;7;CEDIF TURQUEZAS;2026-01-14;1;2;1;No aplica;11
TURQ 187;1;2023-03-05;2;2;Perú;3;10;7;CEDIF TURQUEZAS;2024-12-13;1;1;1;No aplica;11
TURQ 101;1;2013-12-29;12;4;Perú;3;10;7;CEDIF TURQUEZAS;2024-02-01;1;1;2;2026-01-30;1
TURQ 290;1;2024-04-09;1;2;Perú;3;10;7;CEDIF TURQUEZAS;2026-01-09;1;1;1;No aplica;11
TURQ 016;2;2020-01-24;6;3;Perú;3;10;7;CEDIF TURQUEZAS;2023-01-02;1;1;1;No aplica;11
TURQ 225;2;2023-06-15;2;2;Perú;3;10;7;CEDIF TURQUEZAS;2025-03-17;1;1;1;No aplica;11
TURQ 218;1;2020-10-29;5;2;Perú;3;10;7;CEDIF TURQUEZAS;2025-03-13;1;6;1;No aplica;11
TURQ 218;1;2022-06-01;3;2;Perú;3;10;7;CEDIF TURQUEZAS;2026-01-08;1;6;1;No aplica;11
TURQ 254;2;2016-05-04;9;3;Perú;3;10;7;CEDIF TURQUEZAS;2025-05-29;1;1;2;2026-01-30;1
TURQ 254;1;2014-10-15;11;3;Perú;3;10;7;CEDIF TURQUEZAS;2025-05-29;1;1;2;2026-01-30;1
TURQ 062;1;2017-10-05;8;3;Perú;3;10;7;CEDIF TURQUEZAS;2023-03-01;1;1;1;No aplica;11
TURQ 022;2;2011-06-09;14;4;Perú;3;10;7;CEDIF TURQUEZAS;2023-08-01;1;1;2;2026-01-02;1
TURQ 287;1;2024-11-04;1;2;Perú;3;10;7;CEDIF TURQUEZAS;2026-01-08;1;2;2;2026-02-27;1
TURQ 082;1;2022-03-25;3;2;Venezuela;3;10;7;CEDIF TURQUEZAS;2023-06-05;1;1;1;No aplica;11
TURQ 251;2;2021-09-11;4;2;Perú;3;10;7;CEDIF TURQUEZAS;2025-04-22;1;1;1;No aplica;11
TURQ 251;1;2016-04-26;9;3;Perú;3;10;7;CEDIF TURQUEZAS;2025-04-22;1;1;1;No aplica;11
TURQ 169;1;2018-10-07;7;3;PERÚ;3;10;7;CEDIF TURQUEZAS;2024-11-16;1;1;2;2026-01-02;1
TURQ 217;2;2017-02-05;9;3;Perú;3;10;7;CEDIF TURQUEZAS;2025-03-05;1;1;1;No aplica;11
TURQ 050;2;2021-06-16;4;2;Perú;3;10;7;CEDIF TURQUEZAS;2024-02-01;1;1;1;No aplica;11
TURQ 050;2;2023-08-22;2;2;Perú;3;10;7;CEDIF TURQUEZAS;2024-12-03;1;1;1;No aplica;11
TURQ 160;1;2018-01-03;8;3;Perú;3;10;7;CEDIF TURQUEZAS;2024-08-23;1;1;2;2026-01-30;1
TURQ 064;2;2021-01-31;5;2;Perú;3;10;7;CEDIF TURQUEZAS;2024-01-04;1;1;1;No aplica;11
TURQ 232;1;2021-01-16;5;2;Perú;3;10;7;CEDIF TURQUEZAS;2025-03-21;1;1;1;No aplica;11
TURQ 197;1;2020-07-27;5;2;Perú;3;10;7;CEDIF TURQUEZAS;2025-01-07;1;1;1;No aplica;11
TURQ 302;2;2025-01-27;1;2;Perú;3;10;7;CEDIF TURQUEZAS;2026-01-27;1;1;1;No aplica;11
TURQ 040;1;2020-04-21;5;2;Perú;3;10;7;CEDIF TURQUEZAS;2024-02-01;1;1;1;No aplica;11
TURQ 281;2;2022-06-08;3;2;Perú;3;10;7;CEDIF TURQUEZAS;2026-01-08;1;1;1;No aplica;11
TURQ 281;1;2022-06-09;3;2;Perú;3;10;7;CEDIF TURQUEZAS;2026-01-08;1;1;1;No aplica;11
TURQ 306;1;2018-06-21;7;3;Perú;3;10;7;CEDIF TURQUEZAS;2026-01-20;1;1;1;No aplica;11
TURQ 292;1;2022-06-12;3;2;Perú;3;10;7;CEDIF TURQUEZAS;2026-01-09;1;1;1;No aplica;11
JB 100;1;2024-01-15;2;2;Perú;3;10;7;CEDIF TURQUEZAS;2025-10-17;2;1;1;No aplica;11
JB 55;1;2023-04-10;2;2;Perú;3;10;7;CEDIF TURQUEZAS;2025-02-07;1;1;1;No aplica;11
JB 83;2;2023-04-07;2;2;Perú;3;10;7;CEDIF TURQUEZAS;2025-03-06;1;1;1;No aplica;11
JB 90;1;2023-05-10;2;2;Perú;3;10;7;CEDIF TURQUEZAS;2025-04-02;1;1;1;No aplica;11
JB 85;1;2023-08-10;2;2;Perú;3;10;7;CEDIF TURQUEZAS;2025-03-07;1;1;1;No aplica;11
JB 82;1;2022-09-25;3;2;Perú;3;10;7;CEDIF TURQUEZAS;2025-02-28;1;1;2;2026-01-29;1
JB 67;1;2022-07-12;3;2;PERÚ;3;10;7;CEDIF TURQUEZAS;2024-05-16;1;1;2;2026-01-29;1
JB 97;1;2022-08-31;3;2;Perú;3;10;7;CEDIF TURQUEZAS;2025-08-18;1;1;2;2026-01-29;1
JB 47;1;2022-06-14;3;2;Perú;3;10;7;CEDIF TURQUEZAS;2024-03-12;1;1;1;No aplica;11
JB 87;2;2022-04-30;3;2;Perú;3;10;7;CEDIF TURQUEZAS;2025-03-19;1;1;2;2026-01-29;1
JB 28;1;2022-06-24;3;2;Perú;3;10;7;CEDIF TURQUEZAS;2024-02-01;1;1;1;No aplica;11
JB 60;2;2022-04-26;3;2;Perú;3;10;7;CEDIF TURQUEZAS;2024-03-01;1;1;1;No aplica;11
JB 62;2;2022-05-03;3;2;Perú;3;10;7;CEDIF TURQUEZAS;2024-04-03;1;1;2;2026-01-29;1
JB 68;1;2022-08-01;3;2;Perú;3;10;7;CEDIF TURQUEZAS;2024-05-28;1;1;1;No aplica;11
JB 93;2;2022-04-12;3;2;Perú;3;10;7;CEDIF TURQUEZAS;2025-05-26;1;2;1;No aplica;11
JB 78;1;2022-10-29;3;2;PERÚ;3;10;7;CEDIF TURQUEZAS;2025-01-13;1;1;1;No aplica;11
JB 55;1;2021-06-17;4;2;Perú;3;10;7;CEDIF TURQUEZAS;2025-02-07;1;1;2;2026-01-29;1
JB 04;1;2020-12-18;5;2;Perú;3;10;7;CEDIF TURQUEZAS;2023-03-03;1;2;1;No aplica;11
JB 26;2;2021-07-17;4;2;Perú;3;10;7;CEDIF TURQUEZAS;2023-06-26;1;1;2;2026-01-29;1
JB 42;2;2020-10-03;5;2;PERÚ;3;10;7;CEDIF TURQUEZAS;2025-01-15;1;1;1;No aplica;11
JB 95;1;2020-10-24;5;2;Perú;3;10;7;CEDIF TURQUEZAS;2025-05-26;1;1;1;No aplica;11
JB 31;1;2020-04-13;5;2;Perú;3;10;7;CEDIF TURQUEZAS;2025-01-15;1;1;1;No aplica;11
JB 47;2;2019-03-07;6;3;Perú;3;10;7;CEDIF TURQUEZAS;2024-05-31;1;1;1;No aplica;11
JB 100;2;2019-11-06;6;3;Perú;3;10;7;CEDIF TURQUEZAS;2025-10-17;2;1;1;No aplica;11
JB 100;2;2019-11-06;6;3;Perú;3;10;7;CEDIF TURQUEZAS;2025-10-17;2;1;1;No aplica;11
JB 101;2;2018-12-19;7;3;Perú;3;10;7;CEDIF TURQUEZAS;2025-10-17;2;1;1;No aplica;11
JB 102;1;2019-05-21;6;3;Perú;3;10;7;CEDIF TURQUEZAS;2025-10-17;2;1;1;No aplica;11
JB 42;2;2018-11-05;7;3;PERÚ;3;10;7;CEDIF TURQUEZAS;2025-01-15;1;1;1;No aplica;11
JB 18;1;2018-04-20;7;3;Perú;3;10;7;CEDIF TURQUEZAS;2024-09-01;1;1;1;No aplica;11
JB 80;2;2018-02-05;8;3;Perú;3;10;7;CEDIF TURQUEZAS;2025-02-23;1;1;1;No aplica;11
JB 102;1;2017-12-21;8;3;Perú;3;10;7;CEDIF TURQUEZAS;2025-10-17;2;1;1;No aplica;11
JB 06;2;2017-03-03;8;3;Perú;3;10;7;CEDIF TURQUEZAS;2018-04-09;1;2;2;2026-01-29;1
JB 29;1;2017-10-19;8;3;Perú;3;10;7;CEDIF TURQUEZAS;2019-05-06;1;1;2;2026-01-29;1
JB 44;1;2017-05-26;8;3;Perú;3;10;7;CEDIF TURQUEZAS;2018-04-09;1;2;2;2026-01-29;1
JB 66;1;2020-11-27;5;2;Perú;3;10;7;CEDIF TURQUEZAS;2024-04-12;1;1;1;No aplica;11
JB 99;2;2017-05-17;8;3;Perú;3;10;7;CEDIF TURQUEZAS;2025-09-29;1;1;1;No aplica;11
JB 101;1;2017-02-25;9;3;Perú;3;10;7;CEDIF TURQUEZAS;2025-10-17;2;1;1;No aplica;11
JB 27;2;2016-06-24;9;3;Perú;3;10;7;CEDIF TURQUEZAS;2023-06-16;1;1;1;No aplica;11
JB 20;1;2016-05-16;9;3;Perú;3;10;7;CEDIF TURQUEZAS;2023-05-18;1;1;1;No aplica;11
JB 20;2;2016-05-16;9;3;Perú;3;10;7;CEDIF TURQUEZAS;2023-05-18;1;1;1;No aplica;11
JB 21;1;2016-02-25;10;3;Perú;3;10;7;CEDIF TURQUEZAS;2022-09-12;1;1;2;2026-01-29;1
JB 65;2;2016-07-06;9;3;Perú;3;10;7;CEDIF TURQUEZAS;2024-04-12;1;1;1;No aplica;11
JB 18;2;2016-05-10;9;3;Perú;3;10;7;CEDIF TURQUEZAS;2023-05-16;1;2;1;No aplica;11
JB 13;2;2016-02-26;10;3;Perú;3;10;7;CEDIF TURQUEZAS;2023-09-01;2;1;2;2026-02-27;1
JB 07;2;2016-01-29;10;3;Perú;3;10;7;CEDIF TURQUEZAS;2023-03-06;1;1;1;No aplica;11
JB 81;1;2016-01-14;10;3;Perú;3;10;7;CEDIF TURQUEZAS;2025-02-28;1;2;1;No aplica;11
JB 80;2;2016-06-28;9;3;Perú;3;10;7;CEDIF TURQUEZAS;2025-02-23;1;1;1;No aplica;11
JB 28;1;2016-10-13;9;3;Perú;3;10;7;CEDIF TURQUEZAS;2024-02-01;1;1;2;2026-01-29;1
JB 45;1;2016-05-01;9;3;VENEZUELA;3;10;7;CEDIF TURQUEZAS;2022-09-05;1;5;1;No aplica;11
JB 31;1;2016-10-26;9;3;Perú;3;10;7;CEDIF TURQUEZAS;2023-08-22;1;1;1;No aplica;11
JB 09;1;2015-09-18;10;3;Perú;3;10;7;CEDIF TURQUEZAS;2023-03-13;2;2;2;2026-01-29;1
JB 08;1;2020-10-13;5;2;Perú;3;10;7;CEDIF TURQUEZAS;2023-03-06;2;2;1;No aplica;11
JB 94;1;2014-11-23;11;3;Perú;3;10;7;CEDIF TURQUEZAS;2025-05-26;1;1;1;No aplica;11
JB 55;1;2014-11-13;11;3;Perú;3;10;7;CEDIF TURQUEZAS;2023-09-01;1;1;2;2026-01-29;1
JB 90;1;2015-05-16;10;3;Perú;3;10;7;CEDIF TURQUEZAS;2025-04-02;1;1;1;No aplica;11
JB 29;1;2015-04-27;10;3;Perú;3;10;7;CEDIF TURQUEZAS;2019-05-06;1;1;2;2026-01-29;1
JB 102;1;2015-07-26;10;3;Perú;3;10;7;CEDIF TURQUEZAS;2025-10-17;2;1;1;No aplica;11
JB 66;2;2014-02-27;12;4;Perú;3;10;7;CEDIF TURQUEZAS;2024-04-12;1;1;1;No aplica;11
JB 22;1;2014-06-27;11;3;Perú;3;10;7;CEDIF TURQUEZAS;2023-05-19;1;1;1;No aplica;11
JB 08;1;2014-11-08;11;3;Perú;3;10;7;CEDIF TURQUEZAS;2023-03-06;2;2;1;No aplica;11
JB 53;1;2014-09-25;11;3;Perú;3;10;7;CEDIF TURQUEZAS;2022-03-16;2;1;1;No aplica;11
JB 18;1;2013-12-18;12;4;Perú;3;10;7;CEDIF TURQUEZAS;2023-05-16;1;2;1;No aplica;11
JB 24;1;2014-11-05;11;3;Perú;3;10;7;CEDIF TURQUEZAS;2020-01-02;1;1;2;2026-01-29;1
JB 95;1;2014-07-09;11;3;Perú;3;10;7;CEDIF TURQUEZAS;2025-05-26;1;1;1;No aplica;11
JB 99;1;2014-02-08;12;4;Perú;3;10;7;CEDIF TURQUEZAS;2025-09-29;1;1;1;No aplica;11
JB 47;2;2013-07-28;12;4;Perú;3;10;7;CEDIF TURQUEZAS;2023-05-31;1;1;1;No aplica;11
JB 13;1;2013-05-25;12;4;Perú;3;10;7;CEDIF TURQUEZAS;2023-09-01;2;1;1;No aplica;11
JB 44;2;2013-04-28;12;4;Perú;3;10;7;CEDIF TURQUEZAS;2017-10-02;1;2;2;2026-01-29;1
JB 24;2;2013-05-07;12;4;Perú;3;10;7;CEDIF TURQUEZAS;2018-04-09;1;1;2;2026-01-29;1
JB 31;2;2012-12-22;13;4;Perú;3;10;7;CEDIF TURQUEZAS;2023-08-22;1;1;1;No aplica;11
JB 15;1;2013-11-05;12;4;Perú;3;10;7;CEDIF TURQUEZAS;2023-04-10;2;1;2;2026-01-29;1
JB 45;2;2013-10-17;12;4;VENEZUELA;3;10;7;CEDIF TURQUEZAS;2022-09-05;1;5;2;2026-01-29;1
JB 55;2;2012-04-18;13;4;Perú;3;10;7;CEDIF TURQUEZAS;2023-09-01;1;1;2;2026-01-29;1
JB 78;2;2011-11-25;14;4;Perú;3;10;7;CEDIF TURQUEZAS;2025-06-13;1;1;2;2026-01-29;1
JB 97;1;2012-06-26;13;4;Perú;3;10;7;CEDIF TURQUEZAS;2025-08-18;1;1;2;2026-01-29;1
JB 66;1;2012-11-07;13;4;Perú;3;10;7;CEDIF TURQUEZAS;2024-04-12;1;1;1;No aplica;11
JB 66;1;2012-11-07;13;4;Perú;3;10;7;CEDIF TURQUEZAS;2024-04-12;1;1;1;No aplica;11
JB 51;1;2012-07-26;13;4;Perú;3;10;7;CEDIF TURQUEZAS;2022-03-12;1;1;2;2026-01-29;1
JB 51;2;2012-07-26;13;4;Perú;3;10;7;CEDIF TURQUEZAS;2022-03-13;1;1;2;2026-01-29;1
JB 98;2;2012-05-07;13;4;Perú;3;10;7;CEDIF TURQUEZAS;2025-09-29;1;1;2;2026-01-29;1
JB 101;2;2012-02-12;14;4;Perú;3;10;7;CEDIF TURQUEZAS;2025-10-17;2;1;1;No aplica;11
JB 53;1;2011-07-14;14;4;Perú;3;10;7;CEDIF TURQUEZAS;2022-03-16;2;1;1;No aplica;11
JB 21;1;2010-12-04;15;4;Perú;1;10;7;CEDIF TURQUEZAS;2022-09-12;1;2;2;2026-01-29;1
JB 94;1;2011-03-06;14;4;Perú;3;10;7;CEDIF TURQUEZAS;2025-05-26;1;1;1;No aplica;11
JB 06;1;2011-08-11;14;4;Perú;3;10;7;CEDIF TURQUEZAS;2017-10-02;1;2;2;2026-01-29;1
JB 08;1;2011-06-14;14;4;Perú;3;10;7;CEDIF TURQUEZAS;2023-03-06;2;2;1;No aplica;11
JB 18;2;2011-10-02;14;4;Perú;3;10;7;CEDIF TURQUEZAS;2023-05-16;1;2;1;No aplica;11
JB 99;1;2011-08-19;14;4;Perú;3;10;7;CEDIF TURQUEZAS;2025-09-29;1;1;1;No aplica;11
JB 20;1;2010-07-12;15;4;Perú;3;10;7;CEDIF TURQUEZAS;2023-05-18;1;1;1;No aplica;11
JB 42;2;2010-05-11;15;4;Perú;3;10;7;CEDIF TURQUEZAS;2023-08-21;1;1;1;No aplica;11
JB 97;2;2010-11-09;15;4;Perú;3;10;7;CEDIF TURQUEZAS;2025-08-18;1;1;2;2026-01-29;1
JB 22;1;2009-12-28;16;4;Perú;3;10;7;CEDIF TURQUEZAS;2023-05-19;1;1;1;No aplica;11
JB 23;2;2010-09-13;15;4;Perú;2;10;7;CEDIF TURQUEZAS;2022-04-03;2;1;2;2026-01-29;1
JB 79;1;2010-08-10;15;4;PERÚ;3;10;7;CEDIF TURQUEZAS;2025-01-20;1;1;1;No aplica;11
JB 101;1;2010-09-09;15;4;Perú;3;10;7;CEDIF TURQUEZAS;2025-10-17;2;1;1;No aplica;11
JB 02;1;2009-07-06;16;4;Perú;3;10;7;CEDIF TURQUEZAS;2015-01-14;1;1;2;2026-01-29;1
JB 78;2;2008-11-27;17;4;Perú;3;10;7;CEDIF TURQUEZAS;2025-06-13;1;1;2;2026-01-29;1
JB 37;1;2009-03-29;16;4;Perú;3;10;7;CEDIF TURQUEZAS;2024-01-19;1;1;2;2026-01-29;1
JB 81;2;2009-05-09;16;4;Perú;3;10;7;CEDIF TURQUEZAS;2025-02-28;1;2;1;No aplica;11
JB 99;1;2009-01-12;17;4;Perú;3;10;7;CEDIF TURQUEZAS;2025-09-29;1;1;1;No aplica;11
JB 55;2;2008-09-19;17;4;Perú;3;10;7;CEDIF TURQUEZAS;2023-09-01;1;1;2;2026-01-29;1
JB 103;1;2013-08-25;12;4;Perú;3;10;7;CEDIF TURQUEZAS;2026-01-13;1;1;1;No aplica;11
JB 103;2;2017-03-02;8;3;Perú;3;10;7;CEDIF TURQUEZAS;2026-01-13;1;1;1;No aplica;11
JB 103;2;2017-03-02;8;3;Perú;3;10;7;CEDIF TURQUEZAS;2026-01-13;1;1;1;No aplica;11
JB 104;2;2023-12-27;2;2;Perú;3;10;7;CEDIF TURQUEZAS;2026-01-13;1;1;1;No aplica;11
JB 104;1;2017-01-31;9;3;Perú;3;10;7;CEDIF TURQUEZAS;2026-01-13;1;1;1;No aplica;11
JB 105;1;2020-10-06;5;2;Perú;3;10;7;CEDIF TURQUEZAS;2026-01-13;1;1;1;No aplica;11
JB 105;1;2016-11-11;9;3;Perú;3;10;7;CEDIF TURQUEZAS;2026-01-13;1;1;1;No aplica;11
JB 105;2;2011-03-26;14;4;Perú;3;10;7;CEDIF TURQUEZAS;2026-01-13;1;1;1;No aplica;11
MC 054;1;2008-10-15;17;4;PERÚ;3;10;7;CEDIF TURQUEZAS;2024-06-13;1;1;2;2026-01-30;1
MC 072;2;2017-02-02;9;3;Perú;3;10;7;CEDIF TURQUEZAS;2025-01-02;1;1;1;No aplica;11
MC 011;2;2017-07-19;8;3;Perú;3;10;7;CEDIF TURQUEZAS;2023-11-03;1;1;2;2026-01-30;1
MC 011;1;2014-12-28;11;3;Perú;3;10;7;CEDIF TURQUEZAS;2023-11-03;1;1;2;2026-01-30;1
MC 076;1;2019-08-19;6;3;PERÚ;3;10;7;CEDIF TURQUEZAS;2025-01-28;1;1;2;2026-01-30;1
MC 076;1;2016-12-16;9;3;PERÚ;3;10;7;CEDIF TURQUEZAS;2025-01-28;1;1;2;2026-01-30;1
MC 082;1;2015-04-21;10;3;Perú;3;10;7;CEDIF TURQUEZAS;2025-03-18;2;1;1;No aplica;11
MC 082;2;2016-12-31;9;3;Perú;3;10;7;CEDIF TURQUEZAS;2025-03-18;2;1;1;No aplica;11
MC 066;1;2020-09-10;5;2;PERÚ;3;10;7;CEDIF TURQUEZAS;2024-09-09;1;1;1;No aplica;11
MC 066;1;2014-09-24;11;3;PERÚ;3;10;7;CEDIF TURQUEZAS;2024-09-09;1;1;1;No aplica;11
MC 066;2;2011-12-22;14;4;PERÚ;3;10;7;CEDIF TURQUEZAS;2024-09-09;1;1;1;No aplica;11
MC 029;1;2011-05-18;14;4;Perú;3;10;7;CEDIF TURQUEZAS;2024-03-13;2;1;1;No aplica;11
MC 088;2;2010-04-17;15;4;Perú;3;10;7;CEDIF TURQUEZAS;2025-05-12;2;2;1;No aplica;11
MC 004;1;2015-01-19;11;3;Perú;3;10;7;CEDIF TURQUEZAS;2022-03-16;1;2;2;2026-01-30;1
MC 046;2;2016-03-11;9;3;Perú;3;10;7;CEDIF TURQUEZAS;2024-05-22;1;5;1;No aplica;11
MC 046;2;2013-12-21;12;4;Perú;3;10;7;CEDIF TURQUEZAS;2024-05-23;1;5;1;No aplica;11
MC 071;2;2021-06-20;4;2;Perú;3;10;7;CEDIF TURQUEZAS;2025-01-07;1;1;1;No aplica;11
MC 081;2;2014-07-18;11;3;Perú;3;10;7;CEDIF TURQUEZAS;2025-03-17;2;2;2;2026-01-30;1
MC 081;2;2012-06-09;13;4;Perú;3;10;7;CEDIF TURQUEZAS;2025-03-17;2;2;2;2026-01-30;1
MC 039;1;2011-02-09;15;4;Perú;3;10;7;CEDIF TURQUEZAS;2025-05-13;2;1;1;No aplica;11
MC 052;1;2019-05-04;6;3;Perú;3;10;7;CEDIF TURQUEZAS;2025-01-08;1;1;1;No aplica;11
MC 052;2;2016-01-23;10;3;PERÚ;3;10;7;CEDIF TURQUEZAS;2024-06-04;1;1;1;No aplica;11
MC 025;1;2016-01-10;10;3;Perú;3;10;7;CEDIF TURQUEZAS;2023-06-05;1;1;2;2026-01-30;1
MC 025;1;2011-02-23;15;4;Perú;3;10;7;CEDIF TURQUEZAS;2023-06-05;1;1;2;2026-01-30;1
MC 094;1;2017-05-02;8;3;Perú;3;10;7;CEDIF TURQUEZAS;2025-06-13;2;1;1;No aplica;11
121200286;1;2013-11-01;12;4;Perú;3;10;7;CEDIF TURQUEZAS;2022-09-15;1;2;2;2026-01-30;1
MC 015;2;2018-09-22;7;3;Perú;3;10;7;CEDIF TURQUEZAS;2023-04-03;2;1;2;2026-01-30;1
MC 015;1;2010-11-09;15;4;Perú;3;10;7;CEDIF TURQUEZAS;2023-04-03;2;1;2;2026-01-30;1
MC 070;2;2012-11-04;13;4;PERÚ;3;10;7;CEDIF TURQUEZAS;2024-11-04;2;1;1;No aplica;11
MC 070;2;2010-01-02;16;4;PERÚ;3;10;7;CEDIF TURQUEZAS;2024-11-04;2;1;1;No aplica;11
MC 062;1;2016-05-26;9;3;Perú;3;10;7;CEDIF TURQUEZAS;2024-08-13;2;1;2;2026-01-30;1
MC 091;1;2020-03-21;5;2;Perú;3;10;7;CEDIF TURQUEZAS;2025-05-13;2;1;1;No aplica;11
MC 091;1;2022-01-06;4;2;Perú;3;10;7;CEDIF TURQUEZAS;2025-05-13;2;1;1;No aplica;11
MC 030;2;2015-03-04;10;3;Perú;3;10;7;CEDIF TURQUEZAS;2025-06-18;2;1;1;No aplica;11
MC 030;1;2017-04-09;8;3;Perú;3;10;7;CEDIF TURQUEZAS;2025-06-18;2;1;1;No aplica;11
MC 093;1;2016-10-19;9;3;Perú;3;10;7;CEDIF TURQUEZAS;2025-06-06;2;1;2;2026-02-27;1
MC 093;2;2017-12-22;8;3;Perú;3;10;7;CEDIF TURQUEZAS;2025-06-06;2;1;2;2026-02-27;1
MC 018;2;2016-10-02;9;3;Perú;3;10;7;CEDIF TURQUEZAS;2022-03-16;1;1;2;2026-01-30;1
MC 030;1;2015-02-21;11;3;Perú;3;10;7;CEDIF TURQUEZAS;2022-09-15;1;1;2;2026-01-30;1
MC 050;1;2014-09-11;11;3;PERÚ;3;10;7;CEDIF TURQUEZAS;2024-05-27;1;1;1;No aplica;11
MC 039;2;2017-09-12;8;3;Perú;3;10;7;CEDIF TURQUEZAS;2023-10-24;2;1;1;No aplica;11
MC 012;2;2014-03-06;11;3;Perú;3;10;7;CEDIF TURQUEZAS;2023-03-03;1;1;1;No aplica;11
MC 012;1;2011-11-21;14;4;Perú;3;10;7;CEDIF TURQUEZAS;2023-03-03;1;1;1;No aplica;11
MC 086;2;2011-01-05;15;4;Perú;3;10;7;CEDIF TURQUEZAS;2025-04-22;2;1;2;2026-02-27;1
MC 086;2;2021-07-08;4;2;Perú;3;10;7;CEDIF TURQUEZAS;2025-04-22;2;1;2;2026-02-27;1
MC 009;1;2010-08-17;15;4;Perú;3;10;7;CEDIF TURQUEZAS;2023-03-03;2;1;1;No aplica;11
MC 083;1;2013-09-02;12;4;Perú;3;10;7;CEDIF TURQUEZAS;2025-01-01;2;1;1;No aplica;11
MC 083;2;2016-09-02;9;3;Perú;3;10;7;CEDIF TURQUEZAS;2025-01-01;2;1;1;No aplica;11
MC 090;1;2015-05-05;10;3;Perú;3;10;7;CEDIF TURQUEZAS;2025-05-13;2;1;1;No aplica;11
MC 090;2;2017-03-05;8;3;Perú;3;10;7;CEDIF TURQUEZAS;2025-05-13;2;1;1;No aplica;11
MC 090;1;2013-01-18;13;4;Perú;3;10;7;CEDIF TURQUEZAS;2025-05-13;2;1;1;No aplica;11
MC 090;2;2018-03-14;7;3;Perú;3;10;7;CEDIF TURQUEZAS;2025-05-13;2;1;1;No aplica;11
MC 087;1;2016-04-24;9;3;Perú;3;10;7;CEDIF TURQUEZAS;2025-05-12;2;1;1;No aplica;11
MC 087;1;2013-05-09;12;4;Perú;3;10;7;CEDIF TURQUEZAS;2025-05-12;2;1;1;No aplica;11
MC 080;1;2011-05-22;14;4;Perú;3;10;7;CEDIF TURQUEZAS;2025-03-17;2;1;2;2026-01-30;1
MC 084;1;2013-03-24;12;4;Perú;3;10;7;CEDIF TURQUEZAS;2025-01-02;2;1;1;No aplica;11
MC 084;1;2017-05-07;8;3;Perú;3;10;7;CEDIF TURQUEZAS;2025-01-02;2;1;1;No aplica;11
MC 096;1;2015-11-27;10;3;Perú;3;10;7;CEDIF TURQUEZAS;2025-07-10;2;1;2;2026-01-30;1
MC 096;2;2016-10-18;9;3;Perú;3;10;7;CEDIF TURQUEZAS;2025-07-10;2;1;2;2026-01-30;1
MC 097;1;2012-03-22;13;4;PERÚ;1;10;7;CEDIF TURQUEZAS;2025-07-18;1;1;2;2026-01-30;1
MC 097;2;2016-02-16;10;3;PERÚ;3;10;7;CEDIF TURQUEZAS;2025-07-18;1;1;2;2026-01-30;1
MC 098;1;2016-02-26;10;3;PERÚ;3;10;7;CEDIF TURQUEZAS;2025-08-13;2;1;2;2026-02-27;1
MC 099;2;2015-02-08;11;3;PERÚ;3;10;7;CEDIF TURQUEZAS;2025-08-29;2;1;1;No aplica;11
MC 100;1;2013-03-06;12;4;PERÚ;3;10;7;CEDIF TURQUEZAS;2025-09-26;2;1;1;No aplica;11
MC 101;1;2008-09-27;17;4;PERÚ;3;10;7;CEDIF TURQUEZAS;2025-09-26;2;1;2;2026-01-30;1
MC 102;1;2015-03-13;10;3;PERÚ;3;10;7;CEDIF TURQUEZAS;2025-10-16;2;1;1;No aplica;11
MC 102;1;2016-09-11;9;3;PERÚ;3;10;7;CEDIF TURQUEZAS;2025-10-16;2;1;1;No aplica;11
MC 103;2;2009-07-06;16;4;PERÚ;3;10;7;CEDIF TURQUEZAS;2025-10-16;2;1;1;No aplica;11
MC 103;1;2013-06-12;12;4;PERÚ;3;10;7;CEDIF TURQUEZAS;2025-10-16;2;1;1;No aplica;11
MC 103;2;2017-09-01;8;3;PERÚ;3;10;7;CEDIF TURQUEZAS;2025-10-16;2;1;1;No aplica;11
MC 103;1;2019-04-18;6;3;PERÚ;3;10;7;CEDIF TURQUEZAS;2025-10-16;2;1;1;No aplica;11
MC 104;1;2013-11-08;12;4;PERÚ;3;10;7;CEDIF TURQUEZAS;2025-10-22;2;1;2;2026-01-30;1
MC 104;1;2010-03-31;15;4;PERÚ;3;10;7;CEDIF TURQUEZAS;2025-10-22;2;1;2;2026-01-30;1
MC 105;1;2010-06-10;15;4;PERÚ;3;10;7;CEDIF TURQUEZAS;2025-10-27;2;1;1;No aplica;11
MC 106;1;2011-08-08;14;4;PERÚ;3;10;7;CEDIF TURQUEZAS;2025-11-13;2;1;1;No aplica;11
MC 106;1;2013-11-28;12;4;PERÚ;3;10;7;CEDIF TURQUEZAS;2025-11-13;2;1;1;No aplica;11
MC 107;2;2012-03-24;13;4;PERÚ;3;10;7;CEDIF TURQUEZAS;2026-01-09;2;1;1;No aplica;11
MC 107;2;2014-01-21;12;4;PERÚ;3;10;7;CEDIF TURQUEZAS;2026-01-09;2;1;1;No aplica;11
MC 108;2;2017-01-06;9;3;PERÚ;3;10;7;CEDIF TURQUEZAS;2026-01-09;2;1;1;No aplica;11
MC 109;2;2016-08-12;9;3;PERÚ;3;10;7;CEDIF TURQUEZAS;2026-01-15;2;1;1;No aplica;11
MC 095;2;2015-10-15;10;3;PERÚ;3;10;7;CEDIF TURQUEZAS;2025-06-18;2;1;2;2026-02-02;10
MC 075;1;2011-11-04;14;4;PERÚ;3;10;7;CEDIF TURQUEZAS;2024-01-09;1;1;2;2026-02-02;10
MC 075;1;2009-06-26;16;4;PERÚ;3;10;7;CEDIF TURQUEZAS;2024-01-09;1;1;2;2026-02-02;10
S-N 63;1;2013-07-04;12;4;Perú;3;10;7;CEDIF TURQUEZAS;2025-01-13;2;1;1;No aplica;11
S-N 63;2;2010-08-01;15;4;Perú;3;10;7;CEDIF TURQUEZAS;2025-01-13;2;1;1;No aplica;11
S-N 72;2;2019-07-14;6;3;Perú;3;10;7;CEDIF TURQUEZAS;2025-04-01;1;1;1;No aplica;11
S-N 63;1;2015-03-11;10;3;Perú ;3;10;7;CEDIF TURQUEZAS;2025-01-13;2;1;1;No aplica;11
S-N 40;2;2015-06-14;10;3;Perú;3;10;7;CEDIF TURQUEZAS;2024-02-01;2;1;1;No aplica;11
S-N 40;2;2018-10-15;7;3;Perú;3;10;7;CEDIF TURQUEZAS;2024-02-01;2;1;1;No aplica;11
S-N 19;2;2019-12-07;6;3;Perú;3;10;7;CEDIF TURQUEZAS;2023-12-04;2;1;1;No aplica;11
S-N 04;2;2019-04-20;6;3;Perú;3;10;7;CEDIF TURQUEZAS;2023-02-06;1;1;1;No aplica;11
S-N 04;1;2014-04-13;11;3;Perú;3;10;7;CEDIF TURQUEZAS;2023-02-06;1;1;1;No aplica;11
S-N 14;2;2016-09-24;9;3;Perú;3;10;7;CEDIF TURQUEZAS;2023-10-10;1;1;1;No aplica;11
S-N 01;1;2013-07-03;12;4;Perú;3;10;7;CEDIF TURQUEZAS;2020-03-05;1;1;2;2026-01-30;1
S-N 01;1;2008-09-24;17;4;Perú;3;10;7;CEDIF TURQUEZAS;2020-03-05;1;1;2;2026-01-30;1
S-N 51;2;2016-11-11;9;3;Perú;3;10;7;CEDIF TURQUEZAS;2024-05-06;2;1;1;No aplica;11
S-N 51;2;2013-04-23;12;4;Perú;3;10;7;CEDIF TURQUEZAS;2024-05-06;2;1;1;No aplica;11
S-N 51;1;2011-10-10;14;4;Perú;3;10;7;CEDIF TURQUEZAS;2024-05-06;2;1;1;No aplica;11
S-N 87;2;2019-10-11;6;3;Perú;3;10;7;CEDIF TURQUEZAS;2025-09-30;1;1;1;No aplica;11
S-N 82;2;2018-07-30;7;3;Perú;3;10;7;CEDIF TURQUEZAS;2025-07-21;1;1;1;No aplica;11
S-N 65;1;2020-03-26;5;2;Perú;3;10;7;CEDIF TURQUEZAS;2025-03-03;1;1;2;2026-02-27;1
S-N 08;2;2019-08-24;6;3;Perú;3;10;7;CEDIF TURQUEZAS;2023-03-13;2;1;1;No aplica;11
S-N 46;2;2021-03-24;4;2;PERÚ;3;10;6;CEDIF TURQUEZAS;2024-04-01;2;2;1;No aplica;11
S-N 91;2;2019-10-29;6;3;Perú;3;10;7;CEDIF TURQUEZAS;2025-10-13;1;1;1;No aplica;11
S-N 54;2;2016-10-17;9;3;Perú;3;10;7;CEDIF TURQUEZAS;2024-07-08;2;1;1;No aplica;11
S-N 03;1;2015-08-19;10;3;Perú;3;10;7;CEDIF TURQUEZAS;2023-02-01;2;1;1;No aplica;11
S-N 43;1;2014-06-02;11;3;Perú;3;10;7;CEDIF TURQUEZAS;2024-03-11;2;1;1;No aplica;11
S-N 43;2;2012-07-15;13;4;Perú;3;10;7;CEDIF TURQUEZAS;2024-03-11;2;1;1;No aplica;11
S-N 75;2;2014-10-24;11;3;Perú;3;10;7;CEDIF TURQUEZAS;2025-04-09;1;1;1;No aplica;11
S-N 68;2;2015-12-21;10;3;Perú;3;10;7;CEDIF TURQUEZAS;2025-03-03;1;1;2;2026-02-27;1
S-N 68;2;2017-10-02;8;3;Perú;3;10;7;CEDIF TURQUEZAS;2025-03-03;1;1;2;2026-02-27;1
S-N 58;2;2016-05-20;9;3;Perú;3;10;7;CEDIF TURQUEZAS;2024-09-09;2;1;1;No aplica;11
S-N 65;2;2017-11-21;8;3;Perú;3;10;6;CEDIF TURQUEZAS;2025-01-13;1;1;1;No aplica;11
S-N 02;1;2018-05-11;7;3;Perú;3;10;7;CEDIF TURQUEZAS;2023-02-01;1;1;1;No aplica;11
S-N 02;1;2014-09-14;11;3;Perú;3;10;7;CEDIF TURQUEZAS;2023-02-01;1;1;1;No aplica;11
S-N 55;2;2020-07-03;5;2;Perú;3;10;7;CEDIF TURQUEZAS;2024-08-12;1;1;1;No aplica;11
S-N 55;2;2013-06-25;12;4;Perú;3;10;6;CEDIF TURQUEZAS;2024-08-12;1;1;1;No aplica;11
S-N 22;2;2014-12-19;11;3;Perú;3;10;7;CEDIF TURQUEZAS;2022-05-11;1;2;2;2026-01-30;1
S-N 81;2;2020-12-30;5;2;Perú;3;10;7;CEDIF TURQUEZAS;2025-07-21;1;1;1;No aplica;11
S-N 81;2;2016-11-27;9;3;Perú;3;10;7;CEDIF TURQUEZAS;2025-07-21;1;1;1;No aplica;11
S-N 48;1;2019-12-02;6;3;Perú;3;10;7;CEDIF TURQUEZAS;2024-05-06;2;1;1;No aplica;11
S-N 48;2;2021-04-27;4;2;Perú;3;10;7;CEDIF TURQUEZAS;2024-05-06;2;1;1;No aplica;11
S-N 48;1;2013-01-12;13;4;Perú;3;10;7;CEDIF TURQUEZAS;2024-05-06;2;1;1;No aplica;11
S-N 05;1;2020-02-05;6;3;Perú;3;10;7;CEDIF TURQUEZAS;2023-02-06;1;1;1;No aplica;11
S-N 05;2;2011-09-19;14;4;Perú;3;10;7;CEDIF TURQUEZAS;2023-02-06;1;1;1;No aplica;11
S-N 05;1;2010-09-08;15;4;Perú;3;10;7;CEDIF TURQUEZAS;2023-02-06;1;1;1;No aplica;11
S-N 23;2;2016-01-27;10;3;Perú;3;10;7;CEDIF TURQUEZAS;2021-05-03;1;1;2;2026-01-30;1
S-N 23;1;2012-01-26;14;4;Perú;3;10;7;CEDIF TURQUEZAS;2021-05-03;1;1;2;2026-01-30;1
S-N 23;2;2010-05-24;15;4;Perú;3;10;7;CEDIF TURQUEZAS;2021-05-03;1;1;2;2026-01-30;1
S-N 73;2;2016-11-21;9;3;Perú;3;10;7;CEDIF TURQUEZAS;2025-04-07;1;1;2;2026-02-27;1
S-N 07;2;2014-12-13;11;3;Perú;3;10;6;CEDIF TURQUEZAS;2023-03-01;1;1;2;2026-02-27;1
S-N 07;2;2018-12-21;7;3;Perú;3;10;7;CEDIF TURQUEZAS;2023-03-01;1;1;2;2026-02-27;1
S-N 71;2;2014-07-14;11;3;Perú;3;10;7;CEDIF TURQUEZAS;2025-04-01;1;1;2;2026-01-30;1
S-N 71;2;2018-07-28;7;3;Perú;3;10;7;CEDIF TURQUEZAS;2025-04-01;1;1;2;2026-01-30;1
S-N 62;2;2015-08-21;10;3;Perú;3;10;6;CEDIF TURQUEZAS;2024-11-14;1;1;1;No aplica;11
S-N 62;2;2021-10-24;4;2;Perú;3;10;6;CEDIF TURQUEZAS;2024-11-14;1;1;1;No aplica;11
S-N 25;2;2017-02-19;9;3;Perú;3;10;7;CEDIF TURQUEZAS;2023-01-04;2;1;1;No aplica;11
S-N 90;2;2018-07-09;7;3;Perú;3;10;7;CEDIF TURQUEZAS;2025-10-13;1;1;1;No aplica;11
S-N 90;2;2017-02-15;9;3;Perú;3;10;7;CEDIF TURQUEZAS;2025-10-13;1;1;1;No aplica;11
S-N 83;1;2018-08-30;7;3;Perú;3;10;7;CEDIF TURQUEZAS;2025-07-21;1;1;1;No aplica;11
S-N 83;1;2016-09-16;9;3;Perú;3;10;7;CEDIF TURQUEZAS;2025-07-21;1;1;1;No aplica;11
S-N 83;1;2015-03-02;10;3;Perú;3;10;7;CEDIF TURQUEZAS;2025-07-21;1;1;1;No aplica;11
S-N 88;2;2017-07-08;8;3;Perú;3;10;7;CEDIF TURQUEZAS;2025-09-30;1;1;1;No aplica;11
S-N 88;2;2021-06-14;4;2;Perú;3;10;7;CEDIF TURQUEZAS;2025-09-30;1;1;1;No aplica;11
S-N 79;2;2020-01-29;6;3;Perú;3;10;7;CEDIF TURQUEZAS;2025-06-30;1;1;1;No aplica;11
S-N 89;1;2021-10-28;4;2;Perú;3;10;7;CEDIF TURQUEZAS;2025-10-13;1;1;1;No aplica;11
S-N 44;1;2021-03-18;4;2;Perú;3;10;7;CEDIF TURQUEZAS;2024-04-01;1;1;1;No aplica;11
S-N 44;1;2019-08-10;6;3;PERÚ;3;10;7;CEDIF TURQUEZAS;2024-04-01;1;1;1;No aplica;11
S-N 44;2;2016-06-24;9;3;PERÚ;3;10;7;CEDIF TURQUEZAS;2024-04-01;1;1;1;No aplica;11
S-N 15;1;2013-02-01;13;4;Perú;3;10;7;CEDIF TURQUEZAS;2024-04-01;2;1;1;No aplica;11
S-N 15;2;2017-05-05;8;3;Perú;3;10;7;CEDIF TURQUEZAS;2024-04-01;2;1;1;No aplica;11
S-N 59;1;2012-05-27;13;4;Perú;3;10;6;CEDIF TURQUEZAS;2024-10-01;2;1;1;No aplica;11
S-N 59;2;2013-10-20;12;4;Perú;3;10;6;CEDIF TURQUEZAS;2024-10-01;2;1;1;No aplica;11
S-N 85;2;2012-12-18;13;4;Perú;3;10;7;CEDIF TURQUEZAS;2025-08-29;1;1;1;No aplica;11
S-N 85;1;2019-08-25;6;3;Perú;3;10;7;CEDIF TURQUEZAS;2025-08-29;1;1;1;No aplica;11
S-N 53;2;2019-01-11;7;3;Perú;3;10;6;CEDIF TURQUEZAS;2024-06-17;2;1;1;No aplica;11
S-N 53;1;2012-11-17;13;4;Perú;3;10;6;CEDIF TURQUEZAS;2024-06-17;2;1;1;No aplica;11
S-N 80;2;2014-07-19;11;3;Perú;3;10;7;CEDIF TURQUEZAS;2025-06-30;1;1;1;No aplica;11
S-N 70;2;2013-04-10;12;4;Perú;3;10;7;CEDIF TURQUEZAS;2025-04-02;1;1;1;No aplica;11
S-N 64;1;2018-11-19;7;3;Perú;3;10;7;CEDIF TURQUEZAS;2024-01-13;1;1;1;No aplica;11
S-N 76;2;2017-04-18;8;3;Perú;3;10;7;CEDIF TURQUEZAS;2025-04-14;1;1;1;No aplica;11
S-N 74;1;2017-01-25;9;3;Perú;3;10;7;CEDIF TURQUEZAS;2025-04-07;1;2;1;No aplica;11
S-N 74;2;2012-09-13;13;4;Perú;3;10;7;CEDIF TURQUEZAS;2025-04-07;1;2;1;No aplica;11
S-N 77;2;2015-01-14;11;3;Perú;3;10;7;CEDIF TURQUEZAS;2025-05-26;1;1;1;No aplica;11
S-N 77;2;2017-07-19;8;3;Perú;3;10;7;CEDIF TURQUEZAS;2025-05-26;1;1;1;No aplica;11
S-N 77;2;2022-02-20;4;2;Perú;3;10;7;CEDIF TURQUEZAS;2025-05-26;1;1;1;No aplica;11
S-N 86;2;2017-12-27;8;3;Perú;3;10;7;CEDIF TURQUEZAS;2025-09-30;1;1;1;No aplica;11
S-N 36;2;2017-03-10;8;3;Perú;3;10;7;CEDIF TURQUEZAS;2021-03-08;1;1;2;2026-01-30;1
S-N 84;1;2017-06-23;8;3;Perú;3;10;7;CEDIF TURQUEZAS;2025-08-29;1;1;1;No aplica;11
S-N 84;2;2019-04-04;6;3;Perú;3;10;7;CEDIF TURQUEZAS;2025-08-29;1;1;1;No aplica;11
S-N 69;1;2018-11-13;7;3;Perú;3;10;7;CEDIF TURQUEZAS;2025-03-03;1;1;1;No aplica;11
S-N 37;2;2015-05-25;10;3;Perú;3;10;7;CEDIF TURQUEZAS;2022-07-05;2;1;2;2026-01-30;1
S-N 37;1;2013-09-07;12;4;Perú;3;10;7;CEDIF TURQUEZAS;2022-07-05;2;1;2;2026-01-30;1
S-N 38;2;2018-03-08;7;3;Perú;3;10;7;CEDIF TURQUEZAS;2023-11-03;1;2;2;2026-02-27;1
S-N 38;1;2014-11-23;11;3;Perú;3;10;7;CEDIF TURQUEZAS;2023-11-03;1;2;2;2026-02-27;1
S-N 92;2;2016-05-04;9;3;Perú;3;10;7;CEDIF TURQUEZAS;2025-11-10;2;1;1;No aplica;11
S-N 92;1;2022-10-25;3;2;Perú;3;10;7;CEDIF TURQUEZAS;2025-11-10;2;1;1;No aplica;11
S-N 93;1;2013-05-02;12;4;Perú;3;10;7;CEDIF TURQUEZAS;2025-11-10;2;1;1;No aplica;11
S-N 94;2;2015-10-11;10;3;Perú;3;10;7;CEDIF TURQUEZAS;2025-11-10;2;1;1;No aplica;11
S-N 94;1;2018-01-23;8;3;Perú;3;10;7;CEDIF TURQUEZAS;2025-11-10;2;1;1;No aplica;11
S-N 95;2;2015-01-19;11;3;Perú;3;10;7;CEDIF TURQUEZAS;2025-11-10;2;1;1;No aplica;11
S-N 95;1;2012-01-25;14;4;Perú;3;10;7;CEDIF TURQUEZAS;2025-11-10;2;1;1;No aplica;11
S-N 96;2;2017-03-30;8;3;Perú;3;10;7;CEDIF TURQUEZAS;2025-11-10;2;1;1;No aplica;11
S-N 97;2;2022-06-13;3;2;Perú;3;10;7;CEDIF TURQUEZAS;2025-11-10;2;1;1;No aplica;11
S-N 98;1;2021-10-10;4;2;Perú;3;10;7;CEDIF TURQUEZAS;2025-11-10;2;1;1;No aplica;11
S-N 98;2;2019-01-20;7;3;Perú;3;10;7;CEDIF TURQUEZAS;2025-11-10;2;1;1;No aplica;11
S-N 99;2;2019-11-07;6;3;Perú;3;10;7;CEDIF TURQUEZAS;2026-01-05;2;1;1;No aplica;11
S-N 58;2;2022-07-29;3;2;Perú;3;10;7;CEDIF TURQUEZAS;2026-01-05;2;1;1;No aplica;11
S-N 101;2;2020-02-07;6;3;Perú;3;10;7;CEDIF TURQUEZAS;2026-01-05;2;1;1;No aplica;11
S-N 101;2;2021-12-14;4;2;Perú;3;10;7;CEDIF TURQUEZAS;2026-01-05;2;1;1;No aplica;11
S-N 102;2;2020-02-11;6;3;Perú;3;10;7;CEDIF TURQUEZAS;2026-01-05;2;1;1;No aplica;11
S-N 102;2;2017-04-29;8;3;Perú;3;10;7;CEDIF TURQUEZAS;2026-01-05;2;1;1;No aplica;11
120400001;1;2016-11-22;9;3;PERÚ;3;10;7;CEDIF ROSA DE LIMA;2020-02-20;1;2;1;No aplica;11
120400002;1;2011-04-29;14;4;PERÚ;3;10;7;CEDIF ROSA DE LIMA;2014-05-07;1;1;2;2026-01-02;5
120400004;2;2010-01-03;16;4;PERÚ;3;10;7;CEDIF ROSA DE LIMA;2019-04-22;1;1;2;2026-01-02;1
120400004;2;2008-01-12;18;5;PERÚ;3;10;7;CEDIF ROSA DE LIMA;2019-04-22;1;1;2;2026-01-02;1
120400005;1;2010-05-03;15;4;PERÚ;3;10;7;CEDIF ROSA DE LIMA;2022-09-02;1;1;2;2026-02-02;5
120400007;1;2020-03-03;5;2;PERÚ;3;10;7;CEDIF ROSA DE LIMA;2022-09-26;1;1;2;2026-01-12;1
120400009;2;2017-06-29;8;3;PERÚ;3;10;7;CEDIF ROSA DE LIMA;2022-11-02;1;1;2;2026-02-02;10
120400010;2;2013-08-02;12;4;PERÚ;3;10;7;CEDIF ROSA DE LIMA;2023-01-17;1;1;1;No aplica;11
120400010;2;2015-01-30;11;3;PERÚ;3;10;7;CEDIF ROSA DE LIMA;2023-01-17;1;1;1;No aplica;11
120400011;2;2020-12-20;5;2;PERÚ;3;10;7;CEDIF ROSA DE LIMA;2023-01-11;1;1;2;2026-01-09;1
120400011;2;2020-12-20;5;2;PERÚ;3;10;7;CEDIF ROSA DE LIMA;2023-01-11;1;1;2;2026-01-09;1
120400012;2;2014-06-16;11;3;PERÚ;3;10;7;CEDIF ROSA DE LIMA;2023-01-13;1;1;1;No aplica;11
120400012;1;2016-07-08;9;3;PERÚ;3;10;7;CEDIF ROSA DE LIMA;2023-01-13;1;1;1;No aplica;11
120400013;1;2019-01-21;7;3;PERÚ;3;10;7;CEDIF ROSA DE LIMA;2023-01-13;1;1;1;No aplica;11
120400013;2;2009-01-03;17;4;PERÚ;3;10;7;CEDIF ROSA DE LIMA;2023-01-13;1;1;2;2026-01-09;1
120400013;2;2011-07-03;14;4;PERÚ;3;10;7;CEDIF ROSA DE LIMA;2023-01-13;1;1;1;No aplica;11
120400014;1;2020-12-17;5;2;PERÚ;3;10;7;CEDIF ROSA DE LIMA;2023-02-08;1;1;1;No aplica;11
120400014;1;2013-09-25;12;4;PERÚ;3;10;7;CEDIF ROSA DE LIMA;2023-02-08;1;1;1;No aplica;11
120400015;2;2020-09-18;5;2;PERÚ;3;10;7;CEDIF ROSA DE LIMA;2023-03-10;1;2;2;2026-02-02;5
120400252;1;2020-09-24;5;2;PERÚ;3;10;7;CEDIF ROSA DE LIMA;2023-03-14;1;6;1;No aplica;11
120400018;1;2020-10-28;5;2;PERÚ;3;10;1;CEDIF ROSA DE LIMA;2023-03-23;1;1;1;No aplica;11
120400018;1;2018-02-08;8;3;PERÚ;3;10;1;CEDIF ROSA DE LIMA;2023-03-23;1;1;1;No aplica;11
120400019;2;2019-04-09;6;3;PERÚ;3;10;7;CEDIF ROSA DE LIMA;2023-03-06;1;1;1;No aplica;11
120400024;2;2021-07-01;4;2;PERÚ;3;10;7;CEDIF ROSA DE LIMA;2023-04-05;1;1;2;2026-01-02;1
120400025;2;2017-02-16;9;3;PERÚ;3;10;7;CEDIF ROSA DE LIMA;2023-04-10;1;1;1;No aplica;11
120400026;2;2020-08-11;5;2;PERÚ;3;10;7;CEDIF ROSA DE LIMA;2023-04-05;1;1;1;No aplica;11
120400027;2;2020-04-03;5;2;PERÚ;3;10;7;CEDIF ROSA DE LIMA;2023-05-23;1;2;1;No aplica;11
120400030;1;2019-12-12;6;3;PERÚ;3;10;7;CEDIF ROSA DE LIMA;2023-05-31;1;1;1;No aplica;11
120400035;1;2020-07-26;5;2;PERÚ;3;10;7;CEDIF ROSA DE LIMA;2023-01-10;1;1;1;No aplica;11
120400037;2;2019-05-07;6;3;PERÚ;3;10;7;CEDIF ROSA DE LIMA;2023-02-08;1;1;1;No aplica;11
120400001;1;2021-12-27;4;2;PERÚ;3;10;7;CEDIF ROSA DE LIMA;2023-11-30;1;2;1;No aplica;11
120400040;1;2021-07-06;4;2;PERÚ;3;10;7;CEDIF ROSA DE LIMA;2024-01-15;1;1;1;No aplica;11
120400041;1;2019-06-14;6;3;PERÚ;3;10;7;CEDIF ROSA DE LIMA;2024-01-15;1;1;1;No aplica;11
120400042;1;2022-01-07;4;2;PERÚ;3;10;7;CEDIF ROSA DE LIMA;2024-01-16;1;1;1;No aplica;11
120400043;2;2020-09-22;5;2;PERÚ;3;10;7;CEDIF ROSA DE LIMA;2024-01-16;1;1;1;No aplica;11
120400043;1;2019-06-27;6;3;PERÚ;3;10;7;CEDIF ROSA DE LIMA;2024-01-16;1;2;1;No aplica;11
120400046;1;2021-11-14;4;2;PERÚ;3;10;7;CEDIF ROSA DE LIMA;2024-01-17;1;2;1;No aplica;11
120400047;2;2014-08-27;11;3;PERÚ;3;10;7;CEDIF ROSA DE LIMA;2024-01-17;1;1;1;No aplica;11
120400012;1;2022-08-25;3;2;PERÚ;3;10;7;CEDIF ROSA DE LIMA;2024-01-22;1;1;1;No aplica;11
120400052;2;2022-07-26;3;2;PERÚ;3;10;7;CEDIF ROSA DE LIMA;2024-01-22;1;2;1;No aplica;11
120400053;1;2010-05-29;15;4;PERÚ;3;10;7;CEDIF ROSA DE LIMA;2024-01-22;1;6;1;No aplica;11
120400053;2;2022-02-20;4;2;PERÚ;3;10;7;CEDIF ROSA DE LIMA;2024-01-22;1;2;1;No aplica;11
120400053;1;2016-10-30;9;3;PERÚ;3;10;7;CEDIF ROSA DE LIMA;2024-01-22;1;2;1;No aplica;11
120400053;2;2014-09-20;11;3;PERÚ;3;10;7;CEDIF ROSA DE LIMA;2024-01-22;1;2;1;No aplica;11
120400055;1;2019-07-25;6;3;Venezuela;3;10;7;CEDIF ROSA DE LIMA;2024-01-23;1;1;1;No aplica;11
120400061;1;2021-03-20;4;2;PERÚ;3;10;7;CEDIF ROSA DE LIMA;2024-01-26;1;1;1;No aplica;11
120400062;1;2020-07-27;5;2;PERÚ;3;10;7;CEDIF ROSA DE LIMA;2024-01-26;1;2;1;No aplica;11
120400063;1;2020-01-07;6;3;PERÚ;3;10;7;CEDIF ROSA DE LIMA;2024-01-30;1;1;2;2026-02-05;5
120400064;2;2022-01-08;4;2;PERÚ;3;10;7;CEDIF ROSA DE LIMA;2024-01-30;1;2;1;No aplica;11
120400065;2;2020-07-01;5;2;PERÚ;3;10;7;CEDIF ROSA DE LIMA;2024-02-05;1;1;1;No aplica;11
120400066;1;2022-01-09;4;2;PERÚ;3;10;7;CEDIF ROSA DE LIMA;2024-01-30;1;1;2;2026-01-02;1
120400066;2;2020-04-13;5;2;PERÚ;3;10;7;CEDIF ROSA DE LIMA;2024-01-30;1;1;2;2026-01-02;1
120400068;2;2020-10-24;5;2;PERÚ;3;10;7;CEDIF ROSA DE LIMA;2024-02-02;1;1;1;No aplica;11
120400068;2;2016-01-26;10;3;PERÚ;3;10;7;CEDIF ROSA DE LIMA;2024-02-02;1;1;1;No aplica;11
120400069;2;2022-05-25;3;2;PERÚ;3;10;7;CEDIF ROSA DE LIMA;2024-02-19;1;1;1;No aplica;11
120400052;1;2018-01-28;8;3;PERÚ;3;10;7;CEDIF ROSA DE LIMA;2024-02-05;1;2;1;No aplica;11
120400072;1;2019-06-12;6;3;PERÚ;3;10;7;CEDIF ROSA DE LIMA;2024-02-20;1;1;1;No aplica;11
120400073;2;2015-12-05;10;3;PERÚ;3;10;7;CEDIF ROSA DE LIMA;2024-02-20;1;1;1;No aplica;11
120400076;2;2017-09-07;8;3;PERÚ;3;10;7;CEDIF ROSA DE LIMA;2022-09-02;1;2;1;No aplica;11
120400076;2;2013-07-22;12;4;PERÚ;3;10;7;CEDIF ROSA DE LIMA;2022-09-02;1;2;1;No aplica;11
120400077;1;2015-02-11;11;3;PERÚ;3;10;7;CEDIF ROSA DE LIMA;2019-04-15;1;1;2;2026-01-09;1
120400078;2;2014-12-04;11;3;PERÚ;3;10;1;CEDIF ROSA DE LIMA;2022-08-08;1;1;2;2026-01-12;1
120400078;1;2009-11-10;16;4;PERÚ;3;10;1;CEDIF ROSA DE LIMA;2022-08-08;1;1;2;2026-01-02;5
120400076;1;2019-04-05;6;3;PERÚ;3;10;7;CEDIF ROSA DE LIMA;2022-09-02;1;2;1;No aplica;11
120400084;2;2019-05-22;6;3;PERÚ;3;10;7;CEDIF ROSA DE LIMA;2022-08-10;1;1;1;No aplica;11
120400086;2;2021-03-06;4;2;PERÚ;3;10;7;CEDIF ROSA DE LIMA;2022-05-04;1;2;1;No aplica;11
120400087;2;2020-02-08;6;3;Venezuela;3;10;7;CEDIF ROSA DE LIMA;2022-02-01;1;6;1;No aplica;11
120400088;2;2019-12-07;6;3;PERÚ;3;10;7;CEDIF ROSA DE LIMA;2022-05-03;1;1;2;2026-01-02;1
120400090;1;2022-05-16;3;2;PERÚ;3;10;7;CEDIF ROSA DE LIMA;2024-03-04;1;1;1;No aplica;11
120400092;1;2020-10-12;5;2;PERÚ;3;10;7;CEDIF ROSA DE LIMA;2024-03-07;1;2;2;2026-01-09;1
120400092;1;2019-06-01;6;3;PERÚ;3;10;7;CEDIF ROSA DE LIMA;2024-03-07;1;2;2;2026-02-05;5
120400093;1;2020-11-03;5;2;PERÚ;3;10;7;CEDIF ROSA DE LIMA;2024-03-12;1;1;1;No aplica;11
120400094;2;2019-10-24;6;3;PERÚ;3;10;7;CEDIF ROSA DE LIMA;2024-03-12;1;1;1;No aplica;11
120400095;1;2022-02-24;4;2;PERÚ;3;10;7;CEDIF ROSA DE LIMA;2024-03-14;1;1;1;No aplica;11
120400099;2;2020-07-02;5;2;PERÚ;3;10;7;CEDIF ROSA DE LIMA;2024-03-20;1;1;1;No aplica;11
120400106;2;2018-01-06;8;3;PERÚ;3;10;7;CEDIF ROSA DE LIMA;2024-05-02;1;2;2;2026-01-09;1
120400106;1;2016-03-22;9;3;PERÚ;3;10;7;CEDIF ROSA DE LIMA;2024-05-02;1;2;1;No aplica;11
120400110;1;2014-04-19;11;3;PERÚ;3;10;7;CEDIF ROSA DE LIMA;2024-05-16;1;2;1;No aplica;11
120400111;2;2015-12-29;10;3;PERÚ;3;10;7;CEDIF ROSA DE LIMA;2024-05-16;1;2;2;2026-02-05;5
120400114;1;2021-05-20;4;2;PERÚ;3;10;7;CEDIF ROSA DE LIMA;2024-05-02;1;1;2;2026-01-02;1
120400115;1;2020-07-08;5;2;PERÚ;3;10;7;CEDIF ROSA DE LIMA;2024-06-03;1;1;2;2026-02-05;5
120400120;1;2020-04-19;5;2;PERÚ;3;10;7;CEDIF ROSA DE LIMA;2024-06-06;1;1;2;2026-01-05;1
120400121;2;2022-05-31;3;2;PERÚ;3;10;7;CEDIF ROSA DE LIMA;2024-07-01;1;2;1;No aplica;11
120400124;2;2021-08-17;4;2;PERÚ;3;10;7;CEDIF ROSA DE LIMA;2024-08-15;1;1;1;No aplica;11
120400125;2;2013-03-21;12;4;PERÚ;3;10;7;CEDIF ROSA DE LIMA;2024-08-19;1;2;1;No aplica;11
120400125;1;2014-11-08;11;3;PERÚ;3;10;7;CEDIF ROSA DE LIMA;2024-08-19;1;2;1;No aplica;11
120400055;2;2023-02-01;3;2;PERÚ;3;10;7;CEDIF ROSA DE LIMA;2024-08-20;1;1;1;No aplica;11
120400101;2;2014-03-28;11;3;PERÚ;3;10;7;CEDIF ROSA DE LIMA;2024-08-14;1;1;2;2026-01-12;1
120400130;1;2022-12-29;3;2;PERÚ;3;10;7;CEDIF ROSA DE LIMA;2024-09-02;1;2;2;2026-01-02;1
120400135;2;2022-02-28;4;2;PERÚ;3;10;7;CEDIF ROSA DE LIMA;2024-09-17;1;1;1;No aplica;11
120400136;2;2021-02-24;5;2;PERÚ;3;10;7;CEDIF ROSA DE LIMA;2024-09-23;1;1;1;No aplica;11
120400137;2;2022-08-16;3;2;PERÚ;3;10;7;CEDIF ROSA DE LIMA;2024-10-02;1;1;1;No aplica;11
120400160;1;2022-11-22;3;2;PERÚ;3;10;7;CEDIF ROSA DE LIMA;2025-01-06;1;1;1;No aplica;11
120400163;2;2022-10-27;3;2;PERÚ;3;10;7;CEDIF ROSA DE LIMA;2025-01-07;1;1;1;No aplica;11
120400163;2;2012-02-12;14;4;PERÚ;3;10;7;CEDIF ROSA DE LIMA;2025-01-07;1;1;1;No aplica;11
120400164;1;2020-09-29;5;2;PERÚ;3;10;7;CEDIF ROSA DE LIMA;2025-01-07;1;1;1;No aplica;11
120400165;2;2020-08-30;5;2;PERÚ;3;10;7;CEDIF ROSA DE LIMA;2025-01-09;1;1;2;2026-01-09;1
120400166;2;2023-02-12;3;2;PERÚ;3;10;7;CEDIF ROSA DE LIMA;2025-01-08;1;1;1;No aplica;11
120400169;2;2022-01-20;4;2;PERÚ;3;10;7;CEDIF ROSA DE LIMA;2025-01-09;1;1;2;2026-01-05;1
120400170;2;2022-07-01;3;2;PERÚ;3;10;7;CEDIF ROSA DE LIMA;2025-01-09;1;1;1;No aplica;11
120400172;2;2017-03-30;8;3;PERÚ;3;10;7;CEDIF ROSA DE LIMA;2025-01-10;1;1;1;No aplica;11
120400174;2;2023-01-16;3;2;PERÚ;3;10;7;CEDIF ROSA DE LIMA;2025-01-14;1;1;1;No aplica;11
120400175;2;2023-06-21;2;2;PERÚ;3;10;7;CEDIF ROSA DE LIMA;2025-01-14;1;1;1;No aplica;11
120400177;1;2019-05-09;6;3;PERÚ;3;10;7;CEDIF ROSA DE LIMA;2025-01-15;1;1;1;No aplica;11
120400178;2;2022-12-14;3;2;PERÚ;3;10;7;CEDIF ROSA DE LIMA;2025-01-15;1;1;1;No aplica;11
120400179;2;2020-06-05;5;2;PERÚ;3;10;7;CEDIF ROSA DE LIMA;2025-01-15;1;1;1;No aplica;11
120400179;2;2018-08-09;7;3;PERÚ;3;10;7;CEDIF ROSA DE LIMA;2025-01-15;1;1;1;No aplica;11
120400180;2;2021-06-04;4;2;PERÚ;3;10;7;CEDIF ROSA DE LIMA;2025-01-17;1;1;1;No aplica;11
120400182;1;2017-05-12;8;3;PERÚ;3;10;7;CEDIF ROSA DE LIMA;2025-01-17;1;1;1;No aplica;11
120400182;2;2015-05-02;10;3;PERÚ;3;10;7;CEDIF ROSA DE LIMA;2025-01-17;1;1;1;No aplica;11
120400182;2;2013-09-21;12;4;PERÚ;3;10;7;CEDIF ROSA DE LIMA;2025-01-17;1;1;1;No aplica;11
120400183;1;2019-08-06;6;3;PERÚ;3;10;7;CEDIF ROSA DE LIMA;2025-01-20;1;1;2;2026-01-16;1
120400186;2;2020-03-16;5;2;PERÚ;3;10;7;CEDIF ROSA DE LIMA;2025-01-10;1;1;2;2026-01-09;1
120400187;2;2017-12-16;8;3;PERÚ;3;10;7;CEDIF ROSA DE LIMA;2025-02-03;1;1;1;No aplica;11
120400187;1;2013-09-18;12;4;PERÚ;3;10;7;CEDIF ROSA DE LIMA;2025-02-03;1;1;1;No aplica;11
120400188;1;2022-11-03;3;2;PERÚ;3;10;7;CEDIF ROSA DE LIMA;2025-02-11;1;2;1;No aplica;11
120400188;2;2016-07-14;9;3;PERÚ;3;10;7;CEDIF ROSA DE LIMA;2025-02-11;1;2;2;2026-02-05;5
120400188;2;2014-08-03;11;3;PERÚ;3;10;7;CEDIF ROSA DE LIMA;2025-02-11;1;2;2;2026-02-05;5
120400190;2;2022-11-20;3;2;PERÚ;3;10;7;CEDIF ROSA DE LIMA;2025-02-03;1;1;1;No aplica;11
120400193;1;2022-08-05;3;2;PERÚ;3;10;7;CEDIF ROSA DE LIMA;2025-02-03;1;1;1;No aplica;11
120400093;2;2023-06-05;2;2;PERÚ;3;10;7;CEDIF ROSA DE LIMA;2025-02-12;1;1;1;No aplica;11
120400195;1;2022-04-16;3;2;PERÚ;3;10;7;CEDIF ROSA DE LIMA;2025-03-15;1;1;2;2026-02-02;2
120400197;2;2020-08-06;5;2;PERÚ;3;10;7;CEDIF ROSA DE LIMA;2025-03-03;1;1;2;2026-01-09;1
120400199;1;2022-06-21;3;2;PERÚ;3;10;7;CEDIF ROSA DE LIMA;2025-03-05;1;1;1;No aplica;11
120400201;2;2018-08-18;7;3;PERÚ;3;10;7;CEDIF ROSA DE LIMA;2025-03-05;1;1;1;No aplica;11
120400202;2;2020-06-18;5;2;PERÚ;3;10;7;CEDIF ROSA DE LIMA;2025-03-06;1;1;2;2026-02-02;5
120400206;2;2017-11-12;8;3;PERÚ;3;10;7;CEDIF ROSA DE LIMA;2025-03-07;1;1;1;No aplica;11
120400207;1;2020-01-18;6;3;PERÚ;3;10;7;CEDIF ROSA DE LIMA;2025-03-10;1;1;2;2026-01-02;1
120400213;1;2022-03-12;3;2;PERÚ;3;10;7;CEDIF ROSA DE LIMA;2025-03-11;1;1;2;2026-01-05;1
120400214;1;2021-08-08;4;2;PERÚ;3;10;7;CEDIF ROSA DE LIMA;2025-03-11;1;1;2;2026-01-05;1
120400217;2;2022-04-15;3;2;PERÚ;3;10;7;CEDIF ROSA DE LIMA;2025-03-13;1;1;1;No aplica;11
120400218;2;2021-09-06;4;2;PERÚ;3;10;7;CEDIF ROSA DE LIMA;2025-03-13;1;1;1;No aplica;11
120400220;2;2023-03-29;2;2;PERÚ;3;10;7;CEDIF ROSA DE LIMA;2025-03-10;1;1;1;No aplica;11
120400221;2;2019-08-31;6;3;PERÚ;3;10;7;CEDIF ROSA DE LIMA;2025-03-05;1;1;1;No aplica;11
120400222;2;2022-11-17;3;2;PERÚ;3;10;7;CEDIF ROSA DE LIMA;2025-03-03;1;1;1;No aplica;11
120400222;2;2014-12-19;11;3;PERÚ;3;10;7;CEDIF ROSA DE LIMA;2025-03-03;1;1;1;No aplica;11
120400223;2;2021-03-14;4;2;PERÚ;3;10;7;CEDIF ROSA DE LIMA;2025-03-04;1;1;2;2026-01-09;1
120400224;2;2015-09-02;10;3;PERÚ;3;10;7;CEDIF ROSA DE LIMA;2025-03-04;1;1;1;No aplica;11
120400225;1;2023-09-21;2;2;PERÚ;3;10;7;CEDIF ROSA DE LIMA;2025-03-04;1;1;1;No aplica;11
120400230;1;2021-12-20;4;2;PERÚ;3;10;7;CEDIF ROSA DE LIMA;2025-03-13;1;1;1;No aplica;11
120400231;1;2020-10-04;5;2;VENEZUELA;3;10;7;CEDIF ROSA DE LIMA;2025-03-13;1;1;2;2026-02-05;2
120400232;2;2015-03-23;10;3;VENEZUELA;3;10;7;CEDIF ROSA DE LIMA;2025-03-20;1;1;1;No aplica;11
120400234;1;2022-04-14;3;2;PERÚ;3;10;7;CEDIF ROSA DE LIMA;2025-03-03;1;1;2;2026-01-12;2
120400234;1;2018-04-09;7;3;PERÚ;3;10;7;CEDIF ROSA DE LIMA;2025-03-03;1;1;1;No aplica;11
120400235;1;2020-07-10;5;2;PERÚ;3;10;7;CEDIF ROSA DE LIMA;2025-03-20;1;1;1;No aplica;11
120400225;2;2021-12-16;4;2;PERÚ;3;10;7;CEDIF ROSA DE LIMA;2025-03-27;1;1;1;No aplica;11
120400236;2;2020-08-01;5;2;PERÚ;3;10;7;CEDIF ROSA DE LIMA;2025-04-01;1;1;1;No aplica;11
120400237;1;2023-01-02;3;2;PERÚ;3;10;7;CEDIF ROSA DE LIMA;2025-04-01;1;1;2;2026-01-02;1
120400238;2;2021-01-28;5;2;PERÚ;3;10;7;CEDIF ROSA DE LIMA;2025-04-01;1;1;1;No aplica;11
120400239;2;2021-10-01;4;2;PERÚ;3;10;7;CEDIF ROSA DE LIMA;2025-04-07;1;1;1;No aplica;11
120400093;1;2021-07-22;4;2;PERÚ;3;10;7;CEDIF ROSA DE LIMA;2025-04-07;1;1;1;No aplica;11
120400093;1;2015-02-06;11;3;PERÚ;3;10;7;CEDIF ROSA DE LIMA;2025-04-07;1;1;2;2026-01-12;1
120400240;2;2017-06-22;8;3;PERÚ;3;10;7;CEDIF ROSA DE LIMA;2025-04-03;1;1;1;No aplica;11
120400240;2;2021-02-27;5;2;PERÚ;3;10;7;CEDIF ROSA DE LIMA;2025-04-03;1;1;1;No aplica;11
120400241;2;2021-03-23;4;2;PERÚ;3;10;7;CEDIF ROSA DE LIMA;2025-04-01;1;1;2;2026-01-02;1
120400242;1;2011-10-31;14;4;PERÚ;3;10;7;CEDIF ROSA DE LIMA;2025-04-01;1;1;2;2026-02-05;5
120400199;1;2017-09-20;8;3;VENEZUELA;3;10;7;CEDIF ROSA DE LIMA;2025-04-07;1;1;1;No aplica;11
120400243;1;2021-07-24;4;2;PERÚ;3;10;7;CEDIF ROSA DE LIMA;2024-04-08;1;1;2;2026-01-05;1
120400245;2;2019-04-21;6;3;PERÚ;3;10;7;CEDIF ROSA DE LIMA;2025-05-05;1;1;2;2026-01-09;1
120400246;1;2018-09-06;7;3;PERÚ;3;10;7;CEDIF ROSA DE LIMA;2025-05-09;1;1;1;No aplica;11
120400246;1;2016-08-27;9;3;PERÚ;3;10;7;CEDIF ROSA DE LIMA;2025-05-09;1;1;1;No aplica;11
120400246;2;2013-11-22;12;4;PERÚ;3;10;7;CEDIF ROSA DE LIMA;2025-05-09;1;1;1;No aplica;11
120400248;1;2016-12-12;9;3;PERÚ;3;10;7;CEDIF ROSA DE LIMA;2025-05-05;1;2;1;No aplica;11
120400250;1;2020-06-21;5;2;PERÚ;3;10;7;CEDIF ROSA DE LIMA;2025-05-08;1;1;1;No aplica;11
120400106;1;2013-01-06;13;4;PERÚ;3;10;7;CEDIF ROSA DE LIMA;2024-05-06;1;2;2;2026-02-05;1
120400253;2;2015-09-18;10;3;PERÚ;3;10;7;CEDIF ROSA DE LIMA;2023-06-05;1;1;1;No aplica;11
120400253;2;2013-09-26;12;4;PERÚ;3;10;7;CEDIF ROSA DE LIMA;2023-06-05;1;1;1;No aplica;11
120400254;2;2011-07-31;14;4;PERÚ;3;10;7;CEDIF ROSA DE LIMA;2025-06-04;1;1;1;No aplica;11
120400255;1;2019-11-19;6;3;PERÚ;3;10;7;CEDIF ROSA DE LIMA;2025-06-12;1;1;1;No aplica;11
120400256;1;2012-05-08;13;4;PERÚ;3;10;7;CEDIF ROSA DE LIMA;2025-06-17;1;1;1;No aplica;11
120400257;1;2022-02-07;4;2;PERÚ;3;10;7;CEDIF ROSA DE LIMA;2025-07-02;1;1;2;2026-01-05;1
120400259;1;2022-06-11;3;2;PERÚ;3;10;7;CEDIF ROSA DE LIMA;2025-07-07;1;1;1;No aplica;11
120400033;1;2008-08-27;17;4;PERÚ;3;10;7;CEDIF ROSA DE LIMA;2025-07-18;1;1;2;2026-01-02;1
120400260;1;2022-03-25;3;2;PERÚ;3;10;7;CEDIF ROSA DE LIMA;2025-08-04;1;1;1;No aplica;11
120400261;1;2020-08-27;5;2;PERÚ;3;10;7;CEDIF ROSA DE LIMA;2025-08-04;1;1;1;No aplica;11
120400261;1;2017-08-11;8;3;PERÚ;3;10;7;CEDIF ROSA DE LIMA;2025-08-04;1;1;1;No aplica;11
120400033;2;2014-06-20;11;3;PERÚ;3;10;7;CEDIF ROSA DE LIMA;2025-08-04;1;1;2;2026-01-02;1
120400262;2;2018-11-01;7;3;PERÚ;3;10;7;CEDIF ROSA DE LIMA;2025-08-11;1;1;1;No aplica;11
120400262;2;2014-04-19;11;3;PERÚ;3;10;7;CEDIF ROSA DE LIMA;2025-08-11;1;1;1;No aplica;11
120400263;1;2021-02-04;5;2;PERÚ;3;10;7;CEDIF ROSA DE LIMA;2025-08-12;1;2;1;No aplica;11
120400264;2;2020-08-27;5;2;EL SALVADOR;3;10;7;CEDIF ROSA DE LIMA;2025-08-15;1;1;1;No aplica;11
120400265;2;2023-01-13;3;2;PERÚ;3;10;7;CEDIF ROSA DE LIMA;2025-09-09;1;1;1;No aplica;11
120400267;1;2012-05-21;13;4;PERÚ;3;10;7;CEDIF ROSA DE LIMA;2025-09-23;1;1;2;2026-02-05;5
120400268;1;2023-01-10;3;2;PERÚ;3;10;7;CEDIF ROSA DE LIMA;2025-09-15;1;1;1;No aplica;11
120400268;1;2018-06-13;7;3;PERÚ;3;10;7;CEDIF ROSA DE LIMA;2025-09-15;1;1;1;No aplica;11
120400268;2;2011-11-04;14;4;PERÚ;3;10;7;CEDIF ROSA DE LIMA;2025-09-15;1;1;1;No aplica;11
120400240;1;2011-02-23;15;4;PERÚ;3;10;7;CEDIF ROSA DE LIMA;2025-05-08;1;1;1;No aplica;11
120400269;1;2023-09-26;2;2;PERÚ;3;10;7;CEDIF ROSA DE LIMA;2025-10-01;1;1;1;No aplica;11
120400225;2;2010-12-05;15;4;PERÚ;3;10;7;CEDIF ROSA DE LIMA;2025-09-01;1;1;1;No aplica;11
120400270;2;2017-04-18;8;3;PERÚ;3;10;7;CEDIF ROSA DE LIMA;2025-10-06;1;1;2;2026-01-19;1
120400271;1;2022-10-30;3;2;PERÚ;3;10;7;CEDIF ROSA DE LIMA;2025-10-21;1;2;2;2026-01-12;2
120400272;2;2024-12-04;1;2;PERÚ;3;10;7;CEDIF ROSA DE LIMA;2026-01-12;1;1;1;No aplica;11
120400272;1;2023-02-28;3;2;PERÚ;3;10;7;CEDIF ROSA DE LIMA;2026-01-12;1;1;1;No aplica;11
120400273;2;2022-04-26;3;2;VENEZUELA;3;10;7;CEDIF ROSA DE LIMA;2026-01-14;1;1;1;No aplica;11
120400274;2;2023-02-16;3;2;PERÚ;3;10;7;CEDIF ROSA DE LIMA;2026-01-14;1;1;1;No aplica;11
120400164;1;2024-04-23;1;2;PERÚ;3;10;7;CEDIF ROSA DE LIMA;2026-01-14;1;1;1;No aplica;11
120400164;2;2016-03-16;9;3;PERÚ;3;10;7;CEDIF ROSA DE LIMA;2026-01-14;1;1;1;No aplica;11
120400262;2;2024-09-19;1;2;PERÚ;3;10;7;CEDIF ROSA DE LIMA;2026-01-14;1;1;1;No aplica;11
120400275;1;2023-05-17;2;2;PERÚ;3;10;7;CEDIF ROSA DE LIMA;2026-01-16;1;1;1;No aplica;11
120400276;2;2013-07-01;12;4;PERÚ;3;10;7;CEDIF ROSA DE LIMA;2026-01-23;1;1;1;No aplica;11
120400277;2;2022-06-18;3;2;PERÚ;3;10;7;CEDIF ROSA DE LIMA;2026-01-21;1;1;1;No aplica;11
120400277;2;2022-06-18;3;2;PERÚ;3;10;7;CEDIF ROSA DE LIMA;2026-01-21;1;1;1;No aplica;11
120400278;2;2015-03-27;10;3;PERÚ;3;10;7;CEDIF ROSA DE LIMA;2026-01-20;1;1;1;No aplica;11
120400278;1;2014-11-17;11;3;PERÚ;3;10;7;CEDIF ROSA DE LIMA;2026-01-20;1;1;1;No aplica;11
120400001;2;2016-07-05;9;3;PERÚ;3;10;7;CEDIF ROSA DE LIMA;2021-08-03;1;1;1;No aplica;11
120400002;2;2015-08-01;10;3;PERÚ;3;10;7;CEDIF ROSA DE LIMA;2021-11-15;1;1;1;No aplica;11
120400002;1;2011-09-29;14;4;PERÚ;3;10;7;CEDIF ROSA DE LIMA;2021-11-15;1;1;1;No aplica;11
120400004;2;2016-07-15;9;3;PERÚ;3;10;7;CEDIF ROSA DE LIMA;2021-03-03;1;1;1;No aplica;11
120400004;2;2014-11-10;11;3;PERÚ;3;10;7;CEDIF ROSA DE LIMA;2021-03-03;1;1;1;No aplica;11
120400006;2;2017-08-10;8;3;PERÚ;3;10;7;CEDIF ROSA DE LIMA;2022-04-04;1;1;1;No aplica;11
120400009;2;2014-12-25;11;3;PERÚ;3;10;7;CEDIF ROSA DE LIMA;2023-01-12;1;1;1;No aplica;11
120400011;1;2014-08-30;11;3;PERÚ;3;10;7;CEDIF ROSA DE LIMA;2023-02-03;1;1;1;No aplica;11
120400009;1;2017-04-24;8;3;PERÚ;3;10;7;CEDIF ROSA DE LIMA;2023-02-04;1;1;1;No aplica;11
120400014;1;2008-06-25;17;4;PERÚ;3;10;7;CEDIF ROSA DE LIMA;2023-10-20;1;1;2;2026-01-09;5
120400014;1;2010-03-18;15;4;PERÚ;3;10;7;CEDIF ROSA DE LIMA;2023-10-20;1;1;2;2026-01-09;5
120400014;2;2011-11-01;14;4;PERÚ;3;10;7;CEDIF ROSA DE LIMA;2023-10-20;1;1;2;2026-01-09;5
120400015;2;2015-03-27;10;3;PERÚ;3;10;7;CEDIF ROSA DE LIMA;2023-11-01;1;1;1;No aplica;11
120400016;1;2016-10-07;9;3;PERÚ;3;10;7;CEDIF ROSA DE LIMA;2023-11-06;1;1;1;No aplica;11
120400016;2;2014-07-11;11;3;PERÚ;3;10;7;CEDIF ROSA DE LIMA;2023-11-06;1;1;1;No aplica;11
120400019;1;2017-10-29;8;3;PERÚ;3;10;7;CEDIF ROSA DE LIMA;2024-01-24;1;2;1;No aplica;11
120400019;2;2015-08-02;10;3;PERÚ;3;10;7;CEDIF ROSA DE LIMA;2024-01-24;1;2;1;No aplica;11
120400020;2;2020-06-02;5;2;PERÚ;3;10;7;CEDIF ROSA DE LIMA;2024-01-29;1;1;2;2026-01-05;5
120400021;2;2019-01-19;7;3;PERÚ;3;10;7;CEDIF ROSA DE LIMA;2024-02-19;1;2;2;2026-01-09;2
120400023;2;2019-04-01;6;3;PERÚ;3;10;7;CEDIF ROSA DE LIMA;2024-03-06;1;1;2;2026-01-05;5
120400023;1;2021-03-05;4;2;PERÚ;3;10;7;CEDIF ROSA DE LIMA;2024-03-06;1;1;2;2026-01-05;5
120400021;1;2020-08-15;5;2;PERÚ;3;10;7;CEDIF ROSA DE LIMA;2024-03-12;1;2;2;2026-01-09;2
120400029;2;2019-12-18;6;3;PERÚ;3;10;7;CEDIF ROSA DE LIMA;2024-03-11;1;2;1;No aplica;11
120400031;2;2020-04-04;5;2;PERÚ;3;10;7;CEDIF ROSA DE LIMA;2024-03-12;1;1;1;No aplica;11
120400015;2;2020-09-05;5;2;PERÚ;3;10;7;CEDIF ROSA DE LIMA;2024-03-05;1;1;1;No aplica;11
120400034;1;2012-05-16;13;4;PERÚ;3;10;7;CEDIF ROSA DE LIMA;2024-03-05;1;1;1;No aplica;11
120400036;1;2011-07-17;14;4;PERÚ;3;10;7;CEDIF ROSA DE LIMA;2024-04-04;1;1;1;No aplica;11
120400036;1;2014-12-13;11;3;PERÚ;3;10;7;CEDIF ROSA DE LIMA;2024-04-04;1;1;1;No aplica;11
120400038;1;2020-01-25;6;3;PERÚ;3;10;7;CEDIF ROSA DE LIMA;2024-04-06;1;1;2;2026-01-09;5
120400039;1;2019-05-06;6;3;PERÚ;3;10;7;CEDIF ROSA DE LIMA;2024-04-06;1;1;1;No aplica;11
120400040;2;2021-03-01;4;2;PERÚ;3;10;7;CEDIF ROSA DE LIMA;2024-04-06;1;1;1;No aplica;11
120400034;1;2014-02-01;12;4;PERÚ;3;10;7;CEDIF ROSA DE LIMA;2024-04-05;1;1;1;No aplica;11
120400006;1;2012-09-10;13;4;PERÚ;3;10;7;CEDIF ROSA DE LIMA;2024-04-04;1;1;1;No aplica;11
120400043;1;2016-08-13;9;3;PERÚ;3;10;7;CEDIF ROSA DE LIMA;2024-05-02;1;1;1;No aplica;11
120400043;2;2013-11-21;12;4;PERÚ;3;10;7;CEDIF ROSA DE LIMA;2024-05-02;1;1;1;No aplica;11
120400047;1;2017-11-21;8;3;PERÚ;3;10;7;CEDIF ROSA DE LIMA;2024-10-01;1;1;1;No aplica;11
120400047;1;2013-03-16;12;4;PERÚ;3;10;7;CEDIF ROSA DE LIMA;2024-10-01;1;1;1;No aplica;11
120400048;1;2015-01-25;11;3;PERÚ;3;10;7;CEDIF ROSA DE LIMA;2024-10-01;1;1;1;No aplica;11
120400048;1;2019-04-14;6;3;PERÚ;3;10;7;CEDIF ROSA DE LIMA;2024-10-01;1;1;1;No aplica;11
120400052;2;2021-09-19;4;2;PERÚ;3;10;7;CEDIF ROSA DE LIMA;2025-01-14;1;1;1;No aplica;11
120400052;2;2013-01-16;13;4;PERÚ;3;10;7;CEDIF ROSA DE LIMA;2025-01-14;1;1;1;No aplica;11
120400057;2;2021-12-30;4;2;PERÚ;3;10;7;CEDIF ROSA DE LIMA;2025-01-20;1;1;2;2026-01-05;8
120400059;2;2021-09-27;4;2;PERÚ;3;10;7;CEDIF ROSA DE LIMA;2025-01-08;1;2;1;No aplica;11
120400059;2;2016-10-15;9;3;PERÚ;3;10;7;CEDIF ROSA DE LIMA;2025-01-08;1;2;1;No aplica;11
120400059;2;2015-01-15;11;3;PERÚ;3;10;7;CEDIF ROSA DE LIMA;2025-01-08;1;2;1;No aplica;11
120400060;2;2021-03-14;4;2;PERÚ;3;10;7;CEDIF ROSA DE LIMA;2025-01-10;1;1;1;No aplica;11
120400060;1;2010-04-12;15;4;PERÚ;3;10;7;CEDIF ROSA DE LIMA;2025-01-10;1;1;2;2026-01-09;10
120400064;2;2019-01-03;7;3;PERÚ;3;10;7;CEDIF ROSA DE LIMA;2025-02-07;1;1;1;No aplica;11
120400064;1;2013-03-16;12;4;PERÚ;3;10;7;CEDIF ROSA DE LIMA;2025-02-07;1;1;1;No aplica;11
120400064;2;2009-12-21;16;4;PERÚ;3;10;7;CEDIF ROSA DE LIMA;2025-02-07;1;1;1;No aplica;11
120400065;1;2015-05-13;10;3;PERÚ;3;10;7;CEDIF ROSA DE LIMA;2025-02-05;1;1;1;No aplica;11
120400065;1;2014-06-11;11;3;PERÚ;3;10;7;CEDIF ROSA DE LIMA;2025-02-05;1;1;1;No aplica;11
120400065;2;2010-09-11;15;4;PERÚ;3;10;7;CEDIF ROSA DE LIMA;2025-02-05;1;1;1;No aplica;11
120400067;2;2020-06-07;5;2;PERÚ;3;10;7;CEDIF ROSA DE LIMA;2025-02-06;1;1;2;2026-01-07;2
120400004;1;2021-12-31;4;2;PERÚ;3;10;7;CEDIF ROSA DE LIMA;2025-03-03;1;1;1;No aplica;11
120400004;1;2021-12-31;4;2;PERÚ;3;10;7;CEDIF ROSA DE LIMA;2025-03-03;1;1;1;No aplica;11
120400068;1;2021-07-24;4;2;PERÚ;3;10;7;CEDIF ROSA DE LIMA;2025-03-24;1;1;1;No aplica;11
120400069;2;2021-08-08;4;2;PERÚ;3;10;7;CEDIF ROSA DE LIMA;2025-03-19;1;2;1;No aplica;11
120400070;1;2022-01-01;4;2;PERÚ;3;10;7;CEDIF ROSA DE LIMA;2025-03-06;1;1;1;No aplica;11
120400072;2;2020-12-12;5;2;PERÚ;3;10;7;CEDIF ROSA DE LIMA;2025-03-26;1;2;1;No aplica;11
120400073;1;2022-02-09;4;2;PERÚ;3;10;7;CEDIF ROSA DE LIMA;2025-03-14;1;1;1;No aplica;11
120400073;1;2012-12-20;13;4;PERÚ;3;10;7;CEDIF ROSA DE LIMA;2025-03-14;1;1;1;No aplica;11
120400074;2;2020-10-02;5;2;PERÚ;3;10;7;CEDIF ROSA DE LIMA;2025-04-12;1;1;1;No aplica;11
120400076;1;2016-04-27;9;3;PERÚ;3;10;7;CEDIF ROSA DE LIMA;2025-05-06;1;2;2;2026-01-05;5
120400075;1;2019-09-12;6;3;PERÚ;3;10;7;CEDIF ROSA DE LIMA;2025-05-06;1;1;1;No aplica;11
120400077;1;2021-05-17;4;2;PERÚ;3;10;7;CEDIF ROSA DE LIMA;2025-05-09;1;1;1;No aplica;11
120400078;1;2020-02-11;6;3;PERÚ;3;10;7;CEDIF ROSA DE LIMA;2025-05-09;1;2;1;No aplica;11
120400079;2;2018-01-26;8;3;PERÚ;3;10;7;CEDIF ROSA DE LIMA;2025-05-12;1;1;1;No aplica;11
120400080;1;2021-03-15;4;2;PERÚ;3;10;7;CEDIF ROSA DE LIMA;2025-06-06;1;1;1;No aplica;11
120400075;2;2009-04-27;16;4;PERÚ;3;10;7;CEDIF ROSA DE LIMA;2025-06-06;1;1;1;No aplica;11
120400081;2;2020-08-04;5;2;PERÚ;3;10;7;CEDIF ROSA DE LIMA;2025-07-04;1;1;1;No aplica;11
120400082;1;2014-12-01;11;3;PERÚ;3;10;7;CEDIF ROSA DE LIMA;2025-07-04;1;2;1;No aplica;11
120400002;1;2017-09-05;8;3;PERÚ;3;10;7;CEDIF ROSA DE LIMA;2025-07-04;1;1;1;No aplica;11
120400083;1;2017-12-06;8;3;PERÚ;3;10;7;CEDIF ROSA DE LIMA;2025-09-08;1;1;1;No aplica;11
120400083;1;2014-08-08;11;3;PERÚ;3;10;7;CEDIF ROSA DE LIMA;2025-09-08;1;1;1;No aplica;11
120400026;1;2020-02-11;6;3;PERÚ;3;10;7;CEDIF ROSA DE LIMA;2025-09-08;1;1;2;2026-01-05;2
120400036;1;2018-05-15;7;3;PERÚ;3;10;7;CEDIF ROSA DE LIMA;2025-11-03;1;1;1;No aplica;11
120400084;1;2021-09-07;4;2;PERÚ;3;10;7;CEDIF ROSA DE LIMA;2026-01-09;1;2;1;No aplica;11
120400084;2;2014-04-05;11;3;PERÚ;3;10;7;CEDIF ROSA DE LIMA;2026-01-09;1;2;1;No aplica;11
120400084;1;2011-08-08;14;4;PERÚ;3;10;7;CEDIF ROSA DE LIMA;2026-01-09;1;2;1;No aplica;11
120400084;1;2009-12-01;16;4;PERÚ;3;10;7;CEDIF ROSA DE LIMA;2026-01-09;1;2;1;No aplica;11
120400085;1;2020-08-26;5;2;PERÚ;3;10;7;CEDIF ROSA DE LIMA;2026-01-20;1;1;1;No aplica;11
120400072;2;2022-09-06;3;2;PERÚ;3;10;7;CEDIF ROSA DE LIMA;2026-01-15;1;2;1;No aplica;11
CDFASA00085;1;2022-07-09;3;2;PERÚ;3;10;7;CEDIF ALEJANDRO SÁNCHEZ ARTEAGA;2025-10-28;1;1;2;2026-01-30;4
CDFASA00096;1;2022-06-16;3;2;PERÚ;3;10;6;CEDIF ALEJANDRO SÁNCHEZ ARTEAGA;2026-01-29;1;1;1;No aplica;11
CDFASA00088;2;2022-12-03;3;2;PERÚ;3;10;7;CEDIF ALEJANDRO SÁNCHEZ ARTEAGA;2026-01-12;1;1;1;No aplica;11
CDFASA00059;1;2021-11-18;4;2;PERÚ;3;10;7;CEDIF ALEJANDRO SÁNCHEZ ARTEAGA;2025-01-10;2;2;1;No aplica;11
CDFASA00062;1;2021-04-17;4;2;PERÚ;3;10;6;CEDIF ALEJANDRO SÁNCHEZ ARTEAGA;2025-01-16;2;1;2;2026-02-27;4
CDFASA00064;1;2021-07-01;4;2;PERÚ;3;10;7;CEDIF ALEJANDRO SÁNCHEZ ARTEAGA;2025-01-21;1;1;2;2026-02-27;2
CDFASA00019;1;2021-05-18;4;2;PERÚ;3;10;7;CEDIF ALEJANDRO SÁNCHEZ ARTEAGA;2025-01-16;2;1;2;2026-02-16;10
CDFASA00086;1;2022-02-01;4;2;PERÚ;3;10;7;CEDIF ALEJANDRO SÁNCHEZ ARTEAGA;2025-10-30;1;1;1;No aplica;11
CDFASA00052;1;2021-04-04;4;2;PERÚ;3;10;7;CEDIF ALEJANDRO SÁNCHEZ ARTEAGA;2024-08-07;1;1;1;No aplica;11
CDFASA00094;1;2022-03-01;3;2;PERÚ;3;10;7;CEDIF ALEJANDRO SÁNCHEZ ARTEAGA;2026-01-23;1;1;1;No aplica;11
CDFASA00087;1;2021-10-03;4;2;PERÚ;3;10;7;CEDIF ALEJANDRO SÁNCHEZ ARTEAGA;2026-01-30;1;1;1;No aplica;11
CDFASA00058;2;2021-11-11;4;2;PERÚ;3;10;6;CEDIF ALEJANDRO SÁNCHEZ ARTEAGA;2025-01-09;1;1;1;No aplica;11
CDFASA00003;2;2021-09-25;4;2;PERÚ;3;10;7;CEDIF ALEJANDRO SÁNCHEZ ARTEAGA;2025-01-06;1;1;1;No aplica;11
CDFASA00025;2;2021-07-13;4;2;PERÚ;3;10;7;CEDIF ALEJANDRO SÁNCHEZ ARTEAGA;2024-11-26;1;1;1;No aplica;11
CDFASA00081;2;2022-03-30;3;2;PERÚ;3;10;7;CEDIF ALEJANDRO SÁNCHEZ ARTEAGA;2026-01-05;1;1;1;No aplica;11
CDFASA00091;2;2021-07-01;4;2;PERÚ;3;10;7;CEDIF ALEJANDRO SÁNCHEZ ARTEAGA;2026-01-21;1;1;1;No aplica;11
CDFASA00090;2;2021-04-14;4;2;PERÚ;3;10;7;CEDIF ALEJANDRO SÁNCHEZ ARTEAGA;2026-01-29;1;1;1;No aplica;11
CDFASA00083;1;2020-05-08;5;2;PERÚ;3;10;7;CEDIF ALEJANDRO SÁNCHEZ ARTEAGA;2025-09-04;1;1;1;No aplica;11
CDFASA00030;1;2020-11-29;5;2;PERÚ;3;10;7;CEDIF ALEJANDRO SÁNCHEZ ARTEAGA;2024-01-10;1;1;1;No aplica;11
CDFASA00056;1;2020-09-05;5;2;PERÚ;3;10;6;CEDIF ALEJANDRO SÁNCHEZ ARTEAGA;2025-01-06;2;1;1;No aplica;11
CDFASA00024;1;2020-10-26;5;2;PERÚ;3;10;7;CEDIF ALEJANDRO SÁNCHEZ ARTEAGA;2024-01-03;9;1;1;No aplica;11
CDFASA00004;1;2020-10-24;5;2;PERÚ;3;10;7;CEDIF ALEJANDRO SÁNCHEZ ARTEAGA;2024-01-29;2;1;1;No aplica;11
CDFASA00026;1;2020-06-14;5;2;PERÚ;3;10;7;CEDIF ALEJANDRO SÁNCHEZ ARTEAGA;2023-10-10;1;1;1;No aplica;11
CDFASA00029;1;2020-09-20;5;2;PERÚ;3;10;7;CEDIF ALEJANDRO SÁNCHEZ ARTEAGA;2024-01-08;1;1;1;No aplica;11
CDFASA00028;2;2020-10-27;5;2;COLOMBIA;3;10;6;CEDIF ALEJANDRO SÁNCHEZ ARTEAGA;2024-01-03;1;1;1;No aplica;11
CDFASA00076;2;2021-03-18;4;2;PERÚ;3;10;7;CEDIF ALEJANDRO SÁNCHEZ ARTEAGA;2025-04-02;1;1;1;No aplica;11
CDFASA00045;2;2021-02-08;5;2;PERÚ;3;10;7;CEDIF ALEJANDRO SÁNCHEZ ARTEAGA;2024-03-15;2;1;1;No aplica;11
CDFASA00079;2;2020-09-25;5;2;PERÚ;3;10;7;CEDIF ALEJANDRO SÁNCHEZ ARTEAGA;2025-06-16;1;1;1;No aplica;11
CDFASA00057;2;2020-09-09;5;2;PERÚ;3;10;5;CEDIF ALEJANDRO SÁNCHEZ ARTEAGA;2025-01-07;1;1;1;No aplica;11
CDFASA00032;2;2020-04-05;5;2;PERÚ;3;10;7;CEDIF ALEJANDRO SÁNCHEZ ARTEAGA;2024-01-15;1;1;1;No aplica;11
CDFASA00006;2;2021-03-08;4;2;PERÚ;3;10;7;CEDIF ALEJANDRO SÁNCHEZ ARTEAGA;2024-04-15;1;1;1;No aplica;11
CDFASA00071;2;2020-08-03;5;2;PERÚ;3;10;6;CEDIF ALEJANDRO SÁNCHEZ ARTEAGA;2025-02-18;1;1;1;No aplica;11
CDFASA00044;2;2020-08-27;5;2;PERÚ;3;10;6;CEDIF ALEJANDRO SÁNCHEZ ARTEAGA;2024-03-15;1;1;1;No aplica;11
CDFASA00036;1;2020-01-03;6;3;PERÚ;3;10;7;CEDIF ALEJANDRO SÁNCHEZ ARTEAGA;2024-02-12;1;1;1;No aplica;11
CDFASA00014;1;2019-05-29;6;3;PERÚ;3;10;7;CEDIF ALEJANDRO SÁNCHEZ ARTEAGA;2022-08-04;3;1;1;No aplica;11
CDFASA00008;1;2018-10-31;7;3;PERÚ;3;10;7;CEDIF ALEJANDRO SÁNCHEZ ARTEAGA;2022-01-24;1;1;1;No aplica;11
CDFASA00031;1;2019-10-20;6;3;PERÚ;3;10;5;CEDIF ALEJANDRO SÁNCHEZ ARTEAGA;2024-01-15;1;1;1;No aplica;11
CDFASA00077;1;2019-10-14;6;3;PERÚ;3;10;7;CEDIF ALEJANDRO SÁNCHEZ ARTEAGA;2025-04-04;1;1;1;No aplica;11
CDFASA00016;1;2018-06-02;7;3;PERÚ;3;10;7;CEDIF ALEJANDRO SÁNCHEZ ARTEAGA;2022-11-14;2;1;1;No aplica;11
CDFASA00021;1;2018-05-26;7;3;PERÚ;3;10;7;CEDIF ALEJANDRO SÁNCHEZ ARTEAGA;2023-02-01;1;1;1;No aplica;11
CDFASA00060;1;2019-01-11;7;3;PERÚ;2;10;7;CEDIF ALEJANDRO SÁNCHEZ ARTEAGA;2025-01-14;1;1;1;No aplica;11
CDFASA00035;1;2018-08-21;7;3;PERÚ;3;10;7;CEDIF ALEJANDRO SÁNCHEZ ARTEAGA;2024-02-09;1;1;1;No aplica;11
CDFASA00039;1;2020-02-06;6;3;PERÚ;3;10;7;CEDIF ALEJANDRO SÁNCHEZ ARTEAGA;2024-02-22;1;1;1;No aplica;11
CDFASA00050;1;2019-10-19;6;3;PERÚ;3;10;6;CEDIF ALEJANDRO SÁNCHEZ ARTEAGA;2024-04-04;1;1;1;No aplica;11
CDFASA00087;1;2018-05-05;7;3;ARGENTINA;3;10;6;CEDIF ALEJANDRO SÁNCHEZ ARTEAGA;2026-01-06;1;1;1;No aplica;11
CDFASA00089;1;2019-11-22;6;3;PERÚ;3;10;7;CEDIF ALEJANDRO SÁNCHEZ ARTEAGA;2026-01-13;1;1;1;No aplica;11
CDFASA00095;1;2019-03-30;6;3;PERÚ;3;10;7;CEDIF ALEJANDRO SÁNCHEZ ARTEAGA;2026-01-14;1;2;1;No aplica;11
CDFASA00094;1;2018-09-19;7;3;PERÚ;3;10;7;CEDIF ALEJANDRO SÁNCHEZ ARTEAGA;2026-01-23;1;1;1;No aplica;11
CDFASA00092;1;2017-12-18;8;3;PERÚ;3;10;6;CEDIF ALEJANDRO SÁNCHEZ ARTEAGA;2026-01-26;1;1;1;No aplica;11
CDFASA00082;2;2018-05-19;7;3;PERÚ;3;10;6;CEDIF ALEJANDRO SÁNCHEZ ARTEAGA;2025-08-05;1;1;1;No aplica;11
CDFASA00051;2;2018-02-05;8;3;PERÚ;3;10;7;CEDIF ALEJANDRO SÁNCHEZ ARTEAGA;2024-05-15;2;1;1;No aplica;11
CDFASA00084;2;2019-06-01;6;3;PERÚ;3;10;7;CEDIF ALEJANDRO SÁNCHEZ ARTEAGA;2025-09-23;1;1;1;No aplica;11
CDFASA00024;2;2018-01-22;8;3;PERÚ;3;10;6;CEDIF ALEJANDRO SÁNCHEZ ARTEAGA;2023-08-02;9;1;1;No aplica;11
CDFASA00049;2;2019-07-15;6;3;PERÚ;3;10;7;CEDIF ALEJANDRO SÁNCHEZ ARTEAGA;2024-04-04;1;2;2;2026-01-30;4
CDFASA00075;2;2019-07-17;6;3;PERÚ;3;10;7;CEDIF ALEJANDRO SÁNCHEZ ARTEAGA;2025-03-11;2;1;1;No aplica;11
CDFASA00025;2;2019-03-30;6;3;PERÚ;3;10;7;CEDIF ALEJANDRO SÁNCHEZ ARTEAGA;2023-08-23;1;1;1;No aplica;11
CDFASA00070;2;2020-02-21;6;3;PERÚ;3;10;7;CEDIF ALEJANDRO SÁNCHEZ ARTEAGA;2025-02-17;1;1;2;2026-01-30;2
CDFASA00039;2;2018-01-03;8;3;PERÚ;3;10;7;CEDIF ALEJANDRO SÁNCHEZ ARTEAGA;2024-02-22;1;1;1;No aplica;11
CDFASA00048;2;2019-08-05;6;3;PERÚ;3;10;7;CEDIF ALEJANDRO SÁNCHEZ ARTEAGA;2024-04-01;2;1;1;No aplica;11
CDFASA00081;2;2019-09-06;6;3;PERÚ;3;10;7;CEDIF ALEJANDRO SÁNCHEZ ARTEAGA;2025-08-14;1;1;1;No aplica;11
CDFASA00051;1;2016-04-14;9;3;PERÚ;3;10;7;CEDIF ALEJANDRO SÁNCHEZ ARTEAGA;2024-05-15;2;1;1;No aplica;11
CDFASA00076;1;2016-03-06;9;3;PERÚ;3;10;7;CEDIF ALEJANDRO SÁNCHEZ ARTEAGA;2025-04-02;1;1;1;No aplica;11
CDFASA00077;1;2016-06-16;9;3;PERÚ;3;10;5;CEDIF ALEJANDRO SÁNCHEZ ARTEAGA;2025-04-04;1;1;1;No aplica;11
CDFASA00019;1;2015-09-27;10;3;PERÚ;3;10;7;CEDIF ALEJANDRO SÁNCHEZ ARTEAGA;2023-01-09;1;1;1;No aplica;11
CDFASA00026;1;2016-03-12;9;3;PERÚ;3;10;7;CEDIF ALEJANDRO SÁNCHEZ ARTEAGA;2024-09-02;1;1;1;No aplica;11
CDFASA00062;2;2016-01-11;10;3;PERÚ;3;10;6;CEDIF ALEJANDRO SÁNCHEZ ARTEAGA;2025-01-16;2;1;2;2026-02-27;4
CDFASA00075;2;2014-04-27;11;3;PERÚ;3;10;7;CEDIF ALEJANDRO SÁNCHEZ ARTEAGA;2025-03-11;2;1;1;No aplica;11
CDFASA00016;2;2014-07-03;11;3;PERÚ;3;10;7;CEDIF ALEJANDRO SÁNCHEZ ARTEAGA;2022-11-14;2;1;1;No aplica;11
CDFASA00039;2;2014-12-05;11;3;PERÚ;3;10;7;CEDIF ALEJANDRO SÁNCHEZ ARTEAGA;2024-02-22;1;1;1;No aplica;11
CDFASA00049;2;2016-02-17;10;3;PERÚ;3;10;7;CEDIF ALEJANDRO SÁNCHEZ ARTEAGA;2024-04-04;1;2;2;2026-01-30;4
CDFASA00035;2;2014-06-22;11;3;PERÚ;3;10;7;CEDIF ALEJANDRO SÁNCHEZ ARTEAGA;2024-02-09;1;1;1;No aplica;11
CDFASA00089;2;2014-06-15;11;3;PERÚ;3;10;7;CEDIF ALEJANDRO SÁNCHEZ ARTEAGA;2026-01-13;1;1;1;No aplica;11
CDFASA00095;2;2015-07-24;10;3;PERÚ;3;10;7;CEDIF ALEJANDRO SÁNCHEZ ARTEAGA;2026-01-14;1;2;1;No aplica;11
CDFASA00092;2;2014-07-04;11;3;PERÚ;3;10;6;CEDIF ALEJANDRO SÁNCHEZ ARTEAGA;2026-01-26;1;1;1;No aplica;11
CDFASA00096;2;2014-12-11;11;3;PERÚ;3;10;7;CEDIF ALEJANDRO SÁNCHEZ ARTEAGA;2026-01-29;1;1;1;No aplica;11
CDFASA00093;2;2016-03-17;9;3;PERÚ;3;10;7;CEDIF ALEJANDRO SÁNCHEZ ARTEAGA;2026-01-30;1;1;1;No aplica;11
CDFASA00036;1;2011-09-29;14;4;PERÚ;3;10;7;CEDIF ALEJANDRO SÁNCHEZ ARTEAGA;2024-02-12;1;1;1;No aplica;11
CDFASA00084;1;2012-03-30;13;4;PERÚ;3;10;6;CEDIF ALEJANDRO SÁNCHEZ ARTEAGA;2025-09-23;1;1;1;No aplica;11
CDFASA00033;1;2011-12-15;14;4;PERÚ;3;10;7;CEDIF ALEJANDRO SÁNCHEZ ARTEAGA;2024-01-24;2;1;1;No aplica;11
CDFASA00006;1;2011-02-11;15;4;PERÚ;3;10;7;CEDIF ALEJANDRO SÁNCHEZ ARTEAGA;2021-08-23;1;1;1;No aplica;11
CDFASA00059;1;2013-02-13;13;4;PERÚ;3;10;7;CEDIF ALEJANDRO SÁNCHEZ ARTEAGA;2025-01-10;2;1;1;No aplica;11
CDFASA00051;2;2013-10-14;12;4;PERÚ;3;10;6;CEDIF ALEJANDRO SÁNCHEZ ARTEAGA;2025-05-15;2;1;1;No aplica;11
CDFASA00084;2;2008-06-09;17;4;PERÚ;3;10;7;CEDIF ALEJANDRO SÁNCHEZ ARTEAGA;2025-09-23;1;1;1;No aplica;11
CDFASA00013;2;2013-03-01;12;4;PERÚ;2;10;5;CEDIF ALEJANDRO SÁNCHEZ ARTEAGA;2022-03-24;1;1;1;No aplica;11
CDFASA00021;2;2009-05-02;16;4;PERÚ;3;10;7;CEDIF ALEJANDRO SÁNCHEZ ARTEAGA;2023-02-01;1;1;1;No aplica;11
CDFASA00025;2;2008-05-16;17;4;PERÚ;3;10;7;CEDIF ALEJANDRO SÁNCHEZ ARTEAGA;2023-08-23;1;1;1;No aplica;11
CDFASA00026;2;2012-06-08;13;4;PERÚ;3;10;7;CEDIF ALEJANDRO SÁNCHEZ ARTEAGA;2024-09-02;1;1;1;No aplica;11
CDFASA00095;2;2013-05-01;12;4;PERÚ;3;10;7;CEDIF ALEJANDRO SÁNCHEZ ARTEAGA;2026-01-14;1;2;1;No aplica;11
0011 PEREZ VARGAS ;2;2018-12-27;7;3;PERÚ;3;10;7;CEDIF SAN RAMÓN;2023-03-16;1;1;1;No aplica;11
0019 LLANOS RAMIREZ;2;2010-03-06;15;4;PERÚ;3;10;7;CEDIF SAN RAMÓN;2023-01-26;1;2;1;No aplica;11
0021 VILCHEZ TORRES;1;2017-03-14;8;3;PERÚ;3;10;7;CEDIF SAN RAMÓN;2023-02-27;1;1;1;No aplica;11
0022 ZAVALA PARINA;2;2017-07-12;8;3;PERÚ;3;10;7;CEDIF SAN RAMÓN;2023-03-13;1;1;1;No aplica;11
0022 ZAVALA PARINA;2;2015-06-07;10;3;PERÚ;3;10;7;CEDIF SAN RAMÓN;2023-03-13;1;1;1;No aplica;11
0022 ZAVALA PARINA;1;2013-09-13;12;4;PERÚ;3;10;7;CEDIF SAN RAMÓN;2023-03-13;1;1;1;No aplica;11
0023 MEZA PAUCAR;1;2019-02-15;7;3;PERÚ;3;10;7;CEDIF SAN RAMÓN;2023-03-10;1;1;1;No aplica;11
0032 CAMPOS NAVARRO;1;2014-03-15;11;3;PERÚ;3;10;7;CEDIF SAN RAMÓN;2023-06-14;1;1;2;2026-02-27;1
0033 BERROCAL ESPINOZA;1;2014-05-07;11;3;PERÚ;3;10;7;CEDIF SAN RAMÓN;2023-10-03;1;1;1;No aplica;11
0034 ESPINOZA CAMASCA;1;2014-07-02;11;3;PERÚ;3;10;7;CEDIF SAN RAMÓN;2023-10-10;1;1;1;No aplica;11
0023 MEZA PAUCAR;1;2016-11-25;9;3;PERÚ;3;10;7;CEDIF SAN RAMÓN;2023-11-21;1;1;1;No aplica;11
0051 LLANTAY MATAMOROS;2;2016-08-26;9;3;PERÚ;3;10;7;CEDIF SAN RAMÓN;2024-03-11;1;1;1;No aplica;11
0056 ROJAS VILLARREAL;1;2013-03-18;12;4;PERÚ;3;10;7;CEDIF SAN RAMÓN;2024-03-19;1;2;1;No aplica;11
0061 RAMIRES CAPCHA;1;2018-12-28;7;3;PERÚ;3;10;7;CEDIF SAN RAMÓN;2024-03-21;1;1;1;No aplica;11
0061 RAMIRES CAPCHA;2;2016-06-27;9;3;PERÚ;3;10;7;CEDIF SAN RAMÓN;2024-03-21;1;1;1;No aplica;11
0061 RAMIRES CAPCHA;2;2014-07-15;11;3;PERÚ;3;10;7;CEDIF SAN RAMÓN;2024-03-21;1;1;1;No aplica;11
0072 SALAZAR DIAZ;2;2018-03-06;7;3;PERÚ;3;10;7;CEDIF SAN RAMÓN;2024-05-16;1;1;1;No aplica;11
0086 SERAS LEON;2;2015-01-27;11;3;PERÚ;3;10;7;CEDIF SAN RAMÓN;2024-09-02;1;1;1;No aplica;11
0090 VEGA BALTAZAR;1;2013-11-04;12;4;PERÚ;3;10;7;CEDIF SAN RAMÓN;2024-10-09;1;1;1;No aplica;11
0033 BERROCAL ESPINOZA;2;2018-09-05;7;3;PERÚ;3;10;7;CEDIF SAN RAMÓN;2025-01-06;7;1;1;No aplica;11
00135 ORTIZ FERNANDEZ;2;2014-06-15;11;3;PERÚ;3;10;7;CEDIF SAN RAMÓN;2025-03-05;1;1;2;2026-01-02;1
0051 LLANTAY MATAMOROS;1;2018-09-30;7;3;PERÚ;3;10;7;CEDIF SAN RAMÓN;2025-03-04;1;1;1;No aplica;11
0003 QUISPE HUAMAN;1;2021-09-15;4;2;PERÚ;3;10;7;CEDIF SAN RAMÓN;2025-03-18;1;1;1;No aplica;11
0023 MEZA PAUCAR;2;2014-10-19;11;3;PERÚ;3;10;7;CEDIF SAN RAMÓN;2023-11-21;1;1;1;No aplica;11
00141 GONZALES SANCHEZ;2;2015-08-08;10;3;PERÚ;3;10;7;CEDIF SAN RAMÓN;2025-04-03;1;1;1;No aplica;11
00143 ROJAS CARRILLO;1;2014-07-27;11;3;PERÚ;3;10;7;CEDIF SAN RAMÓN;2025-04-07;5;1;2;2026-01-08;2
00144 BLANCO RAMOS;1;2021-01-10;5;2;PERÚ;3;10;7;CEDIF SAN RAMÓN;2025-04-08;1;1;1;No aplica;11
00145 JACOBIN CANCHO;1;2013-04-25;12;4;PERÚ;3;10;7;CEDIF SAN RAMÓN;2025-04-14;1;1;1;No aplica;11
00145 JACOBIN CANCHO;2;2018-09-17;7;3;PERÚ;3;10;7;CEDIF SAN RAMÓN;2025-04-14;1;1;1;No aplica;11
00146 PRADA ROJAS;1;2022-03-24;3;2;PERÚ;3;10;7;CEDIF SAN RAMÓN;2025-04-15;1;1;2;2026-01-07;10
0023 MEZA PAUCAR;2;2020-10-31;5;2;PERÚ;3;10;7;CEDIF SAN RAMÓN;2025-04-16;1;1;2;2026-02-02;10
00154 ATILANO CUSICHE;1;2021-09-10;4;2;PERÚ;3;10;7;CEDIF SAN RAMÓN;2025-05-15;1;1;1;No aplica;11
00155 ESPIRITU VALDIVIA;2;2016-03-20;9;3;PERÚ;3;10;7;CEDIF SAN RAMÓN;2025-05-26;1;1;1;No aplica;11
00157 CCANCCE CAMARENA;1;2015-12-01;10;3;PERÚ;3;10;7;CEDIF SAN RAMÓN;2025-07-08;1;1;2;2026-01-16;10
00155 ESPIRITU VALDIVIA;2;2022-06-07;3;2;PERÚ;3;10;7;CEDIF SAN RAMÓN;2025-07-09;1;1;1;No aplica;11
00154 ATILANO CUSICHE;2;2016-10-10;9;3;PERÚ;3;10;7;CEDIF SAN RAMÓN;2025-07-14;1;1;1;No aplica;11
00160 SERNA CARRILLO;2;2018-01-27;8;3;PERÚ;3;10;7;CEDIF SAN RAMÓN;2025-07-14;1;1;2;2026-01-02;7
00161 MENDOZA VILCHEZ;1;2017-01-24;9;3;PERÚ;3;10;7;CEDIF SAN RAMÓN;2025-07-15;1;1;1;No aplica;11
00162 VALENTIN QUISPE;2;2016-04-13;9;3;PERÚ;3;10;7;CEDIF SAN RAMÓN;2025-07-18;1;2;1;No aplica;11
00163 IRIGOYEN HUACHACA ;1;2015-05-06;10;3;PERÚ;3;10;7;CEDIF SAN RAMÓN;2025-08-04;1;1;2;2026-02-11;1
00165 YURIVILCA MACASSI;2;2020-03-12;5;2;PERÚ;3;10;7;CEDIF SAN RAMÓN;2025-08-20;1;1;1;No aplica;11
00166 TAKAMA TAIPE;2;2021-05-16;4;2;PERÚ;3;10;7;CEDIF SAN RAMÓN;2025-09-09;1;1;1;No aplica;11
00166 TAKAMA TAIPE;1;2019-01-15;7;3;PERÚ;3;10;7;CEDIF SAN RAMÓN;2025-09-09;1;1;1;No aplica;11
00167 CARDENAS SANTIAGO;2;2019-11-03;6;3;PERÚ;3;10;7;CEDIF SAN RAMÓN;2025-09-10;4;1;2;2026-01-02;1
00169 LLACUA CCANCCE;1;2021-08-25;4;2;PERÚ;3;10;6;CEDIF SAN RAMÓN;2025-09-01;1;2;1;No aplica;11
00170 CACERES GASTELU;1;2014-11-20;11;3;PERÚ;3;10;7;CEDIF SAN RAMÓN;2025-11-03;1;1;1;No aplica;11
00171 CRISPIN ESPINOZA;1;2021-02-06;5;2;PERÚ;3;10;7;CEDIF SAN RAMÓN;2025-11-28;1;1;1;No aplica;11
00171 CRISPIN ESPINOZA;1;2014-11-27;11;3;PERÚ;3;10;7;CEDIF SAN RAMÓN;2025-11-28;1;1;1;No aplica;11
00172 RAMIREZ VALDEZ;1;2016-03-23;9;3;PERÚ;3;10;7;CEDIF SAN RAMÓN;2025-12-03;1;1;2;2026-02-10;1
00173 DIAZ BATALLA;2;2013-11-12;12;4;PERÚ;1;10;7;CEDIF SAN RAMÓN;2025-12-03;1;1;1;No aplica;11
00174 ÑAUPARI PACO;2;2020-11-11;5;2;PERÚ;3;10;7;CEDIF SAN RAMÓN;2025-12-15;1;1;1;No aplica;11
00175 VASQUEZ AGUILAR;2;2014-06-30;11;3;PERÚ;3;10;7;CEDIF SAN RAMÓN;2025-12-03;1;1;1;No aplica;11
00176 LOPEZ OBISPO;2;2015-02-27;11;3;PERÚ;3;10;7;CEDIF SAN RAMÓN;2025-12-15;1;1;1;No aplica;11
00177 OSCANOA NAVARRO;1;2013-09-27;12;4;PERÚ;3;10;7;CEDIF SAN RAMÓN;2025-12-30;1;1;1;No aplica;11
00178 ALARCON CRISOSTOMO;1;2021-11-06;4;2;PERÚ;3;10;7;CEDIF SAN RAMÓN;2026-01-05;1;1;1;No aplica;11
00178 ALARCON CRISOSTOMO;2;2014-07-26;11;3;PERÚ;3;10;7;CEDIF SAN RAMÓN;2026-01-05;1;1;1;No aplica;11
00179 QUISPE PUCHOC;1;2017-12-29;8;3;PERÚ;3;10;7;CEDIF SAN RAMÓN;2026-01-08;1;1;1;No aplica;11
00180 SALAS BATALLA;2;2019-11-09;6;3;PERÚ;3;10;7;CEDIF SAN RAMÓN;2026-01-05;1;1;2;2026-02-27;1
00181 SEDANO ESPINOZA;2;2018-05-07;7;3;PERÚ;3;10;7;CEDIF SAN RAMÓN;2026-01-05;1;1;1;No aplica;11
00182 VALDEZ CHUQUIMAMANI;1;2013-07-27;12;4;PERÚ;3;10;7;CEDIF SAN RAMÓN;2026-01-05;1;2;1;No aplica;11
00183 DIAZ MARTINEZ;2;2014-09-24;11;3;PERÚ;3;10;7;CEDIF SAN RAMÓN;2026-01-05;1;2;1;No aplica;11
00183 DIAZ MARTINEZ;1;2017-07-04;8;3;PERÚ;2;10;7;CEDIF SAN RAMÓN;2026-01-05;1;2;1;No aplica;11
00184 HUAYRA CORREA;1;2018-11-18;7;3;PERÚ;3;10;7;CEDIF SAN RAMÓN;2026-01-05;1;1;2;2026-02-27;1
00184 HUAYRA CORREA;2;2021-06-11;4;2;PERÚ;3;10;7;CEDIF SAN RAMÓN;2026-01-05;1;1;2;2026-02-27;1
00185 CURO TOSCANO;1;2012-12-18;13;4;PERÚ;3;10;7;CEDIF SAN RAMÓN;2026-01-06;1;1;1;No aplica;11
00186 HUAMAN TOLENTINO;2;2017-06-23;8;3;PERÚ;3;10;7;CEDIF SAN RAMÓN;2026-01-06;1;1;1;No aplica;11
00186 HUAMAN TOLENTINO;2;2019-11-20;6;3;PERÚ;3;10;7;CEDIF SAN RAMÓN;2026-01-06;1;1;1;No aplica;11
00187 MONGE BATALLA;1;2015-04-15;10;3;PERÚ;3;10;7;CEDIF SAN RAMÓN;2026-01-06;1;2;2;2026-02-27;1
00187 MONGE BATALLA;1;2016-11-17;9;3;PERÚ;3;10;7;CEDIF SAN RAMÓN;2026-01-06;1;2;2;2026-02-27;1
00187 MONGE BATALLA;1;2016-11-17;9;3;PERÚ;3;10;7;CEDIF SAN RAMÓN;2026-01-06;1;2;2;2026-02-27;1
00188 ARAUJO MEDINA ;2;2014-12-09;11;3;PERÚ;3;10;7;CEDIF SAN RAMÓN;2026-01-06;1;2;1;No aplica;11
00188 ARAUJO MEDINA ;2;2017-07-03;8;3;PERÚ;3;10;7;CEDIF SAN RAMÓN;2026-01-06;1;2;1;No aplica;11
00188 ARAUJO MEDINA ;1;2019-02-28;7;3;PERÚ;3;10;7;CEDIF SAN RAMÓN;2026-01-06;1;2;1;No aplica;11
00189 AMES TAPARA;1;2016-03-09;9;3;PERÚ;3;10;7;CEDIF SAN RAMÓN;2026-01-07;1;1;1;No aplica;11
00190 LAZARO LIMAS;1;2014-08-30;11;3;PERÚ;3;10;7;CEDIF SAN RAMÓN;2026-01-07;1;1;1;No aplica;11
00190 LAZARO LIMAS;1;2017-08-05;8;3;PERÚ;3;10;7;CEDIF SAN RAMÓN;2026-01-07;1;1;1;No aplica;11
00191 HERRERA EGOAVIL;1;2019-01-07;7;3;PERÚ;3;10;7;CEDIF SAN RAMÓN;2026-01-08;1;1;1;No aplica;11
00192 AQUINO ARENAS;1;2016-11-20;9;3;PERÚ;3;10;7;CEDIF SAN RAMÓN;2026-01-12;1;1;1;No aplica;11
00192 AQUINO ARENAS;2;2020-07-19;5;2;PERÚ;3;10;7;CEDIF SAN RAMÓN;2026-01-12;1;1;1;No aplica;11
00193 CAMPOS ARENAS;1;2013-02-16;13;4;PERÚ;3;10;7;CEDIF SAN RAMÓN;2026-01-12;1;1;1;No aplica;11
00193 CAMPOS ARENAS;2;2015-07-25;10;3;PERÚ;3;10;7;CEDIF SAN RAMÓN;2026-01-12;1;1;1;No aplica;11
00193 CAMPOS ARENAS;2;2020-09-14;5;2;PERÚ;3;10;7;CEDIF SAN RAMÓN;2026-01-12;1;1;2;2026-02-02;1
00194 CONDOR SALVATIERRA;2;2018-05-16;7;3;PERÚ;3;10;7;CEDIF SAN RAMÓN;2026-01-13;1;1;1;No aplica;11
00195 DIAZ EGOAVIL;1;2015-02-07;11;3;PERÚ;3;10;7;CEDIF SAN RAMÓN;2026-01-13;1;1;1;No aplica;11
00196 CHUCO QUISPE;2;2011-11-25;14;4;PERÚ;3;10;7;CEDIF SAN RAMÓN;2026-01-21;1;1;1;No aplica;11
00196 CHUCO QUISPE;2;2016-01-02;10;3;PERÚ;3;10;7;CEDIF SAN RAMÓN;2026-01-21;1;1;1;No aplica;11
00197 IZQUIERDO TOSCANO;2;2014-11-16;11;3;PERÚ;3;10;7;CEDIF SAN RAMÓN;2026-01-26;1;1;1;No aplica;11
00198 QUISPE AVILES;1;2018-03-09;7;3;PERÚ;3;10;7;CEDIF SAN RAMÓN;2026-01-26;1;1;1;No aplica;11
00199 SALAS MENDEZ;1;2016-06-01;9;3;PERÚ;3;10;7;CEDIF SAN RAMÓN;2026-01-26;1;1;1;No aplica;11
00200 PERALES DE LA CRUZ;2;2012-02-03;14;4;PERÚ;3;10;7;CEDIF SAN RAMÓN;2026-01-02;1;1;1;No aplica;11
00200 PERALES DE LA CRUZ;1;2014-04-11;11;3;PERÚ;3;10;7;CEDIF SAN RAMÓN;2026-01-02;1;1;1;No aplica;11
00200 PERALES DE LA CRUZ;2;2016-07-11;9;3;PERÚ;3;10;7;CEDIF SAN RAMÓN;2026-01-02;1;1;1;No aplica;11
00201 ANDRADE HUANUQUEÑO;2;2019-10-09;6;3;PERÚ;3;10;7;CEDIF SAN RAMÓN;2026-01-13;1;1;1;No aplica;11
00201 ANDRADE HUANUQUEÑO;2;2016-12-16;9;3;PERÚ;3;10;7;CEDIF SAN RAMÓN;2026-01-13;1;1;1;No aplica;11
0032 CAMPOS NAVARRO;1;2020-01-11;6;3;PERÚ;3;10;7;CEDIF SAN RAMÓN;2026-01-14;1;1;1;No aplica;11
12050212;1;2020-08-29;5;2;PERÚ;3;10;7;CEDIF PAMPLONA - PAPA LEÓN XIV;2022-02-21;2;1;1;No aplica;11
12050212;1;2020-08-29;5;2;PERÚ;3;10;7;CEDIF PAMPLONA - PAPA LEÓN XIV;2022-02-21;2;1;1;No aplica;11
12050263;2;2016-06-25;9;3;PERÚ;3;10;7;CEDIF PAMPLONA - PAPA LEÓN XIV;2022-05-05;2;1;1;No aplica;11
12050315;2;2019-08-09;6;3;PERÚ;3;10;7;CEDIF PAMPLONA - PAPA LEÓN XIV;2023-01-18;5;1;1;No aplica;11
12050316;2;2021-04-11;4;2;PERÚ;3;10;7;CEDIF PAMPLONA - PAPA LEÓN XIV;2023-01-20;2;2;2;2026-02-25;2
12050321;2;2022-02-22;4;2;PERÚ;3;10;7;CEDIF PAMPLONA - PAPA LEÓN XIV;2023-01-18;2;1;1;No aplica;11
12050324;2;2020-03-28;5;2;PERÚ;3;10;7;CEDIF PAMPLONA - PAPA LEÓN XIV;2023-02-06;2;2;2;2026-01-26;5
12050338;1;2022-03-25;3;2;PERÚ;3;10;7;CEDIF PAMPLONA - PAPA LEÓN XIV;2023-02-07;2;1;1;No aplica;11
12050351;2;2022-03-06;3;2;PERÚ;3;10;7;CEDIF PAMPLONA - PAPA LEÓN XIV;2023-03-06;2;1;1;No aplica;11
12050351;2;2019-05-23;6;3;PERÚ;3;10;7;CEDIF PAMPLONA - PAPA LEÓN XIV;2023-03-06;2;1;1;No aplica;11
12050353;2;2020-05-01;5;2;PERÚ;3;10;7;CEDIF PAMPLONA - PAPA LEÓN XIV;2023-03-06;3;1;1;No aplica;11
12050357;2;2020-04-29;5;2;PERÚ;3;10;7;CEDIF PAMPLONA - PAPA LEÓN XIV;2023-03-06;2;1;1;No aplica;11
12050360;2;2018-07-03;7;3;PERÚ;3;10;7;CEDIF PAMPLONA - PAPA LEÓN XIV;2023-03-06;2;1;2;2026-01-26;1
12050363;1;2019-05-11;6;3;VENEZUELA;3;10;7;CEDIF PAMPLONA - PAPA LEÓN XIV;2023-04-03;1;1;1;No aplica;11
12050364;2;2020-07-07;5;2;PERÚ;3;10;7;CEDIF PAMPLONA - PAPA LEÓN XIV;2023-04-03;2;2;1;No aplica;11
12050364;2;2020-07-07;5;2;PERÚ;3;10;7;CEDIF PAMPLONA - PAPA LEÓN XIV;2023-04-03;2;2;1;No aplica;11
12050365;2;2020-05-21;5;2;PERÚ;3;10;7;CEDIF PAMPLONA - PAPA LEÓN XIV;2023-04-03;2;1;1;No aplica;11
12050373;2;2020-02-17;6;3;PERÚ;3;10;7;CEDIF PAMPLONA - PAPA LEÓN XIV;2023-04-03;1;1;1;No aplica;11
12050385;1;2020-11-02;5;2;PERÚ;3;10;7;CEDIF PAMPLONA - PAPA LEÓN XIV;2023-04-03;3;1;2;2026-01-26;1
12050387;2;2018-10-20;7;3;PERÚ;3;10;7;CEDIF PAMPLONA - PAPA LEÓN XIV;2023-04-03;2;1;1;No aplica;11
12050387;1;2016-10-08;9;3;PERÚ;3;10;7;CEDIF PAMPLONA - PAPA LEÓN XIV;2023-04-03;2;1;1;No aplica;11
12050391;1;2020-10-31;5;2;PERÚ;3;10;7;CEDIF PAMPLONA - PAPA LEÓN XIV;2023-05-02;1;1;1;No aplica;11
12050391;2;2016-02-07;10;3;PERÚ;3;10;7;CEDIF PAMPLONA - PAPA LEÓN XIV;2023-05-02;1;1;1;No aplica;11
12050392;1;2020-07-27;5;2;PERÚ;3;10;7;CEDIF PAMPLONA - PAPA LEÓN XIV;2023-05-02;3;1;1;No aplica;11
12050402;1;2022-06-15;3;2;PERÚ;3;10;7;CEDIF PAMPLONA - PAPA LEÓN XIV;2023-06-01;4;2;1;No aplica;11
12050406;1;2022-04-01;3;2;PERÚ;3;10;7;CEDIF PAMPLONA - PAPA LEÓN XIV;2023-08-04;5;1;2;2026-02-25;10
12050412;2;2018-10-23;7;3;VENEZUELA;3;10;7;CEDIF PAMPLONA - PAPA LEÓN XIV;2023-10-18;3;1;1;No aplica;11
12050417;2;2019-09-21;6;3;PERÚ;3;10;7;CEDIF PAMPLONA - PAPA LEÓN XIV;2024-01-05;1;1;2;2026-01-26;3
12050419;2;2020-11-30;5;2;PERÚ;3;10;7;CEDIF PAMPLONA - PAPA LEÓN XIV;2024-01-04;1;1;2;2026-01-26;1
12050420;1;2020-02-01;6;3;VENEZUELA;3;10;7;CEDIF PAMPLONA - PAPA LEÓN XIV;2024-01-11;1;1;1;No aplica;11
12050422;1;2020-06-25;5;2;PERÚ;3;10;7;CEDIF PAMPLONA - PAPA LEÓN XIV;2024-01-04;1;1;1;No aplica;11
12050423;2;2020-09-15;5;2;PERÚ;3;10;7;CEDIF PAMPLONA - PAPA LEÓN XIV;2024-01-05;1;2;1;No aplica;11
12050423;2;2020-09-15;5;2;PERÚ;3;10;7;CEDIF PAMPLONA - PAPA LEÓN XIV;2024-01-05;1;2;1;No aplica;11
12050424;1;2022-08-15;3;2;PERÚ;3;10;7;CEDIF PAMPLONA - PAPA LEÓN XIV;2024-01-09;1;1;2;2026-01-26;1
12050424;1;2020-06-28;5;2;PERÚ;3;10;7;CEDIF PAMPLONA - PAPA LEÓN XIV;2024-01-09;1;1;2;2026-01-26;2
12050428;2;2023-03-31;2;2;PERÚ;3;10;7;CEDIF PAMPLONA - PAPA LEÓN XIV;2024-01-15;1;1;1;No aplica;11
12050428;1;2018-04-21;7;3;VENEZUELA;3;10;7;CEDIF PAMPLONA - PAPA LEÓN XIV;2024-01-15;1;1;2;2026-01-26;10
12050428;2;2020-04-07;5;2;PERÚ;3;10;7;CEDIF PAMPLONA - PAPA LEÓN XIV;2024-01-15;1;1;1;No aplica;11
12050432;2;2022-04-23;3;2;PERÚ;3;10;7;CEDIF PAMPLONA - PAPA LEÓN XIV;2024-01-15;2;1;1;No aplica;11
12050432;2;2022-04-23;3;2;PERÚ;3;10;7;CEDIF PAMPLONA - PAPA LEÓN XIV;2024-01-15;2;1;1;No aplica;11
12050432;1;2020-02-23;6;3;PERÚ;3;10;7;CEDIF PAMPLONA - PAPA LEÓN XIV;2024-01-15;2;1;1;No aplica;11
12050434;1;2021-01-18;5;2;PERÚ;3;10;7;CEDIF PAMPLONA - PAPA LEÓN XIV;2024-01-24;1;1;1;No aplica;11
12050435;2;2021-02-28;5;2;PERÚ;3;10;7;CEDIF PAMPLONA - PAPA LEÓN XIV;2024-01-15;2;1;1;No aplica;11
12050436;1;2020-09-17;5;2;PERÚ;3;10;7;CEDIF PAMPLONA - PAPA LEÓN XIV;2024-01-17;1;1;1;No aplica;11
12050436;2;2019-05-22;6;3;PERÚ;3;10;7;CEDIF PAMPLONA - PAPA LEÓN XIV;2024-01-17;1;1;1;No aplica;11
12050438;1;2020-07-15;5;2;PERÚ;3;10;7;CEDIF PAMPLONA - PAPA LEÓN XIV;2024-01-19;1;1;1;No aplica;11
12050440;1;2021-01-21;5;2;PERÚ;3;10;7;CEDIF PAMPLONA - PAPA LEÓN XIV;2024-01-23;1;1;1;No aplica;11
12050442;2;2022-08-04;3;2;CHILE;3;10;7;CEDIF PAMPLONA - PAPA LEÓN XIV;2024-01-26;1;1;1;No aplica;11
12050446;2;2022-05-31;3;2;PERÚ;3;10;7;CEDIF PAMPLONA - PAPA LEÓN XIV;2024-01-09;1;2;1;No aplica;11
12050450;2;2022-05-07;3;2;PERÚ;3;10;7;CEDIF PAMPLONA - PAPA LEÓN XIV;2024-01-09;1;1;2;2026-01-26;2
12050460;2;2017-05-24;8;3;PERÚ;3;10;7;CEDIF PAMPLONA - PAPA LEÓN XIV;2024-02-13;1;2;1;No aplica;11
12050463;2;2020-11-01;5;2;PERÚ;3;10;7;CEDIF PAMPLONA - PAPA LEÓN XIV;2024-02-21;1;1;1;No aplica;11
12050463;2;2019-09-16;6;3;PERÚ;3;10;7;CEDIF PAMPLONA - PAPA LEÓN XIV;2024-02-21;1;1;2;2026-02-25;10
12050324;1;2023-05-02;2;2;PERÚ;3;10;7;CEDIF PAMPLONA - PAPA LEÓN XIV;2024-03-04;1;1;2;2026-01-26;3
12050422;2;2022-02-12;4;2;PERÚ;3;10;7;CEDIF PAMPLONA - PAPA LEÓN XIV;2024-03-07;1;1;1;No aplica;11
12050476;2;2020-07-16;5;2;PERÚ;3;10;7;CEDIF PAMPLONA - PAPA LEÓN XIV;2024-03-01;1;1;1;No aplica;11
12050476;2;2020-07-16;5;2;PERÚ;3;10;7;CEDIF PAMPLONA - PAPA LEÓN XIV;2024-03-01;1;1;1;No aplica;11
12050477;1;2020-11-17;5;2;PERÚ;3;10;7;CEDIF PAMPLONA - PAPA LEÓN XIV;2024-03-05;1;1;1;No aplica;11
12052483;1;2023-01-18;3;2;PERÚ;3;10;7;CEDIF PAMPLONA - PAPA LEÓN XIV;2024-03-12;1;1;1;No aplica;11
12052483;2;2020-08-31;5;2;PERÚ;3;10;7;CEDIF PAMPLONA - PAPA LEÓN XIV;2024-03-12;1;1;1;No aplica;11
12052483;2;2014-06-01;11;3;PERÚ;3;10;7;CEDIF PAMPLONA - PAPA LEÓN XIV;2024-03-12;1;1;1;No aplica;11
12052486;1;2020-03-29;5;2;PERÚ;3;10;7;CEDIF PAMPLONA - PAPA LEÓN XIV;2024-03-12;1;1;1;No aplica;11
12052486;2;2014-04-18;11;3;PERÚ;3;10;7;CEDIF PAMPLONA - PAPA LEÓN XIV;2024-03-12;1;1;1;No aplica;11
12050360;1;2021-03-07;4;2;PERÚ;3;10;7;CEDIF PAMPLONA - PAPA LEÓN XIV;2024-04-03;1;1;2;2026-01-26;1
12052492;1;2021-11-09;4;2;PERÚ;3;10;7;CEDIF PAMPLONA - PAPA LEÓN XIV;2024-04-11;1;1;1;No aplica;11
12052498;2;2023-04-30;2;2;PERÚ;3;10;7;CEDIF PAMPLONA - PAPA LEÓN XIV;2024-05-16;1;1;2;2026-02-25;2
12052503;2;2023-01-01;3;2;PERÚ;3;10;7;CEDIF PAMPLONA - PAPA LEÓN XIV;2024-05-02;1;1;1;No aplica;11
12050412;2;2022-02-08;4;2;VENEZUELA;3;10;7;CEDIF PAMPLONA - PAPA LEÓN XIV;2024-05-02;1;1;2;2026-01-26;1
12052508;2;2020-04-23;5;2;PERÚ;3;10;7;CEDIF PAMPLONA - PAPA LEÓN XIV;2024-05-02;1;1;1;No aplica;11
12052509;2;2023-03-02;2;2;PERÚ;3;10;7;CEDIF PAMPLONA - PAPA LEÓN XIV;2024-05-02;2;1;1;No aplica;11
12052510;2;2022-05-30;3;2;PERÚ;3;10;7;CEDIF PAMPLONA - PAPA LEÓN XIV;2024-05-02;1;1;1;No aplica;11
12052511;1;2022-05-18;3;2;PERÚ;3;10;7;CEDIF PAMPLONA - PAPA LEÓN XIV;2024-05-02;3;1;1;No aplica;11
12052513;1;2017-02-22;9;3;PERÚ;3;10;7;CEDIF PAMPLONA - PAPA LEÓN XIV;2024-05-02;1;1;1;No aplica;11
12052519;1;2022-08-01;3;2;PERÚ;3;10;7;CEDIF PAMPLONA - PAPA LEÓN XIV;2024-07-02;1;1;2;2026-02-25;1
12052519;1;2016-10-26;9;3;PERÚ;3;10;7;CEDIF PAMPLONA - PAPA LEÓN XIV;2024-07-02;1;1;1;No aplica;11
12052511;2;2017-08-18;8;3;PERÚ;3;10;7;CEDIF PAMPLONA - PAPA LEÓN XIV;2024-07-02;3;1;1;No aplica;11
12052522;2;2022-12-01;3;2;PERÚ;3;10;7;CEDIF PAMPLONA - PAPA LEÓN XIV;2024-08-08;1;1;1;No aplica;11
12052523;1;2021-11-08;4;2;PERÚ;3;10;7;CEDIF PAMPLONA - PAPA LEÓN XIV;2024-08-02;3;1;1;No aplica;11
12052526;2;2018-07-31;7;3;PERÚ;3;10;7;CEDIF PAMPLONA - PAPA LEÓN XIV;2024-08-02;3;1;1;No aplica;11
12052526;2;2011-06-06;14;4;PERÚ;3;10;7;CEDIF PAMPLONA - PAPA LEÓN XIV;2024-08-02;3;1;1;No aplica;11
12052528;2;2022-05-19;3;2;ARGENTINA;3;10;7;CEDIF PAMPLONA - PAPA LEÓN XIV;2024-10-02;1;1;1;No aplica;11
12052530;1;2012-12-04;13;4;PERÚ;3;10;7;CEDIF PAMPLONA - PAPA LEÓN XIV;2024-10-02;3;1;1;No aplica;11
12052530;1;2011-06-18;14;4;PERÚ;3;10;7;CEDIF PAMPLONA - PAPA LEÓN XIV;2024-10-02;3;1;1;No aplica;11
12052530;2;2008-04-05;17;4;PERÚ;3;10;7;CEDIF PAMPLONA - PAPA LEÓN XIV;2024-10-02;3;1;1;No aplica;11
12052530;2;2021-01-01;5;2;PERÚ;3;10;7;CEDIF PAMPLONA - PAPA LEÓN XIV;2024-10-02;3;1;1;No aplica;11
12052531;1;2023-09-04;2;2;PERÚ;3;10;7;CEDIF PAMPLONA - PAPA LEÓN XIV;2024-10-17;1;1;1;No aplica;11
12052532;2;2012-02-06;14;4;PERÚ;3;10;7;CEDIF PAMPLONA - PAPA LEÓN XIV;2024-11-04;1;1;1;No aplica;11
12052533;1;2022-10-17;3;2;PERÚ;3;10;7;CEDIF PAMPLONA - PAPA LEÓN XIV;2024-11-05;1;1;1;No aplica;11
12052534;1;2022-04-27;3;2;PERÚ;3;10;7;CEDIF PAMPLONA - PAPA LEÓN XIV;2024-11-07;3;1;1;No aplica;11
12052536;2;2022-03-11;3;2;PERÚ;3;10;7;CEDIF PAMPLONA - PAPA LEÓN XIV;2024-12-02;1;1;2;2026-01-26;1
12052538;2;2022-10-15;3;2;PERÚ;3;10;7;CEDIF PAMPLONA - PAPA LEÓN XIV;2025-01-14;1;1;1;No aplica;11
12052542;2;2022-05-17;3;2;PERÚ;3;10;7;CEDIF PAMPLONA - PAPA LEÓN XIV;2025-01-23;1;1;1;No aplica;11
12052544;2;2023-05-03;2;2;PERÚ;3;10;7;CEDIF PAMPLONA - PAPA LEÓN XIV;2025-01-16;1;1;1;No aplica;11
12052546;1;2022-04-20;3;2;PERÚ;3;10;7;CEDIF PAMPLONA - PAPA LEÓN XIV;2025-01-15;1;2;2;2026-02-25;1
12052547;2;2024-01-27;2;2;PERÚ;3;10;7;CEDIF PAMPLONA - PAPA LEÓN XIV;2025-01-20;1;2;1;No aplica;11
12052548;1;2018-04-26;7;3;PERÚ;3;10;7;CEDIF PAMPLONA - PAPA LEÓN XIV;2025-01-20;1;1;2;2026-01-26;1
12052551;1;2017-07-25;8;3;PERÚ;3;10;7;CEDIF PAMPLONA - PAPA LEÓN XIV;2025-01-10;1;1;1;No aplica;11
12052551;1;2013-01-14;13;4;PERÚ;3;10;7;CEDIF PAMPLONA - PAPA LEÓN XIV;2025-01-10;1;1;1;No aplica;11
12052552;2;2022-02-01;4;2;PERÚ;3;10;7;CEDIF PAMPLONA - PAPA LEÓN XIV;2025-01-13;1;1;1;No aplica;11
12052554;1;2021-04-17;4;2;PERÚ;3;10;7;CEDIF PAMPLONA - PAPA LEÓN XIV;2025-01-15;3;1;1;No aplica;11
12052555;1;2022-01-01;4;2;PERÚ;3;10;7;CEDIF PAMPLONA - PAPA LEÓN XIV;2025-01-20;1;1;1;No aplica;11
12052559;1;2021-12-10;4;2;PERÚ;3;10;7;CEDIF PAMPLONA - PAPA LEÓN XIV;2025-01-23;1;1;1;No aplica;11
12052560;1;2023-02-22;3;2;PERÚ;3;10;7;CEDIF PAMPLONA - PAPA LEÓN XIV;2025-01-28;1;1;2;2026-01-26;3
12052561;2;2009-10-04;16;4;PERÚ;3;10;7;CEDIF PAMPLONA - PAPA LEÓN XIV;2025-01-13;1;1;1;No aplica;11
12052561;2;2013-09-28;12;4;PERÚ;3;10;7;CEDIF PAMPLONA - PAPA LEÓN XIV;2025-01-13;1;1;1;No aplica;11
12052561;2;2013-09-10;12;4;PERÚ;3;10;7;CEDIF PAMPLONA - PAPA LEÓN XIV;2025-01-13;1;1;1;No aplica;11
12052563;1;2021-07-27;4;2;PERÚ;3;10;7;CEDIF PAMPLONA - PAPA LEÓN XIV;2025-02-05;1;2;1;No aplica;11
12052565;1;2024-03-18;1;2;PERÚ;3;10;7;CEDIF PAMPLONA - PAPA LEÓN XIV;2025-02-05;1;1;1;No aplica;11
12052566;1;2022-06-14;3;2;PERÚ;3;10;7;CEDIF PAMPLONA - PAPA LEÓN XIV;2025-02-05;1;2;1;No aplica;11
12052568;2;2021-03-15;4;2;PERÚ;3;10;7;CEDIF PAMPLONA - PAPA LEÓN XIV;2025-02-05;2;1;1;No aplica;11
12052569;1;2017-01-20;9;3;PERÚ;3;10;7;CEDIF PAMPLONA - PAPA LEÓN XIV;2025-02-13;3;1;1;No aplica;11
12052569;1;2024-03-25;1;2;PERÚ;3;10;7;CEDIF PAMPLONA - PAPA LEÓN XIV;2025-02-13;1;1;1;No aplica;11
12052570;2;2021-02-07;5;2;PERÚ;3;10;7;CEDIF PAMPLONA - PAPA LEÓN XIV;2025-02-13;1;1;2;2026-01-26;1
12052572;2;2020-12-04;5;2;PERÚ;3;10;7;CEDIF PAMPLONA - PAPA LEÓN XIV;2025-02-12;1;1;1;No aplica;11
12052573;2;2021-04-26;4;2;PERÚ;3;10;7;CEDIF PAMPLONA - PAPA LEÓN XIV;2025-02-13;1;1;1;No aplica;11
12052574;1;2019-04-21;6;3;PERÚ;3;10;7;CEDIF PAMPLONA - PAPA LEÓN XIV;2025-02-03;1;1;1;No aplica;11
12052573;1;2011-03-04;14;4;PERÚ;3;10;7;CEDIF PAMPLONA - PAPA LEÓN XIV;2025-02-13;3;1;1;No aplica;11
12052573;1;2013-03-17;12;4;PERÚ;3;10;7;CEDIF PAMPLONA - PAPA LEÓN XIV;2025-02-13;3;1;1;No aplica;11
12052575;1;2022-04-16;3;2;PERÚ;3;10;7;CEDIF PAMPLONA - PAPA LEÓN XIV;2025-02-03;1;1;1;No aplica;11
12052577;2;2021-06-12;4;2;PERÚ;3;10;7;CEDIF PAMPLONA - PAPA LEÓN XIV;2025-02-19;1;1;1;No aplica;11
12052578;1;2021-06-29;4;2;PERÚ;3;10;7;CEDIF PAMPLONA - PAPA LEÓN XIV;2025-02-19;1;1;1;No aplica;11
12052579;2;2023-09-12;2;2;PERÚ;3;10;7;CEDIF PAMPLONA - PAPA LEÓN XIV;2025-02-27;1;1;1;No aplica;11
12052580;2;2022-04-05;3;2;PERÚ;3;10;7;CEDIF PAMPLONA - PAPA LEÓN XIV;2025-03-07;1;1;1;No aplica;11
12052581;1;2024-01-13;2;2;PERÚ;3;10;7;CEDIF PAMPLONA - PAPA LEÓN XIV;2025-03-11;1;1;1;No aplica;11
12052583;2;2021-09-16;4;2;PERÚ;3;10;7;CEDIF PAMPLONA - PAPA LEÓN XIV;2025-04-01;1;1;2;2026-01-26;1
12052583;1;2024-01-03;2;2;PERÚ;3;10;7;CEDIF PAMPLONA - PAPA LEÓN XIV;2025-04-01;1;1;2;2026-02-25;4
12052585;1;2021-10-12;4;2;PERÚ;3;10;7;CEDIF PAMPLONA - PAPA LEÓN XIV;2025-04-01;1;1;1;No aplica;11
12052586;2;2021-03-15;4;2;PERÚ;3;10;7;CEDIF PAMPLONA - PAPA LEÓN XIV;2025-03-17;1;2;1;No aplica;11
12052586;2;2021-03-15;4;2;PERÚ;3;10;7;CEDIF PAMPLONA - PAPA LEÓN XIV;2025-03-17;1;2;1;No aplica;11
12052587;2;2021-08-19;4;2;PERÚ;3;10;7;CEDIF PAMPLONA - PAPA LEÓN XIV;2025-03-11;3;1;1;No aplica;11
12052587;2;2020-02-07;6;3;PERÚ;3;10;7;CEDIF PAMPLONA - PAPA LEÓN XIV;2025-03-11;3;1;1;No aplica;11
12052590;2;2021-06-17;4;2;PERÚ;3;10;7;CEDIF PAMPLONA - PAPA LEÓN XIV;2025-03-14;1;1;1;No aplica;11
12052590;2;2021-06-17;4;2;PERÚ;3;10;7;CEDIF PAMPLONA - PAPA LEÓN XIV;2025-03-14;1;1;1;No aplica;11
12052593;2;2020-10-06;5;2;CHILE;3;10;7;CEDIF PAMPLONA - PAPA LEÓN XIV;2025-03-10;1;1;2;2026-01-26;3
12052594;1;2023-10-31;2;2;PERÚ;3;10;7;CEDIF PAMPLONA - PAPA LEÓN XIV;2025-03-05;1;1;1;No aplica;11
12052595;1;2019-03-16;6;3;PERÚ;3;10;7;CEDIF PAMPLONA - PAPA LEÓN XIV;2025-03-07;1;1;2;2026-01-26;8
12052595;2;2015-02-10;11;3;PERÚ;3;10;7;CEDIF PAMPLONA - PAPA LEÓN XIV;2025-03-07;1;1;1;No aplica;11
12052597;2;2015-02-05;11;3;PERÚ;3;10;7;CEDIF PAMPLONA - PAPA LEÓN XIV;2025-03-17;1;1;1;No aplica;11
12052598;1;2017-10-28;8;3;PERÚ;3;10;7;CEDIF PAMPLONA - PAPA LEÓN XIV;2025-03-03;1;1;1;No aplica;11
12052598;1;2013-03-28;12;4;PERÚ;3;10;7;CEDIF PAMPLONA - PAPA LEÓN XIV;2025-03-03;1;1;1;No aplica;11
12052599;1;2023-06-27;2;2;PERÚ;3;10;7;CEDIF PAMPLONA - PAPA LEÓN XIV;2025-03-03;1;1;1;No aplica;11
12052601;2;2023-01-30;3;2;PERÚ;3;10;7;CEDIF PAMPLONA - PAPA LEÓN XIV;2025-03-17;4;2;1;No aplica;11
12052602;2;2021-07-03;4;2;PERÚ;3;10;7;CEDIF PAMPLONA - PAPA LEÓN XIV;2025-03-10;1;1;1;No aplica;11
12052534;1;2015-12-24;10;3;PERÚ;3;10;7;CEDIF PAMPLONA - PAPA LEÓN XIV;2025-04-01;1;1;1;No aplica;11
12052603;1;2020-10-18;5;2;VENEZUELA;3;10;7;CEDIF PAMPLONA - PAPA LEÓN XIV;2025-03-12;1;1;2;2026-01-26;10
12052603;2;2019-01-24;7;3;VENEZUELA;3;10;7;CEDIF PAMPLONA - PAPA LEÓN XIV;2025-03-12;1;1;1;No aplica;11
12052604;1;2021-12-03;4;2;PERÚ;3;10;7;CEDIF PAMPLONA - PAPA LEÓN XIV;2025-03-10;1;1;1;No aplica;11
12052606;1;2018-07-20;7;3;PERÚ;3;10;7;CEDIF PAMPLONA - PAPA LEÓN XIV;2025-03-12;1;1;1;No aplica;11
12052607;1;2023-08-24;2;2;PERÚ;3;10;7;CEDIF PAMPLONA - PAPA LEÓN XIV;2025-03-10;1;1;1;No aplica;11
12052608;1;2023-05-09;2;2;PERÚ;3;10;7;CEDIF PAMPLONA - PAPA LEÓN XIV;2025-04-01;1;1;1;No aplica;11
12052609;1;2021-12-02;4;2;PERÚ;3;10;7;CEDIF PAMPLONA - PAPA LEÓN XIV;2025-03-13;2;1;1;No aplica;11
12052609;1;2021-10-02;4;2;PERÚ;3;10;7;CEDIF PAMPLONA - PAPA LEÓN XIV;2025-03-13;2;1;1;No aplica;11
12052610;1;2021-08-30;4;2;PERÚ;3;10;7;CEDIF PAMPLONA - PAPA LEÓN XIV;2025-03-21;2;1;2;2026-02-25;2
12052611;1;2021-12-11;4;2;PERÚ;3;10;7;CEDIF PAMPLONA - PAPA LEÓN XIV;2025-03-21;1;1;2;2026-01-26;10
12052532;2;2014-01-25;12;4;PERÚ;3;10;7;CEDIF PAMPLONA - PAPA LEÓN XIV;2024-04-01;1;1;1;No aplica;11
12052612;1;2018-08-21;7;3;VENEZUELA;3;10;7;CEDIF PAMPLONA - PAPA LEÓN XIV;2025-03-18;1;1;2;2026-01-26;10
12052613;2;2018-06-05;7;3;PERÚ;3;10;7;CEDIF PAMPLONA - PAPA LEÓN XIV;2025-03-18;3;1;2;2026-01-26;10
12052522;1;2018-02-28;8;3;PERÚ;3;10;7;CEDIF PAMPLONA - PAPA LEÓN XIV;2025-04-01;3;1;1;No aplica;11
12050446;2;2013-04-18;12;4;PERÚ;3;10;7;CEDIF PAMPLONA - PAPA LEÓN XIV;2025-03-04;1;2;1;No aplica;11
12052614;2;2020-07-04;5;2;PERÚ;3;10;7;CEDIF PAMPLONA - PAPA LEÓN XIV;2025-03-13;1;1;1;No aplica;11
12052615;2;2019-12-06;6;3;PERÚ;3;10;7;CEDIF PAMPLONA - PAPA LEÓN XIV;2025-03-20;1;1;1;No aplica;11
12052617;2;2020-02-27;6;3;PERÚ;3;10;7;CEDIF PAMPLONA - PAPA LEÓN XIV;2025-03-03;1;1;1;No aplica;11
12052618;1;2019-09-27;6;3;PERÚ;3;10;7;CEDIF PAMPLONA - PAPA LEÓN XIV;2025-04-01;3;2;1;No aplica;11
12052618;2;2023-06-20;2;2;PERÚ;3;10;7;CEDIF PAMPLONA - PAPA LEÓN XIV;2025-04-01;3;2;1;No aplica;11
12052618;1;2016-04-05;9;3;PERÚ;3;10;7;CEDIF PAMPLONA - PAPA LEÓN XIV;2025-04-01;3;1;1;No aplica;11
12052618;2;2011-11-14;14;4;PERÚ;3;10;7;CEDIF PAMPLONA - PAPA LEÓN XIV;2025-04-01;3;1;1;No aplica;11
12052611;1;2014-12-02;11;3;PERÚ;3;10;7;CEDIF PAMPLONA - PAPA LEÓN XIV;2025-04-01;1;1;2;2026-01-26;1
12052613;1;2019-11-29;6;3;PERÚ;3;10;7;CEDIF PAMPLONA - PAPA LEÓN XIV;2025-04-01;3;1;2;2026-01-26;3
12052612;1;2022-07-15;3;2;PERÚ;3;10;7;CEDIF PAMPLONA - PAPA LEÓN XIV;2025-04-16;1;1;2;2026-02-25;1
12052620;2;2019-11-29;6;3;PERÚ;3;10;7;CEDIF PAMPLONA - PAPA LEÓN XIV;2025-04-01;1;1;2;2026-01-26;1
12052620;2;2019-11-29;6;3;PERÚ;3;10;7;CEDIF PAMPLONA - PAPA LEÓN XIV;2025-04-01;1;1;2;2026-01-26;1
12052622;1;2020-06-16;5;2;PERÚ;3;10;7;CEDIF PAMPLONA - PAPA LEÓN XIV;2025-04-01;1;1;1;No aplica;11
12052627;1;2023-04-04;2;2;PERÚ;3;10;7;CEDIF PAMPLONA - PAPA LEÓN XIV;2025-05-02;1;2;1;No aplica;11
12052628;1;2022-06-23;3;2;PERÚ;3;10;7;CEDIF PAMPLONA - PAPA LEÓN XIV;2025-05-02;1;1;1;No aplica;11
12052629;1;2024-02-01;2;2;PERÚ;3;10;7;CEDIF PAMPLONA - PAPA LEÓN XIV;2025-05-02;1;1;1;No aplica;11
12052631;1;2020-05-16;5;2;PERÚ;3;10;7;CEDIF PAMPLONA - PAPA LEÓN XIV;2022-03-09;1;1;1;No aplica;11
12052631;2;2014-02-18;12;4;PERÚ;3;10;7;CEDIF PAMPLONA - PAPA LEÓN XIV;2025-06-02;1;1;1;No aplica;11
12052632;1;2011-05-14;14;4;PERÚ;3;10;7;CEDIF PAMPLONA - PAPA LEÓN XIV;2025-06-12;3;1;1;No aplica;11
12052633;1;2017-10-27;8;3;PERÚ;3;10;7;CEDIF PAMPLONA - PAPA LEÓN XIV;2025-06-11;3;1;1;No aplica;11
12052633;2;2014-11-25;11;3;PERÚ;3;10;7;CEDIF PAMPLONA - PAPA LEÓN XIV;2025-06-11;3;1;1;No aplica;11
12052633;2;2012-10-25;13;4;PERÚ;3;10;7;CEDIF PAMPLONA - PAPA LEÓN XIV;2025-06-11;3;1;1;No aplica;11
12052634;1;2014-02-16;12;4;PERÚ;3;10;7;CEDIF PAMPLONA - PAPA LEÓN XIV;2025-06-03;3;1;1;No aplica;11
12052635;2;2021-03-01;4;2;PERÚ;3;10;7;CEDIF PAMPLONA - PAPA LEÓN XIV;2025-06-03;1;1;1;No aplica;11
12052636;1;2023-11-21;2;2;PERÚ;3;10;7;CEDIF PAMPLONA - PAPA LEÓN XIV;2025-06-03;1;1;1;No aplica;11
12052637;1;2023-05-12;2;2;PERÚ;3;10;7;CEDIF PAMPLONA - PAPA LEÓN XIV;2025-06-02;1;1;1;No aplica;11
12052638;2;2023-05-23;2;2;PERÚ;3;10;7;CEDIF PAMPLONA - PAPA LEÓN XIV;2025-06-02;1;1;2;2026-02-25;10
12052534;2;2010-12-30;15;4;PERÚ;3;10;7;CEDIF PAMPLONA - PAPA LEÓN XIV;2025-06-02;1;1;1;No aplica;11
12052572;1;2012-03-30;13;4;PERÚ;3;10;7;CEDIF PAMPLONA - PAPA LEÓN XIV;2025-06-02;1;1;1;No aplica;11
12052639;1;2023-01-26;3;2;PERÚ;3;10;7;CEDIF PAMPLONA - PAPA LEÓN XIV;2025-06-02;4;1;2;2026-02-25;1
12052640;1;2023-05-04;2;2;PERÚ;3;10;7;CEDIF PAMPLONA - PAPA LEÓN XIV;2025-06-02;1;1;1;No aplica;11
12052641;2;2019-11-27;6;3;PERÚ;3;10;7;CEDIF PAMPLONA - PAPA LEÓN XIV;2022-02-08;3;1;2;2026-01-26;1
12052577;1;2024-06-15;1;2;PERÚ;3;10;7;CEDIF PAMPLONA - PAPA LEÓN XIV;2025-06-02;3;1;1;No aplica;11
12052642;1;2019-05-01;6;3;PERÚ;3;10;7;CEDIF PAMPLONA - PAPA LEÓN XIV;2024-04-16;3;1;2;2026-01-26;1
12052643;2;2023-06-29;2;2;PERÚ;3;10;7;CEDIF PAMPLONA - PAPA LEÓN XIV;2025-06-18;3;1;1;No aplica;11
12052644;2;2021-06-05;4;2;PERÚ;3;10;7;CEDIF PAMPLONA - PAPA LEÓN XIV;2025-07-10;1;1;1;No aplica;11
12052644;2;2023-02-04;3;2;PERÚ;3;10;7;CEDIF PAMPLONA - PAPA LEÓN XIV;2025-07-10;1;1;1;No aplica;11
12052645;2;2022-12-11;3;2;PERÚ;3;10;7;CEDIF PAMPLONA - PAPA LEÓN XIV;2025-07-15;1;1;1;No aplica;11
12052645;1;2021-07-27;4;2;PERÚ;3;10;7;CEDIF PAMPLONA - PAPA LEÓN XIV;2025-07-15;1;1;1;No aplica;11
12052645;2;2016-01-02;10;3;PERÚ;3;10;7;CEDIF PAMPLONA - PAPA LEÓN XIV;2025-07-14;1;1;1;No aplica;11
12052645;1;2013-09-07;12;4;PERÚ;3;10;7;CEDIF PAMPLONA - PAPA LEÓN XIV;2025-07-14;1;1;1;No aplica;11
12052645;2;2020-02-15;6;3;PERÚ;3;10;7;CEDIF PAMPLONA - PAPA LEÓN XIV;2025-07-15;1;1;1;No aplica;11
12052646;2;2013-04-29;12;4;PERÚ;3;10;7;CEDIF PAMPLONA - PAPA LEÓN XIV;2025-07-14;3;1;1;No aplica;11
12052647;2;2018-12-10;7;3;PERÚ;3;10;7;CEDIF PAMPLONA - PAPA LEÓN XIV;2025-08-04;3;1;1;No aplica;11
12052647;1;2021-10-21;4;2;PERÚ;3;10;7;CEDIF PAMPLONA - PAPA LEÓN XIV;2025-08-18;3;1;1;No aplica;11
12052648;1;2019-12-13;6;3;PERÚ;3;10;7;CEDIF PAMPLONA - PAPA LEÓN XIV;2025-08-04;1;1;1;No aplica;11
12052649;2;2021-12-03;4;2;PERÚ;3;10;7;CEDIF PAMPLONA - PAPA LEÓN XIV;2025-08-08;2;2;1;No aplica;11
12052650;2;2021-07-28;4;2;COLOMBIA;3;10;7;CEDIF PAMPLONA - PAPA LEÓN XIV;2025-09-02;1;1;2;2026-01-26;10
12052651;2;2022-01-16;4;2;PERÚ;3;10;7;CEDIF PAMPLONA - PAPA LEÓN XIV;2025-09-02;1;1;2;2026-01-26;10
12052653;2;2014-07-04;11;3;PERÚ;3;10;7;CEDIF PAMPLONA - PAPA LEÓN XIV;2025-09-10;1;1;1;No aplica;11
12050440;1;2008-04-26;17;4;PERÚ;3;10;7;CEDIF PAMPLONA - PAPA LEÓN XIV;2025-09-01;1;1;1;No aplica;11
12502654;2;2021-05-17;4;2;PERÚ;3;10;7;CEDIF PAMPLONA - PAPA LEÓN XIV;2025-09-02;1;2;1;No aplica;11
12502655;1;2019-08-19;6;3;PERÚ;3;10;7;CEDIF PAMPLONA - PAPA LEÓN XIV;2025-09-23;1;1;1;No aplica;11
12502656;1;2020-05-01;5;2;PERÚ;3;10;7;CEDIF PAMPLONA - PAPA LEÓN XIV;2025-09-03;1;1;1;No aplica;11
12502658;2;2021-06-04;4;2;PERÚ;3;10;7;CEDIF PAMPLONA - PAPA LEÓN XIV;2025-09-16;1;1;1;No aplica;11
12502659;2;2024-10-07;1;2;PERÚ;3;10;7;CEDIF PAMPLONA - PAPA LEÓN XIV;2025-10-01;1;1;1;No aplica;11
12502659;1;2017-07-25;8;3;PERÚ;3;10;7;CEDIF PAMPLONA - PAPA LEÓN XIV;2025-10-01;1;1;1;No aplica;11
12052650;1;2023-08-30;2;2;PERÚ;3;10;7;CEDIF PAMPLONA - PAPA LEÓN XIV;2025-10-10;1;1;2;2026-02-26;10
12502661;2;2021-09-25;4;2;PERÚ;3;10;7;CEDIF PAMPLONA - PAPA LEÓN XIV;2026-01-12;1;1;1;No aplica;11
12502662;2;2022-08-06;3;2;PERÚ;3;10;7;CEDIF PAMPLONA - PAPA LEÓN XIV;2026-01-12;1;1;1;No aplica;11
12502663;2;2022-06-01;3;2;PERÚ;3;10;7;CEDIF PAMPLONA - PAPA LEÓN XIV;2026-01-19;1;1;1;No aplica;11
12502664;1;2022-06-16;3;2;PERÚ;3;10;7;CEDIF PAMPLONA - PAPA LEÓN XIV;2026-01-16;1;1;1;No aplica;11
12502665;2;2023-05-19;2;2;PERÚ;3;10;7;CEDIF PAMPLONA - PAPA LEÓN XIV;2026-01-23;1;1;1;No aplica;11
12502666;2;2024-04-30;1;2;PERÚ;3;10;7;CEDIF PAMPLONA - PAPA LEÓN XIV;2026-01-23;1;1;1;No aplica;11
12502667;1;2024-04-05;1;2;PERÚ;3;10;7;CEDIF PAMPLONA - PAPA LEÓN XIV;2026-01-23;1;1;1;No aplica;11
12052648;2;2022-12-01;3;2;PERÚ;3;10;7;CEDIF PAMPLONA - PAPA LEÓN XIV;2026-01-19;1;1;1;No aplica;11
12502668;2;2023-10-07;2;2;PERÚ;3;10;7;CEDIF PAMPLONA - PAPA LEÓN XIV;2026-01-26;1;2;1;No aplica;11
12502669;2;2023-07-10;2;2;PERÚ;3;10;7;CEDIF PAMPLONA - PAPA LEÓN XIV;2026-01-26;1;1;1;No aplica;11
12502670;1;2023-06-07;2;2;PERÚ;3;10;7;CEDIF PAMPLONA - PAPA LEÓN XIV;2026-01-27;1;1;1;No aplica;11
12502671;2;2021-09-18;4;2;PERÚ;3;10;7;CEDIF PAMPLONA - PAPA LEÓN XIV;2026-01-19;3;1;1;No aplica;11
12052642;2;2022-12-09;3;2;PERÚ;3;10;7;CEDIF PAMPLONA - PAPA LEÓN XIV;2026-01-13;3;2;1;No aplica;11
12502672;2;2022-07-26;3;2;PERÚ;3;10;7;CEDIF PAMPLONA - PAPA LEÓN XIV;2026-01-26;1;1;1;No aplica;11
12052607;1;2015-04-07;10;3;PERÚ;3;10;7;CEDIF PAMPLONA - PAPA LEÓN XIV;2026-01-23;1;1;1;No aplica;11
12502673;1;2021-07-28;4;2;PERÚ;3;10;7;CEDIF PAMPLONA - PAPA LEÓN XIV;2026-01-29;1;1;1;No aplica;11
12502674;2;2024-06-05;1;2;PERÚ;3;10;7;CEDIF PAMPLONA - PAPA LEÓN XIV;2026-01-26;1;1;1;No aplica;11
12502675;2;2023-07-26;2;2;PERÚ;3;10;7;CEDIF PAMPLONA - PAPA LEÓN XIV;2026-01-28;1;1;1;No aplica;11
12502676;1;2024-07-27;1;2;PERÚ;3;10;7;CEDIF PAMPLONA - PAPA LEÓN XIV;2026-01-28;1;1;1;No aplica;11
338;2;2016-12-24;9;3;PERÚ;3;10;7;CEDIF BAGUA;2020-02-03;1;1;2;2026-01-02;5
200;2;2016-03-19;9;3;PERÚ;3;10;7;CEDIF BAGUA;2019-06-03;2;1;2;2026-01-05;5
314;2;2015-12-17;10;3;PERÚ;3;10;7;CEDIF BAGUA;2019-06-24;1;2;2;2026-01-02;5
262;2;2015-07-29;10;3;PERÚ;3;10;7;CEDIF BAGUA;2018-09-14;1;1;2;2026-01-02;5
288;1;2015-04-20;10;3;PERÚ;3;10;7;CEDIF BAGUA;2019-02-05;1;1;2;2026-01-02;5
338;2;2014-08-07;11;3;PERÚ;3;10;7;CEDIF BAGUA;2020-02-03;1;1;2;2026-01-02;5
196;2;2014-08-18;11;3;PERÚ;3;10;7;CEDIF BAGUA;2017-12-13;2;1;2;2026-01-02;5
173;2;2014-01-29;12;4;PERÚ;3;10;7;CEDIF BAGUA;2017-11-06;1;1;2;2026-01-02;5
207;2;2013-04-07;12;4;PERÚ;3;10;7;CEDIF BAGUA;2019-01-09;2;1;2;2026-01-02;5
146;2;2011-02-28;15;4;PERÚ;3;10;7;CEDIF BAGUA;2017-05-04;1;2;1;No aplica;11
314;1;2009-07-09;16;4;PERÚ;3;10;7;CEDIF BAGUA;2021-08-02;1;1;2;2026-01-02;5
200;2;2009-09-08;16;4;PERÚ;3;10;7;CEDIF BAGUA;2018-01-08;2;2;2;2026-01-02;10
146;1;2009-04-24;16;4;PERÚ;3;10;7;CEDIF BAGUA;2017-05-04;1;2;1;No aplica;11
196;2;2017-01-29;9;3;PERÚ;3;10;7;CEDIF BAGUA;2020-04-30;2;1;2;2026-01-02;5
352;1;2014-08-17;11;3;PERÚ;3;10;7;CEDIF BAGUA;2021-03-31;1;1;2;2026-01-02;5
365;2;2017-02-22;9;3;PERÚ;3;10;7;CEDIF BAGUA;2021-06-28;1;1;2;2026-01-02;5
358;2;2015-04-21;10;3;PERÚ;3;10;7;CEDIF BAGUA;2021-06-30;2;1;2;2026-01-02;5
361;2;2012-03-18;13;4;PERÚ;3;10;7;CEDIF BAGUA;2021-06-30;1;2;2;2026-01-02;5
361;2;2009-12-03;16;4;PERÚ;3;10;7;CEDIF BAGUA;2021-06-30;1;2;2;2026-01-02;5
207;2;2018-01-24;8;3;PERÚ;3;10;7;CEDIF BAGUA;2022-02-25;1;1;1;No aplica;11
397;1;2017-05-02;8;3;PERÚ;3;10;7;CEDIF BAGUA;2022-03-01;1;1;2;2026-01-02;5
439;2;2010-06-25;15;4;PERÚ;3;10;7;CEDIF BAGUA;2022-07-27;2;1;1;No aplica;11
439;2;2011-07-30;14;4;PERÚ;3;10;7;CEDIF BAGUA;2022-07-27;2;1;1;No aplica;11
439;2;2009-02-10;17;4;PERÚ;3;10;7;CEDIF BAGUA;2022-07-08;2;1;1;No aplica;11
446;1;2012-10-11;13;4;PERÚ;2;10;7;CEDIF BAGUA;2022-09-12;2;1;1;No aplica;11
446;1;2016-03-02;9;3;PERÚ;3;10;7;CEDIF BAGUA;2022-09-12;2;1;1;No aplica;11
454;1;2009-01-13;17;4;PERÚ;3;10;7;CEDIF BAGUA;2022-11-21;1;1;2;2026-01-02;5
458;2;2016-04-10;9;3;PERÚ;3;10;7;CEDIF BAGUA;2022-11-21;2;1;2;2026-01-02;5
459;1;2017-04-23;8;3;PERÚ;3;10;7;CEDIF BAGUA;2022-11-18;5;1;2;2026-01-02;5
472;1;2011-04-13;14;4;PERÚ;3;10;7;CEDIF BAGUA;2023-01-16;1;1;1;No aplica;11
472;1;2009-12-30;16;4;PERÚ;3;10;7;CEDIF BAGUA;2023-01-16;1;1;1;No aplica;11
476;2;2018-05-07;7;3;PERÚ;3;10;7;CEDIF BAGUA;2023-01-31;1;1;1;No aplica;11
477;2;2019-09-04;6;3;PERÚ;3;10;7;CEDIF BAGUA;2023-02-06;1;1;1;No aplica;11
477;1;2015-03-27;10;3;PERÚ;3;10;7;CEDIF BAGUA;2023-02-06;1;1;1;No aplica;11
478;2;2017-04-11;8;3;PERÚ;3;10;7;CEDIF BAGUA;2023-02-20;2;1;2;2026-01-02;5
478;1;2017-05-05;8;3;PERÚ;3;10;7;CEDIF BAGUA;2023-02-20;2;1;2;2026-01-02;5
480;1;2018-07-12;7;3;PERÚ;3;10;7;CEDIF BAGUA;2023-02-28;2;1;1;No aplica;11
480;2;2014-09-12;11;3;PERÚ;3;10;7;CEDIF BAGUA;2023-02-28;2;1;1;No aplica;11
483;1;2015-08-01;10;3;PERÚ;3;10;7;CEDIF BAGUA;2023-03-06;1;1;1;No aplica;11
485;1;2014-06-12;11;3;PERÚ;3;10;7;CEDIF BAGUA;2023-03-15;1;1;1;No aplica;11
485;1;2011-04-06;14;4;PERÚ;3;10;7;CEDIF BAGUA;2023-03-15;1;1;2;2026-01-05;9
486;2;2018-04-20;7;3;PERÚ;3;10;7;CEDIF BAGUA;2023-03-15;1;1;2;2026-01-02;5
487;2;2019-07-17;6;3;PERÚ;3;10;7;CEDIF BAGUA;2023-03-17;1;1;1;No aplica;11
487;2;2016-12-26;9;3;PERÚ;3;10;7;CEDIF BAGUA;2023-03-17;1;1;1;No aplica;11
487;2;2013-08-15;12;4;PERÚ;3;10;7;CEDIF BAGUA;2023-03-17;1;1;1;No aplica;11
488;1;2013-10-15;12;4;PERÚ;3;10;7;CEDIF BAGUA;2023-03-24;1;1;1;No aplica;11
488;2;2010-06-21;15;4;PERÚ;3;10;7;CEDIF BAGUA;2023-03-24;1;1;1;No aplica;11
489;2;2015-09-09;10;3;PERÚ;3;10;7;CEDIF BAGUA;2023-03-27;1;1;1;No aplica;11
489;2;2014-02-26;12;4;PERÚ;3;10;7;CEDIF BAGUA;2023-03-27;1;1;1;No aplica;11
490;2;2016-10-23;9;3;PERÚ;3;10;7;CEDIF BAGUA;2023-03-28;1;1;1;No aplica;11
490;1;2014-02-26;12;4;PERÚ;3;10;7;CEDIF BAGUA;2023-03-28;1;1;1;No aplica;11
490;2;2019-05-28;6;3;PERÚ;3;10;7;CEDIF BAGUA;2024-07-31;1;1;1;No aplica;11
490;2;2011-01-12;15;4;PERÚ;3;10;7;CEDIF BAGUA;2023-03-28;1;1;1;No aplica;11
492;2;2014-10-29;11;3;PERÚ;3;10;7;CEDIF BAGUA;2023-03-29;2;1;2;2026-01-05;5
492;1;2013-03-21;12;4;PERÚ;3;10;7;CEDIF BAGUA;2023-03-29;2;1;2;2026-01-05;5
493;2;2018-03-05;7;3;PERÚ;3;10;7;CEDIF BAGUA;2023-03-28;2;1;1;No aplica;11
493;2;2016-01-31;10;3;PERÚ;3;10;7;CEDIF BAGUA;2023-03-28;2;1;1;No aplica;11
493;2;2013-11-13;12;4;PERÚ;3;10;7;CEDIF BAGUA;2023-03-28;2;1;1;No aplica;11
502;2;2018-02-21;8;3;PERÚ;3;10;7;CEDIF BAGUA;2023-04-27;2;1;1;No aplica;11
502;1;2011-03-06;14;4;PERÚ;3;10;7;CEDIF BAGUA;2023-04-27;2;1;1;No aplica;11
508;1;2012-02-08;14;4;PERÚ;3;10;7;CEDIF BAGUA;2023-05-26;1;1;1;No aplica;11
508;2;2019-03-16;6;3;PERÚ;3;10;7;CEDIF BAGUA;2023-05-26;1;1;1;No aplica;11
515;1;2011-01-08;15;4;PERÚ;3;10;7;CEDIF BAGUA;2023-06-14;1;1;2;2026-01-05;5
515;1;2015-05-12;10;3;PERÚ;3;10;7;CEDIF BAGUA;2024-12-30;1;1;2;2026-01-05;10
517;2;2013-06-10;12;4;PERÚ;3;10;7;CEDIF BAGUA;2023-07-18;1;1;1;No aplica;11
517;2;2011-08-17;14;4;PERÚ;3;10;7;CEDIF BAGUA;2023-07-18;1;1;1;No aplica;11
520;1;2019-08-29;6;3;PERÚ;3;10;7;CEDIF BAGUA;2023-08-23;1;1;1;No aplica;11
520;2;2017-08-22;8;3;PERÚ;3;10;7;CEDIF BAGUA;2023-08-23;1;1;1;No aplica;11
528;1;2018-11-12;7;3;PERÚ;3;10;7;CEDIF BAGUA;2023-12-30;1;1;2;2026-01-05;10
529;1;2010-11-24;15;4;PERÚ;3;10;7;CEDIF BAGUA;2023-12-29;1;1;1;No aplica;11
532;2;2016-07-05;9;3;PERÚ;3;10;7;CEDIF BAGUA;2024-02-08;1;1;1;No aplica;11
532;2;2012-10-13;13;4;PERÚ;3;10;7;CEDIF BAGUA;2024-02-08;1;1;1;No aplica;11
532;2;2010-01-29;16;4;PERÚ;3;10;7;CEDIF BAGUA;2024-02-08;1;1;1;No aplica;11
397;1;2020-01-07;6;3;PERÚ;3;10;7;CEDIF BAGUA;2024-03-01;1;1;1;No aplica;11
397;1;2020-01-07;6;3;PERÚ;3;10;7;CEDIF BAGUA;2024-03-01;1;1;1;No aplica;11
541;2;2016-10-11;9;3;PERÚ;3;10;7;CEDIF BAGUA;2024-03-01;1;1;1;No aplica;11
541;2;2009-09-22;16;4;PERÚ;3;10;7;CEDIF BAGUA;2024-03-01;1;1;1;No aplica;11
542;2;2019-08-26;6;3;PERÚ;3;10;7;CEDIF BAGUA;2024-03-01;1;1;1;No aplica;11
542;2;2017-12-12;8;3;PERÚ;3;10;7;CEDIF BAGUA;2024-03-01;1;1;1;No aplica;11
545;2;2018-01-15;8;3;PERÚ;3;10;7;CEDIF BAGUA;2024-03-01;1;1;1;No aplica;11
545;1;2014-05-24;11;3;PERÚ;3;10;7;CEDIF BAGUA;2024-03-01;1;1;1;No aplica;11
547;1;2017-04-23;8;3;PERÚ;3;10;7;CEDIF BAGUA;2024-03-04;1;1;1;No aplica;11
472;2;2020-11-11;5;2;PERÚ;3;10;7;CEDIF BAGUA;2024-03-01;1;1;1;No aplica;11
551;2;2016-03-10;9;3;PERÚ;3;10;7;CEDIF BAGUA;2024-04-02;1;1;1;No aplica;11
560;2;2015-02-19;11;3;PERÚ;3;10;7;CEDIF BAGUA;2024-05-01;1;1;1;No aplica;11
561;1;2020-01-31;6;3;PERÚ;3;10;7;CEDIF BAGUA;2024-06-01;1;1;2;2026-01-05;10
562;1;2014-01-19;12;4;PERÚ;3;10;7;CEDIF BAGUA;2024-07-31;2;1;1;No aplica;11
562;2;2011-10-12;14;4;PERÚ;3;10;7;CEDIF BAGUA;2024-07-31;2;1;1;No aplica;11
563;1;2016-02-22;10;3;PERÚ;3;10;7;CEDIF BAGUA;2024-07-31;2;1;1;No aplica;11
564;1;2018-06-27;7;3;PERÚ;3;10;7;CEDIF BAGUA;2024-07-31;1;1;1;No aplica;11
566;2;2021-04-07;4;2;PERÚ;3;10;7;CEDIF BAGUA;2024-07-31;1;1;1;No aplica;11
566;1;2018-10-26;7;3;PERÚ;3;10;7;CEDIF BAGUA;2024-07-31;1;1;1;No aplica;11
566;2;2017-01-21;9;3;PERÚ;3;10;7;CEDIF BAGUA;2024-07-31;1;1;1;No aplica;11
567;1;2021-05-28;4;2;PERÚ;3;10;7;CEDIF BAGUA;2024-07-31;1;1;1;No aplica;11
569;1;2020-11-02;5;2;PERÚ;3;10;7;CEDIF BAGUA;2024-08-26;1;1;1;No aplica;11
570;1;2020-08-09;5;2;PERÚ;3;10;7;CEDIF BAGUA;2024-08-26;2;1;1;No aplica;11
572;1;2016-12-26;9;3;PERÚ;3;10;7;CEDIF BAGUA;2024-08-23;1;1;2;2026-01-05;10
573;1;2011-10-10;14;4;PERÚ;3;10;7;CEDIF BAGUA;2024-08-13;1;1;1;No aplica;11
573;1;2008-04-15;17;4;PERÚ;3;10;7;CEDIF BAGUA;2024-08-13;1;1;2;2026-01-05;10
574;1;2013-11-01;12;4;PERÚ;3;10;7;CEDIF BAGUA;2024-08-22;1;1;1;No aplica;11
575;2;2019-04-04;6;3;PERÚ;3;10;7;CEDIF BAGUA;2024-09-02;1;1;1;No aplica;11
576;2;2018-08-17;7;3;PERÚ;3;10;7;CEDIF BAGUA;2024-09-02;1;1;2;2026-01-05;10
577;2;2018-12-04;7;3;PERÚ;3;10;7;CEDIF BAGUA;2024-09-02;1;1;1;No aplica;11
578;1;2017-12-22;8;3;PERÚ;3;10;7;CEDIF BAGUA;2024-09-02;1;1;2;2026-01-05;10
365;2;2020-06-04;5;2;PERÚ;3;10;7;CEDIF BAGUA;2024-09-02;1;1;1;No aplica;11
580;1;2020-04-20;5;2;PERÚ;3;10;7;CEDIF BAGUA;2024-09-02;1;1;1;No aplica;11
352;1;2020-12-10;5;2;PERÚ;3;10;7;CEDIF BAGUA;2024-09-02;1;1;2;2026-01-05;10
288;2;2021-01-01;5;2;PERÚ;3;10;7;CEDIF BAGUA;2024-09-02;1;2;1;No aplica;11
585;1;2016-09-26;9;3;PERÚ;3;10;7;CEDIF BAGUA;2024-09-02;1;1;1;No aplica;11
585;1;2016-09-26;9;3;PERÚ;3;10;7;CEDIF BAGUA;2024-09-02;1;1;1;No aplica;11
587;1;2018-03-08;7;3;PERÚ;3;4;3;CEDIF BAGUA;2024-09-02;2;1;1;No aplica;11
587;1;2015-10-14;10;3;PERÚ;3;4;3;CEDIF BAGUA;2024-09-02;2;1;1;No aplica;11
587;2;2013-06-15;12;4;PERÚ;3;4;3;CEDIF BAGUA;2024-09-02;2;1;1;No aplica;11
338;2;2020-09-03;5;2;PERÚ;3;10;7;CEDIF BAGUA;2024-09-02;1;1;1;No aplica;11
338;1;2012-06-16;13;4;PERÚ;3;10;7;CEDIF BAGUA;2024-09-02;1;1;1;No aplica;11
590;1;2014-09-22;11;3;PERÚ;3;10;7;CEDIF BAGUA;2024-10-31;1;1;1;No aplica;11
590;1;2013-05-04;12;4;PERÚ;3;10;7;CEDIF BAGUA;2024-10-31;1;1;1;No aplica;11
590;2;2012-08-29;13;4;PERÚ;3;10;7;CEDIF BAGUA;2024-10-31;1;1;1;No aplica;11
591;1;2018-05-16;7;3;PERÚ;3;10;7;CEDIF BAGUA;2024-10-31;1;1;1;No aplica;11
591;2;2011-06-27;14;4;PERÚ;3;10;7;CEDIF BAGUA;2024-10-31;1;1;1;No aplica;11
593;2;2018-05-06;7;3;PERÚ;3;10;7;CEDIF BAGUA;2024-10-31;1;1;1;No aplica;11
593;2;2019-05-11;6;3;PERÚ;3;10;7;CEDIF BAGUA;2024-10-01;1;1;1;No aplica;11
593;2;2018-04-09;7;3;PERÚ;3;10;7;CEDIF BAGUA;2024-10-31;1;1;1;No aplica;11
594;1;2018-02-07;8;3;PERÚ;3;10;7;CEDIF BAGUA;2024-10-31;1;1;1;No aplica;11
594;1;2007-12-18;18;5;PERÚ;3;10;7;CEDIF BAGUA;2024-10-31;1;1;2;2026-01-05;10
595;2;2014-07-16;11;3;PERÚ;3;10;7;CEDIF BAGUA;2024-11-25;2;1;2;2026-01-05;10
595;1;2012-12-30;13;4;PERÚ;3;10;7;CEDIF BAGUA;2024-11-25;2;1;2;2026-01-05;10
596;2;2014-10-04;11;3;PERÚ;3;10;7;CEDIF BAGUA;2024-11-25;1;1;1;No aplica;11
596;2;2009-10-29;16;4;PERÚ;3;10;7;CEDIF BAGUA;2024-11-25;1;1;1;No aplica;11
598;1;2014-01-18;12;4;PERÚ;3;10;7;CEDIF BAGUA;2024-12-30;2;1;2;2026-01-05;10
599;2;2019-04-30;6;3;PERÚ;3;10;7;CEDIF BAGUA;2024-12-30;1;1;1;No aplica;11
599;1;2016-06-19;9;3;PERÚ;3;10;7;CEDIF BAGUA;2024-12-30;1;1;1;No aplica;11
599;1;2009-11-27;16;4;PERÚ;3;10;7;CEDIF BAGUA;2024-12-30;1;1;1;No aplica;11
600;1;2015-06-29;10;3;PERÚ;3;10;7;CEDIF BAGUA;2025-02-01;2;1;2;2026-01-05;10
601;1;2014-11-17;11;3;PERÚ;3;10;7;CEDIF BAGUA;2025-02-01;1;1;1;No aplica;11
603;2;2017-01-13;9;3;PERÚ;3;10;7;CEDIF BAGUA;2025-02-01;1;1;2;2026-01-05;10
560;2;2016-02-21;10;3;PERÚ;3;10;7;CEDIF BAGUA;2025-02-01;1;1;1;No aplica;11
590;2;2020-03-06;5;2;PERÚ;3;10;7;CEDIF BAGUA;2025-02-01;1;1;1;No aplica;11
590;2;2014-10-01;11;3;PERÚ;3;10;7;CEDIF BAGUA;2025-02-01;1;1;1;No aplica;11
604;1;2018-08-25;7;3;PERÚ;3;10;7;CEDIF BAGUA;2025-03-03;1;1;1;No aplica;11
605;2;2015-10-27;10;3;PERÚ;3;10;7;CEDIF BAGUA;2025-03-03;1;1;1;No aplica;11
606;2;2020-08-31;5;2;PERÚ;3;10;7;CEDIF BAGUA;2025-03-03;1;1;2;2026-01-05;10
606;1;2020-08-31;5;2;PERÚ;3;10;7;CEDIF BAGUA;2025-03-03;1;1;2;2026-01-05;10
607;2;2019-10-24;6;3;PERÚ;3;10;7;CEDIF BAGUA;2025-03-03;1;1;1;No aplica;11
607;1;2015-05-16;10;3;PERÚ;3;10;7;CEDIF BAGUA;2025-03-03;1;1;1;No aplica;11
608;1;2020-02-11;6;3;PERÚ;3;10;7;CEDIF BAGUA;2025-03-03;1;1;1;No aplica;11
608;2;2014-02-21;12;4;PERÚ;3;10;7;CEDIF BAGUA;2025-03-03;1;1;1;No aplica;11
609;1;2015-03-26;10;3;PERÚ;3;10;7;CEDIF BAGUA;2025-03-18;1;1;1;No aplica;11
609;2;2017-09-26;8;3;PERÚ;3;10;7;CEDIF BAGUA;2025-03-18;1;1;1;No aplica;11
610;2;2019-12-11;6;3;PERÚ;3;10;7;CEDIF BAGUA;2025-03-18;1;1;1;No aplica;11
611;2;2014-12-22;11;3;PERÚ;3;10;7;CEDIF BAGUA;2025-03-21;2;1;2;2026-01-05;10
612;2;2014-03-19;11;3;PERÚ;3;10;7;CEDIF BAGUA;2025-03-21;1;1;1;No aplica;11
613;2;2009-07-08;16;4;PERÚ;3;10;7;CEDIF BAGUA;2025-03-21;1;2;2;2026-01-05;10
528;1;2021-10-10;4;2;PERÚ;3;10;7;CEDIF BAGUA;2025-03-21;1;1;2;2026-01-05;10
542;2;2022-03-17;3;2;PERÚ;3;10;7;CEDIF BAGUA;2025-04-22;1;1;2;2026-01-05;10
615;1;2019-04-06;6;3;PERÚ;3;10;7;CEDIF BAGUA;2025-04-16;2;1;2;2026-01-05;10
615;2;2010-01-04;16;4;PERÚ;3;10;7;CEDIF BAGUA;2025-04-16;2;1;2;2026-01-05;10
616;2;2021-05-26;4;2;PERÚ;3;10;7;CEDIF BAGUA;2025-04-22;2;1;1;No aplica;11
616;1;2019-09-03;6;3;PERÚ;3;10;7;CEDIF BAGUA;2025-04-22;2;1;1;No aplica;11
617;2;2016-01-15;10;3;PERÚ;3;10;7;CEDIF BAGUA;2025-04-16;1;1;1;No aplica;11
618;2;2019-04-24;6;3;PERÚ;3;10;7;CEDIF BAGUA;2025-04-29;1;1;1;No aplica;11
618;1;2017-11-11;8;3;PERÚ;3;10;7;CEDIF BAGUA;2025-04-29;1;1;1;No aplica;11
618;1;2011-10-16;14;4;PERÚ;3;10;7;CEDIF BAGUA;2025-04-29;1;1;1;No aplica;11
619;2;2020-10-24;5;2;PERÚ;3;10;7;CEDIF BAGUA;2025-04-29;1;1;1;No aplica;11
619;1;2017-03-15;8;3;PERÚ;3;10;7;CEDIF BAGUA;2025-04-29;1;1;1;No aplica;11
619;2;2014-07-09;11;3;PERÚ;3;10;7;CEDIF BAGUA;2025-04-29;1;1;1;No aplica;11
620;1;2021-08-15;4;2;PERÚ;3;10;7;CEDIF BAGUA;2025-04-24;1;1;1;No aplica;11
620;1;2019-04-16;6;3;PERÚ;3;10;7;CEDIF BAGUA;2025-04-24;1;1;1;No aplica;11
621;1;2012-08-10;13;4;PERÚ;3;10;3;CEDIF BAGUA;2025-04-25;1;1;2;2026-01-05;10
621;1;2008-09-13;17;4;PERÚ;3;10;3;CEDIF BAGUA;2025-04-25;1;1;2;2026-01-05;10
622;2;2019-02-02;7;3;PERÚ;3;10;7;CEDIF BAGUA;2025-05-28;1;1;2;2026-01-05;10
622;2;2019-02-02;7;3;PERÚ;3;10;7;CEDIF BAGUA;2025-05-28;1;1;2;2026-01-05;10
624;1;2017-09-02;8;3;PERÚ;3;10;7;CEDIF BAGUA;2025-05-28;1;1;2;2026-01-05;10
625;1;2021-11-14;4;2;PERÚ;3;10;7;CEDIF BAGUA;2025-06-16;2;2;1;No aplica;11
626;2;2019-05-06;6;3;PERÚ;3;10;7;CEDIF BAGUA;2025-06-16;1;2;1;No aplica;11
626;1;2010-09-29;15;4;PERÚ;3;10;7;CEDIF BAGUA;2025-06-16;1;2;1;No aplica;11
626;1;2010-09-29;15;4;PERÚ;3;10;7;CEDIF BAGUA;2025-06-16;1;2;1;No aplica;11
627;2;2019-03-29;6;3;PERÚ;3;10;7;CEDIF BAGUA;2025-06-16;1;1;1;No aplica;11
628;1;2021-08-09;4;2;PERÚ;3;10;7;CEDIF BAGUA;2025-06-25;1;1;1;No aplica;11
629;2;2017-07-09;8;3;PERÚ;3;10;7;CEDIF BAGUA;2025-06-17;1;1;1;No aplica;11
630;2;2014-11-04;11;3;PERÚ;3;10;7;CEDIF BAGUA;2025-06-18;1;1;1;No aplica;11
631;1;2019-01-16;7;3;PERÚ;3;10;7;CEDIF BAGUA;2025-06-26;1;1;2;2026-01-05;10
632;2;2020-09-26;5;2;PERÚ;3;10;7;CEDIF BAGUA;2025-06-27;1;1;2;2026-01-05;10
633;2;2016-05-31;9;3;PERÚ;3;10;7;CEDIF BAGUA;2025-07-14;1;1;2;2026-01-05;10
634;1;2021-08-03;4;2;PERÚ;3;10;7;CEDIF BAGUA;2025-07-16;1;1;2;2026-01-05;10
636;2;2021-04-27;4;2;PERÚ;3;10;7;CEDIF BAGUA;2025-07-21;1;1;1;No aplica;11
636;2;2022-03-13;3;2;PERÚ;3;10;7;CEDIF BAGUA;2025-07-21;1;1;1;No aplica;11
637;2;2020-03-06;5;2;PERÚ;3;10;7;CEDIF BAGUA;2025-07-21;1;1;1;No aplica;11
638;2;2020-02-09;6;3;PERÚ;3;10;7;CEDIF BAGUA;2025-07-21;1;1;1;No aplica;11
639;2;2018-03-02;7;3;PERÚ;3;10;7;CEDIF BAGUA;2025-08-19;1;1;1;No aplica;11
640;2;2017-08-21;8;3;PERÚ;3;10;7;CEDIF BAGUA;2025-08-19;2;1;1;No aplica;11
640;2;2012-12-18;13;4;PERÚ;3;10;7;CEDIF BAGUA;2025-08-19;2;1;1;No aplica;11
640;1;2017-10-22;8;3;PERÚ;3;10;7;CEDIF BAGUA;2025-08-19;2;1;1;No aplica;11
641;2;2017-04-17;8;3;PERÚ;3;10;7;CEDIF BAGUA;2025-08-19;1;1;1;No aplica;11
642;2;2017-01-30;9;3;PERÚ;3;10;7;CEDIF BAGUA;2025-08-19;1;1;2;2026-01-05;10
642;2;2013-02-14;13;4;PERÚ;3;10;7;CEDIF BAGUA;2025-08-19;1;1;2;2026-01-05;10
643;2;2015-04-06;10;3;PERÚ;3;10;7;CEDIF BAGUA;2025-08-19;1;1;2;2026-01-02;9
643;2;2012-07-21;13;4;PERÚ;3;10;7;CEDIF BAGUA;2025-08-19;1;1;2;2026-01-03;9
643;1;2010-07-31;15;4;PERÚ;3;10;7;CEDIF BAGUA;2025-08-19;1;1;2;2026-01-04;9
644;1;2018-12-16;7;3;PERÚ;3;10;7;CEDIF BAGUA;2025-08-22;1;1;1;No aplica;11
645;2;2020-07-26;5;2;PERÚ;3;4;3;CEDIF BAGUA;2025-08-22;2;1;1;No aplica;11
645;2;2020-07-26;5;2;PERÚ;3;4;3;CEDIF BAGUA;2025-08-22;2;1;1;No aplica;11
587;2;2011-07-08;14;4;PERÚ;3;4;3;CEDIF BAGUA;2024-09-02;2;1;1;No aplica;11
646;1;2017-07-24;8;3;PERÚ;3;10;7;CEDIF BAGUA;2025-08-27;2;1;1;No aplica;11
646;2;2015-09-11;10;3;PERÚ;3;10;7;CEDIF BAGUA;2025-08-27;2;1;1;No aplica;11
646;2;2012-09-28;13;4;PERÚ;3;10;7;CEDIF BAGUA;2025-08-27;2;1;1;No aplica;11
646;2;2011-03-13;14;4;PERÚ;3;10;7;CEDIF BAGUA;2025-08-27;2;1;1;No aplica;11
646;1;2011-02-26;15;4;PERÚ;3;10;7;CEDIF BAGUA;2025-08-27;2;1;1;No aplica;11
647;2;2017-09-05;8;3;PERÚ;3;10;7;CEDIF BAGUA;2025-08-27;1;1;1;No aplica;11
647;1;2014-08-10;11;3;PERÚ;3;10;7;CEDIF BAGUA;2025-08-27;1;1;1;No aplica;11
648;2;2019-06-12;6;3;PERÚ;3;10;7;CEDIF BAGUA;2025-08-27;1;2;1;No aplica;11
648;1;2013-11-30;12;4;PERÚ;3;10;7;CEDIF BAGUA;2025-08-27;1;2;1;No aplica;11
649;1;2017-07-08;8;3;PERÚ;3;10;7;CEDIF BAGUA;2025-08-27;1;1;1;No aplica;11
650;1;2019-01-13;7;3;PERÚ;3;10;7;CEDIF BAGUA;2025-09-05;1;1;1;No aplica;11
650;2;2013-09-22;12;4;PERÚ;3;10;7;CEDIF BAGUA;2025-09-05;1;1;1;No aplica;11
651;1;2013-11-09;12;4;PERÚ;3;4;3;CEDIF BAGUA;2025-09-09;2;1;1;No aplica;11
651;1;2009-06-20;16;4;PERÚ;3;4;3;CEDIF BAGUA;2025-09-09;2;1;1;No aplica;11
652;1;2015-12-08;10;3;PERÚ;3;10;7;CEDIF BAGUA;2025-09-17;2;1;1;No aplica;11
652;1;2013-04-26;12;4;PERÚ;3;10;7;CEDIF BAGUA;2025-09-17;2;1;1;No aplica;11
653;2;2019-08-18;6;3;PERÚ;3;10;7;CEDIF BAGUA;2025-09-22;1;1;1;No aplica;11
653;2;2018-06-17;7;3;PERÚ;3;10;7;CEDIF BAGUA;2025-09-22;1;1;1;No aplica;11
654;2;2014-03-04;11;3;PERÚ;3;10;7;CEDIF BAGUA;2025-09-26;1;1;1;No aplica;11
654;2;2017-04-04;8;3;PERÚ;3;10;7;CEDIF BAGUA;2025-09-26;1;1;1;No aplica;11
655;2;2020-05-06;5;2;PERÚ;3;10;7;CEDIF BAGUA;2025-09-26;1;1;1;No aplica;11
655;2;2016-04-18;9;3;PERÚ;3;10;7;CEDIF BAGUA;2025-09-26;1;1;1;No aplica;11
655;1;2010-09-22;15;4;PERÚ;3;10;7;CEDIF BAGUA;2025-09-26;1;1;1;No aplica;11
656;1;2011-08-03;14;4;PERÚ;3;10;7;CEDIF BAGUA;2025-09-26;1;1;1;No aplica;11
657;2;2021-04-24;4;2;PERÚ;3;10;7;CEDIF BAGUA;2025-10-20;1;1;1;No aplica;11
657;1;2018-09-25;7;3;PERÚ;3;10;7;CEDIF BAGUA;2025-10-20;1;1;1;No aplica;11
657;1;2016-10-01;9;3;PERÚ;3;10;7;CEDIF BAGUA;2025-10-20;1;1;1;No aplica;11
658;2;2020-12-20;5;2;PERÚ;3;10;7;CEDIF BAGUA;2025-10-20;1;1;1;No aplica;11
658;2;2014-12-12;11;3;PERÚ;3;10;7;CEDIF BAGUA;2025-10-20;1;1;1;No aplica;11
659;1;2021-08-26;4;2;PERÚ;3;10;7;CEDIF BAGUA;2025-10-21;2;1;1;No aplica;11
660;1;2015-03-25;10;3;PERÚ;3;10;7;CEDIF BAGUA;2025-10-31;2;1;1;No aplica;11
661;2;2015-04-07;10;3;PERÚ;3;10;7;CEDIF BAGUA;2025-11-13;2;1;1;No aplica;11
661;2;2011-11-17;14;4;PERÚ;3;10;7;CEDIF BAGUA;2025-11-13;2;1;1;No aplica;11
662;1;2016-05-18;9;3;PERÚ;3;10;7;CEDIF BAGUA;2025-11-20;2;1;1;No aplica;11
662;2;2022-05-11;3;2;PERÚ;3;10;7;CEDIF BAGUA;2025-11-20;2;1;1;No aplica;11
663;2;2019-09-03;6;3;PERÚ;3;10;7;CEDIF BAGUA;2025-11-28;2;1;1;No aplica;11
664;1;2016-11-08;9;3;PERÚ;3;10;7;CEDIF BAGUA;2025-11-25;2;1;1;No aplica;11
665;2;2017-06-30;8;3;PERÚ;3;10;7;CEDIF BAGUA;2026-01-08;2;1;1;No aplica;11
665;1;2020-10-19;5;2;PERÚ;3;10;7;CEDIF BAGUA;2026-01-08;2;1;1;No aplica;11
666;1;2022-10-30;3;2;PERÚ;3;10;7;CEDIF BAGUA;2026-01-20;2;1;1;No aplica;11
666;1;2019-07-14;6;3;PERÚ;3;10;7;CEDIF BAGUA;2026-01-20;2;1;1;No aplica;11
666;2;2015-03-16;10;3;PERÚ;3;10;7;CEDIF BAGUA;2026-01-20;2;1;1;No aplica;11
666;1;2012-09-07;13;4;PERÚ;3;10;7;CEDIF BAGUA;2026-01-20;2;1;1;No aplica;11
667;2;2020-11-02;5;2;PERÚ;3;10;7;CEDIF BAGUA;2026-01-17;2;1;1;No aplica;11
668;1;2021-10-04;4;2;PERÚ;3;10;7;CEDIF BAGUA;2026-01-22;13;1;1;No aplica;11
563;1;2021-11-14;4;2;PERÚ;3;10;7;CEDIF BAGUA;2026-01-17;2;1;1;No aplica;11
480;2;2022-11-27;3;2;PERÚ;3;10;7;CEDIF BAGUA;2026-01-10;2;1;1;No aplica;11
669;1;2022-11-14;3;2;PERÚ;3;10;7;CEDIF BAGUA;2026-01-16;2;1;1;No aplica;11
670;2;2013-02-27;13;4;PERÚ;3;10;7;CEDIF BAGUA;2026-01-23;2;1;1;No aplica;11
671;2;2022-09-01;3;2;PERÚ;3;10;7;CEDIF BAGUA;2026-01-26;2;1;1;No aplica;11
136;2;2019-05-14;6;3;PERÚ;3;10;3;CEDIF HUARAZ;2021-04-01;3;1;2;2026-01-02;5
331;2;2019-07-22;6;3;PERÚ;3;10;3;CEDIF HUARAZ;2022-02-23;3;1;2;2026-01-02;5
480;1;2022-06-17;3;2;PERÚ;3;10;3;CEDIF HUARAZ;2024-08-26;3;1;1;No aplica;11
480;1;2018-11-14;7;3;PERÚ;3;10;3;CEDIF HUARAZ;2021-02-23;3;1;1;No aplica;11
480;1;2016-10-27;9;3;PERÚ;3;10;3;CEDIF HUARAZ;2020-02-21;3;1;1;No aplica;11
492;2;2019-02-09;7;3;PERÚ;3;10;3;CEDIF HUARAZ;2021-02-24;3;1;2;2026-01-02;5
492;2;2017-11-02;8;3;PERÚ;3;10;3;CEDIF HUARAZ;2021-02-24;3;1;2;2026-01-02;5
492;2;2016-10-05;9;3;PERÚ;3;10;3;CEDIF HUARAZ;2021-02-24;3;1;2;2026-01-02;5
518;2;2016-02-19;10;3;PERÚ;3;10;3;CEDIF HUARAZ;2022-01-10;3;1;2;2026-01-02;5
518;2;2013-08-29;12;4;PERÚ;3;10;3;CEDIF HUARAZ;2022-01-10;3;1;2;2026-01-02;5
518;2;2011-04-04;14;4;PERÚ;3;10;3;CEDIF HUARAZ;2022-01-10;3;1;2;2026-01-02;5
521;2;2020-08-05;5;2;PERÚ;3;10;3;CEDIF HUARAZ;2024-01-03;3;1;1;No aplica;11
521;2;2017-06-29;8;3;PERÚ;3;10;3;CEDIF HUARAZ;2022-01-10;3;1;1;No aplica;11
528;2;2020-11-17;5;2;PERÚ;3;10;3;CEDIF HUARAZ;2022-02-01;3;1;1;No aplica;11
528;2;2013-12-17;12;4;PERÚ;3;10;3;CEDIF HUARAZ;2022-03-24;3;1;2;2026-01-02;5
535;2;2016-05-15;9;3;PERÚ;3;10;3;CEDIF HUARAZ;2022-03-10;3;1;1;No aplica;11
535;1;2010-09-08;15;4;PERÚ;3;10;3;CEDIF HUARAZ;2023-01-10;3;1;2;2026-01-02;5
537;1;2023-01-23;3;2;PERÚ;3;10;3;CEDIF HUARAZ;2025-01-06;3;1;1;No aplica;11
537;1;2020-12-12;5;2;PERÚ;3;10;3;CEDIF HUARAZ;2024-01-09;3;1;1;No aplica;11
537;2;2017-10-15;8;3;PERÚ;3;10;3;CEDIF HUARAZ;2022-03-16;3;1;2;2026-01-02;5
537;1;2013-12-03;12;4;PERÚ;3;10;3;CEDIF HUARAZ;2022-03-16;3;1;2;2026-01-02;5
542;1;2019-09-03;6;3;PERÚ;3;10;3;CEDIF HUARAZ;2022-03-10;3;1;1;No aplica;11
546;1;2021-02-11;5;2;PERÚ;3;10;3;CEDIF HUARAZ;2023-02-27;3;1;1;No aplica;11
547;1;2013-05-28;12;4;PERÚ;3;10;3;CEDIF HUARAZ;2022-03-24;3;1;1;No aplica;11
570;2;2014-09-26;11;3;PERÚ;3;10;3;CEDIF HUARAZ;2022-09-14;3;1;2;2026-01-02;5
579;2;2021-08-09;4;2;PERÚ;3;10;3;CEDIF HUARAZ;2023-01-11;3;1;1;No aplica;11
180;1;2021-07-26;4;2;PERÚ;3;10;3;CEDIF HUARAZ;2023-01-11;3;1;1;No aplica;11
289;2;2019-11-28;6;3;PERÚ;3;10;3;CEDIF HUARAZ;2021-02-24;3;1;2;2026-01-02;5
379;1;2021-04-07;4;2;PERÚ;3;10;3;CEDIF HUARAZ;2024-01-03;3;1;1;No aplica;11
379;1;2014-10-13;11;3;PERÚ;3;10;3;CEDIF HUARAZ;2025-11-11;3;1;1;No aplica;11
434;2;2017-04-18;8;3;PERÚ;3;10;3;CEDIF HUARAZ;2024-01-03;3;1;1;No aplica;11
434;2;2015-09-12;10;3;PERÚ;3;10;3;CEDIF HUARAZ;2023-11-10;3;1;1;No aplica;11
434;2;2012-06-05;13;4;PERÚ;3;10;3;CEDIF HUARAZ;2024-01-03;3;1;1;No aplica;11
434;2;2022-09-15;3;2;PERÚ;3;10;3;CEDIF HUARAZ;2026-01-05;3;1;1;No aplica;11
496;2;2018-08-28;7;3;PERÚ;3;10;3;CEDIF HUARAZ;2021-02-25;3;1;2;2026-01-02;5
496;2;2015-05-11;10;3;PERÚ;3;10;3;CEDIF HUARAZ;2022-01-04;3;1;2;2026-01-02;5
534;1;2019-11-02;6;3;PERÚ;3;10;3;CEDIF HUARAZ;2022-03-09;3;1;2;2026-01-02;5
540;2;2019-06-11;6;3;PERÚ;3;10;3;CEDIF HUARAZ;2023-01-10;3;1;1;No aplica;11
540;2;2016-11-15;9;3;PERÚ;3;10;3;CEDIF HUARAZ;2023-01-10;3;1;1;No aplica;11
545;1;2014-02-25;12;4;PERÚ;3;10;3;CEDIF HUARAZ;2022-04-19;3;1;2;2026-01-02;5
595;2;2020-01-30;6;3;PERÚ;3;10;3;CEDIF HUARAZ;2023-02-13;3;1;2;2026-01-02;2
597;1;2009-10-11;16;4;PERÚ;3;10;3;CEDIF HUARAZ;2023-01-12;3;1;2;2026-01-02;2
599;2;2021-02-26;5;2;PERÚ;3;10;3;CEDIF HUARAZ;2023-05-25;3;1;1;No aplica;11
599;1;2015-12-11;10;3;PERÚ;3;10;3;CEDIF HUARAZ;2023-05-25;3;1;1;No aplica;11
606;1;2019-09-09;6;3;PERÚ;3;10;3;CEDIF HUARAZ;2023-01-27;3;1;2;2026-01-02;2
613;2;2022-09-13;3;2;PERÚ;3;10;3;CEDIF HUARAZ;2025-01-15;3;1;1;No aplica;11
613;1;2019-10-14;6;3;PERÚ;3;10;3;CEDIF HUARAZ;2023-01-12;3;1;1;No aplica;11
618;2;2019-09-18;6;3;PERÚ;3;10;3;CEDIF HUARAZ;2023-01-10;3;1;1;No aplica;11
618;2;2022-10-10;3;2;PERÚ;3;10;3;CEDIF HUARAZ;2026-01-02;3;1;1;No aplica;11
619;1;2021-11-16;4;2;PERÚ;3;10;3;CEDIF HUARAZ;2025-01-02;3;1;1;No aplica;11
619;1;2020-05-02;5;2;PERÚ;3;10;3;CEDIF HUARAZ;2024-01-17;3;1;1;No aplica;11
622;1;2020-02-06;6;3;PERÚ;3;10;3;CEDIF HUARAZ;2023-01-25;3;1;2;2026-01-02;2
623;2;2016-05-18;9;3;VENEZUELA;3;10;3;CEDIF HUARAZ;2023-05-08;3;1;2;2026-01-02;2
623;2;2015-02-06;11;3;VENEZUELA;3;10;3;CEDIF HUARAZ;2023-05-08;3;1;2;2026-01-02;2
624;2;2021-04-05;4;2;PERÚ;3;10;3;CEDIF HUARAZ;2023-01-10;3;1;1;No aplica;11
627;1;2014-10-02;11;3;PERÚ;3;10;3;CEDIF HUARAZ;2023-01-10;3;1;1;No aplica;11
627;2;2023-03-08;2;2;PERÚ;3;10;3;CEDIF HUARAZ;2026-01-02;3;1;1;No aplica;11
629;2;2022-01-05;4;2;PERÚ;3;10;3;CEDIF HUARAZ;2025-03-03;3;1;2;2026-01-02;1
629;1;2019-04-07;6;3;PERÚ;3;10;3;CEDIF HUARAZ;2023-02-13;3;1;2;2026-01-02;1
630;2;2013-09-23;12;4;PERÚ;3;10;3;CEDIF HUARAZ;2023-04-12;3;1;2;2026-01-02;1
636;1;2018-03-11;7;3;PERÚ;3;10;3;CEDIF HUARAZ;2024-01-15;3;1;2;2026-01-02;1
636;1;2014-06-24;11;3;PERÚ;3;10;3;CEDIF HUARAZ;2023-03-13;3;1;2;2026-01-02;1
636;1;2012-03-21;13;4;PERÚ;3;10;3;CEDIF HUARAZ;2023-03-13;3;1;2;2026-01-02;1
639;2;2020-05-10;5;2;PERÚ;3;10;3;CEDIF HUARAZ;2023-02-03;3;1;1;No aplica;11
646;1;2014-08-19;11;3;PERÚ;3;10;3;CEDIF HUARAZ;2023-02-02;3;1;1;No aplica;11
646;1;2012-04-20;13;4;PERÚ;3;10;3;CEDIF HUARAZ;2023-02-02;3;1;1;No aplica;11
647;2;2021-07-30;4;2;PERÚ;3;10;3;CEDIF HUARAZ;2024-01-03;3;1;1;No aplica;11
647;1;2016-04-27;9;3;VENEZUELA;3;10;3;CEDIF HUARAZ;2023-05-02;3;5;1;No aplica;11
651;2;2016-05-04;9;3;PERÚ;3;10;3;CEDIF HUARAZ;2023-07-14;3;1;2;2026-01-02;2
651;1;2013-08-23;12;4;PERÚ;3;10;3;CEDIF HUARAZ;2023-07-14;3;1;2;2026-01-02;2
662;1;2021-04-15;4;2;PERÚ;3;10;3;CEDIF HUARAZ;2023-06-21;3;1;1;No aplica;11
662;2;2021-04-15;4;2;PERÚ;3;10;3;CEDIF HUARAZ;2023-06-21;3;1;1;No aplica;11
668;1;2012-08-08;13;4;PERÚ;3;10;3;CEDIF HUARAZ;2023-10-20;3;1;2;2026-01-02;8
669;1;2019-09-20;6;3;PERÚ;3;10;3;CEDIF HUARAZ;2023-11-27;3;1;2;2026-01-02;8
673;1;2019-08-12;6;3;PERÚ;3;10;3;CEDIF HUARAZ;2024-01-25;1;1;1;No aplica;11
675;2;2021-04-15;4;2;PERÚ;3;10;3;CEDIF HUARAZ;2024-01-23;1;1;1;No aplica;11
679;2;2021-12-06;4;2;PERÚ;3;10;3;CEDIF HUARAZ;2024-01-12;1;1;1;No aplica;11
679;2;2017-12-20;8;3;PERÚ;3;10;3;CEDIF HUARAZ;2024-01-12;1;1;1;No aplica;11
683;1;2022-03-30;3;2;PERÚ;3;10;3;CEDIF HUARAZ;2025-01-06;3;1;1;No aplica;11
684;2;2020-10-31;5;2;PERÚ;3;10;3;CEDIF HUARAZ;2024-02-02;3;1;1;No aplica;11
684;2;2016-01-18;10;3;PERÚ;3;10;3;CEDIF HUARAZ;2024-02-02;3;1;1;No aplica;11
689;2;2021-03-25;4;2;PERÚ;3;10;3;CEDIF HUARAZ;2024-03-18;3;1;1;No aplica;11
692;2;2021-10-01;4;2;PERÚ;3;10;3;CEDIF HUARAZ;2025-04-21;3;1;1;No aplica;11
692;2;2020-04-18;5;2;PERÚ;3;10;3;CEDIF HUARAZ;2024-03-15;3;1;1;No aplica;11
694;2;2016-08-04;9;3;PERÚ;3;10;3;CEDIF HUARAZ;2023-08-14;3;1;2;2026-01-02;2
694;1;2015-02-19;11;3;PERÚ;3;10;3;CEDIF HUARAZ;2023-08-14;3;1;2;2026-01-02;2
696;2;2020-04-25;5;2;PERÚ;3;10;3;CEDIF HUARAZ;2024-03-12;3;1;1;No aplica;11
697;2;2018-11-21;7;3;PERÚ;3;10;3;CEDIF HUARAZ;2024-03-08;3;1;2;2026-01-02;8
697;2;2014-08-22;11;3;PERÚ;3;10;3;CEDIF HUARAZ;2024-03-08;3;1;2;2026-01-02;8
700;1;2022-01-02;4;2;PERÚ;3;10;3;CEDIF HUARAZ;2024-04-22;3;1;1;No aplica;11
704;1;2021-06-11;4;2;PERÚ;3;10;3;CEDIF HUARAZ;2024-04-01;3;1;1;No aplica;11
713;2;2021-07-15;4;2;PERÚ;3;10;3;CEDIF HUARAZ;2024-07-12;3;1;1;No aplica;11
713;2;2018-02-06;8;3;PERÚ;3;10;3;CEDIF HUARAZ;2024-07-12;3;1;1;No aplica;11
714;2;2022-04-28;3;2;PERÚ;3;10;3;CEDIF HUARAZ;2024-07-17;3;1;2;2026-01-02;8
714;2;2018-11-27;7;3;PERÚ;3;10;3;CEDIF HUARAZ;2025-01-06;3;1;2;2026-01-02;8
714;2;2016-12-22;9;3;PERÚ;3;10;3;CEDIF HUARAZ;2025-01-06;3;1;2;2026-01-02;8
718;1;2021-02-19;5;2;PERÚ;3;10;3;CEDIF HUARAZ;2024-08-20;3;1;1;No aplica;11
721;2;2015-11-03;10;3;PERÚ;3;10;3;CEDIF HUARAZ;2023-05-25;3;1;1;No aplica;11
722;1;2021-01-22;5;2;PERÚ;3;10;3;CEDIF HUARAZ;2024-09-04;3;1;1;No aplica;11
725;2;2020-01-08;6;3;PERÚ;3;10;3;CEDIF HUARAZ;2022-09-13;3;1;2;2026-01-02;1
728;1;2015-04-11;10;3;PERÚ;3;10;3;CEDIF HUARAZ;2025-01-10;3;1;1;No aplica;11
729;1;2014-11-23;11;3;PERÚ;3;10;3;CEDIF HUARAZ;2025-01-10;3;1;1;No aplica;11
732;1;2021-09-03;4;2;PERÚ;3;10;3;CEDIF HUARAZ;2025-01-09;3;1;1;No aplica;11
732;2;2018-07-27;7;3;PERÚ;3;10;3;CEDIF HUARAZ;2025-01-09;3;1;1;No aplica;11
733;2;2012-05-31;13;4;PERÚ;3;10;3;CEDIF HUARAZ;2025-01-06;3;1;1;No aplica;11
733;1;2019-05-02;6;3;PERÚ;3;10;3;CEDIF HUARAZ;2026-01-02;3;1;1;No aplica;11
734;2;2014-08-08;11;3;PERÚ;3;10;3;CEDIF HUARAZ;2025-01-07;3;1;2;2026-01-02;2
734;1;2014-08-08;11;3;PERÚ;3;10;3;CEDIF HUARAZ;2025-01-07;3;1;2;2026-01-02;2
735;2;2022-08-04;3;2;PERÚ;3;10;3;CEDIF HUARAZ;2025-03-03;3;1;1;No aplica;11
735;2;2015-10-21;10;3;PERÚ;3;10;3;CEDIF HUARAZ;2025-01-22;3;1;1;No aplica;11
740;2;2020-09-14;5;2;PERÚ;3;10;3;CEDIF HUARAZ;2025-01-30;3;1;1;No aplica;11
740;2;2016-02-06;10;3;PERÚ;3;10;3;CEDIF HUARAZ;2025-01-30;3;1;1;No aplica;11
741;2;2018-11-01;7;3;PERÚ;3;10;3;CEDIF HUARAZ;2025-01-31;3;1;1;No aplica;11
744;2;2022-06-20;3;2;PERÚ;3;10;3;CEDIF HUARAZ;2025-01-27;3;1;1;No aplica;11
746;1;2023-05-16;2;2;PERÚ;3;10;3;CEDIF HUARAZ;2025-02-03;3;1;1;No aplica;11
746;1;2021-12-11;4;2;PERÚ;3;10;3;CEDIF HUARAZ;2025-02-03;3;1;1;No aplica;11
748;1;2019-08-04;6;3;PERÚ;3;10;3;CEDIF HUARAZ;2025-02-13;3;1;2;2026-01-02;2
748;2;2011-08-31;14;4;PERÚ;3;10;3;CEDIF HUARAZ;2025-02-13;3;1;2;2026-01-02;2
749;2;2023-09-20;2;2;PERÚ;3;10;3;CEDIF HUARAZ;2025-02-03;3;1;1;No aplica;11
749;1;2020-12-08;5;2;PERÚ;3;10;3;CEDIF HUARAZ;2025-02-03;3;1;1;No aplica;11
749;1;2017-06-03;8;3;PERÚ;3;10;3;CEDIF HUARAZ;2025-02-03;3;1;1;No aplica;11
750;2;2022-07-16;3;2;PERÚ;3;10;3;CEDIF HUARAZ;2025-02-03;3;1;2;2026-01-26;1
750;2;2017-11-20;8;3;PERÚ;3;10;3;CEDIF HUARAZ;2025-02-03;3;1;2;2026-01-26;1
752;1;2022-08-16;3;2;PERÚ;3;10;3;CEDIF HUARAZ;2025-02-03;3;1;2;2026-01-02;1
753;2;2015-05-01;10;3;PERÚ;3;10;3;CEDIF HUARAZ;2025-03-26;3;1;1;No aplica;11
754;2;2012-07-24;13;4;PERÚ;3;10;3;CEDIF HUARAZ;2025-03-19;3;1;2;2026-01-02;1
757;1;2016-10-02;9;3;PERÚ;3;10;3;CEDIF HUARAZ;2025-03-13;3;1;1;No aplica;11
758;1;2021-08-13;4;2;PERÚ;3;10;3;CEDIF HUARAZ;2025-03-10;3;1;2;2026-01-02;8
758;1;2019-10-02;6;3;PERÚ;3;10;3;CEDIF HUARAZ;2025-03-10;3;1;2;2026-01-02;8
759;1;2020-02-22;6;3;PERÚ;3;10;3;CEDIF HUARAZ;2025-03-06;3;1;2;2026-01-02;1
760;1;2022-11-06;3;2;PERÚ;3;10;3;CEDIF HUARAZ;2025-03-04;3;1;1;No aplica;11
763;1;2023-07-05;2;2;PERÚ;3;10;3;CEDIF HUARAZ;2025-03-27;3;1;1;No aplica;11
764;2;2016-11-14;9;3;PERÚ;3;10;3;CEDIF HUARAZ;2025-04-01;3;1;2;2026-01-02;8
764;1;2013-07-23;12;4;PERÚ;3;10;3;CEDIF HUARAZ;2025-03-31;3;1;2;2026-01-02;8
764;1;2013-07-23;12;4;PERÚ;3;10;3;CEDIF HUARAZ;2025-03-31;3;1;2;2026-01-02;8
765;2;2021-02-22;5;2;PERÚ;3;10;3;CEDIF HUARAZ;2025-03-18;3;1;2;2026-01-02;1
765;2;2018-09-05;7;3;PERÚ;3;10;3;CEDIF HUARAZ;2025-03-18;3;1;2;2026-01-02;1
766;1;2023-01-26;3;2;PERÚ;3;10;3;CEDIF HUARAZ;2025-03-07;3;1;1;No aplica;11
766;1;2019-11-10;6;3;PERÚ;3;10;3;CEDIF HUARAZ;2025-03-07;3;1;1;No aplica;11
766;1;2017-09-05;8;3;PERÚ;3;10;3;CEDIF HUARAZ;2025-03-07;3;1;1;No aplica;11
767;1;2022-11-26;3;2;PERÚ;3;10;3;CEDIF HUARAZ;2025-03-03;3;1;1;No aplica;11
767;1;2013-08-18;12;4;PERÚ;3;10;3;CEDIF HUARAZ;2025-03-03;3;1;2;2026-01-02;1
771;1;2017-07-12;8;3;PERÚ;3;10;3;CEDIF HUARAZ;2025-04-07;3;1;2;2026-01-02;1
771;1;2013-11-14;12;4;PERÚ;3;10;3;CEDIF HUARAZ;2025-04-07;3;1;2;2026-01-02;1
771;2;2011-03-18;14;4;PERÚ;3;10;3;CEDIF HUARAZ;2025-04-07;3;1;2;2026-01-02;1
771;2;2009-07-28;16;4;PERÚ;3;10;3;CEDIF HUARAZ;2025-04-07;3;1;2;2026-01-02;1
772;1;2016-06-13;9;3;PERÚ;3;10;3;CEDIF HUARAZ;2025-04-07;3;1;2;2026-01-02;2
776;2;2022-07-27;3;2;PERÚ;3;10;3;CEDIF HUARAZ;2025-04-01;3;1;1;No aplica;11
777;2;2023-05-15;2;2;PERÚ;3;10;3;CEDIF HUARAZ;2025-05-23;3;1;1;No aplica;11
779;2;2013-09-13;12;4;PERÚ;3;10;3;CEDIF HUARAZ;2025-05-19;1;1;2;2026-01-02;2
784;2;2019-03-26;6;3;PERÚ;3;10;3;CEDIF HUARAZ;2025-05-28;3;1;2;2026-01-02;1
784;1;2016-10-13;9;3;PERÚ;3;10;3;CEDIF HUARAZ;2025-05-28;3;1;2;2026-01-02;1
786;1;2010-10-01;15;4;PERÚ;3;10;3;CEDIF HUARAZ;2025-06-25;3;1;2;2026-01-02;2
789;1;2016-12-02;9;3;PERÚ;3;10;3;CEDIF HUARAZ;2025-06-23;3;1;1;No aplica;11
791;1;2015-06-03;10;3;PERÚ;3;10;3;CEDIF HUARAZ;2025-06-12;3;1;2;2026-01-02;2
792;2;2022-06-19;3;2;PERÚ;3;10;3;CEDIF HUARAZ;2025-06-11;3;1;2;2026-01-02;2
793;1;2022-09-29;3;2;PERÚ;3;10;3;CEDIF HUARAZ;2025-06-09;3;1;2;2026-01-02;2
795;1;2022-03-26;3;2;PERÚ;3;10;3;CEDIF HUARAZ;2024-02-07;3;1;1;No aplica;11
795;2;2016-02-27;10;3;PERÚ;3;10;3;CEDIF HUARAZ;2024-02-07;3;1;1;No aplica;11
797;1;2013-09-03;12;4;PERÚ;3;10;3;CEDIF HUARAZ;2025-09-01;3;1;2;2026-01-02;1
797;1;2011-11-11;14;4;PERÚ;3;10;3;CEDIF HUARAZ;2025-09-01;3;1;2;2026-01-02;1
798;1;2016-10-08;9;3;PERÚ;3;10;3;CEDIF HUARAZ;2025-09-01;7;1;1;No aplica;11
798;1;2013-06-13;12;4;PERÚ;3;10;3;CEDIF HUARAZ;2025-09-01;7;1;1;No aplica;11
799;2;2014-01-19;12;4;PERÚ;3;10;3;CEDIF HUARAZ;2025-09-01;1;1;1;No aplica;11
800;2;2013-06-13;12;4;PERÚ;3;10;3;CEDIF HUARAZ;2025-09-01;1;1;1;No aplica;11
801;2;2017-02-11;9;3;PERÚ;3;10;3;CEDIF HUARAZ;2025-09-01;1;1;1;No aplica;11
801;2;2014-11-08;11;3;PERÚ;3;10;3;CEDIF HUARAZ;2025-09-01;1;1;1;No aplica;11
802;2;2017-04-06;8;3;VENEZUELA;3;10;3;CEDIF HUARAZ;2025-09-29;1;5;2;2026-01-02;1
802;2;2015-04-10;10;3;VENEZUELA;3;10;3;CEDIF HUARAZ;2025-09-29;1;5;2;2026-01-02;1
803;2;2017-06-10;8;3;VENEZUELA;3;10;3;CEDIF HUARAZ;2025-09-30;1;5;2;2026-01-02;1
804;1;2022-11-10;3;2;PERÚ;3;10;3;CEDIF HUARAZ;2025-09-26;1;1;1;No aplica;11
805;2;2010-08-24;15;4;PERÚ;3;10;3;CEDIF HUARAZ;2025-09-23;1;2;1;No aplica;11
805;1;2009-02-11;17;4;PERÚ;3;10;3;CEDIF HUARAZ;2025-09-30;1;2;2;2026-01-02;1
806;2;2010-01-16;16;4;PERÚ;3;10;3;CEDIF HUARAZ;2025-09-04;1;1;2;2026-01-02;2
807;1;2022-08-27;3;2;PERÚ;3;10;3;CEDIF HUARAZ;2025-09-01;3;1;1;No aplica;11
808;1;2016-02-29;9;3;PERÚ;3;10;3;CEDIF HUARAZ;2025-10-28;1;1;1;No aplica;11
810;1;2016-02-29;9;3;PERÚ;3;10;3;CEDIF HUARAZ;2025-10-24;1;1;1;No aplica;11
810;1;2012-04-27;13;4;PERÚ;3;10;3;CEDIF HUARAZ;2025-10-24;1;1;1;No aplica;11
812;2;2015-12-09;10;3;PERÚ;3;10;3;CEDIF HUARAZ;2025-10-22;1;1;1;No aplica;11
812;1;2013-01-21;13;4;PERÚ;3;10;3;CEDIF HUARAZ;2025-10-22;1;1;1;No aplica;11
812;1;2022-12-15;3;2;PERÚ;3;10;3;CEDIF HUARAZ;2026-01-02;1;1;1;No aplica;11
813;1;2015-06-18;10;3;PERÚ;3;10;3;CEDIF HUARAZ;2025-10-22;1;1;1;No aplica;11
813;2;2015-06-18;10;3;PERÚ;3;10;3;CEDIF HUARAZ;2025-10-22;1;1;1;No aplica;11
814;1;2016-09-17;9;3;PERÚ;3;10;3;CEDIF HUARAZ;2025-10-21;1;1;2;2026-01-02;2
814;1;2015-05-14;10;3;PERÚ;3;10;3;CEDIF HUARAZ;2025-10-21;1;1;2;2026-01-02;2
815;1;2016-03-29;9;3;PERÚ;3;10;3;CEDIF HUARAZ;2025-11-03;1;1;2;2026-01-02;2
816;2;2022-10-31;3;2;PERÚ;3;10;3;CEDIF HUARAZ;2025-11-07;1;1;1;No aplica;11
817;1;2015-10-22;10;3;PERÚ;3;10;3;CEDIF HUARAZ;2025-11-07;1;1;1;No aplica;11
817;1;2013-03-26;12;4;PERÚ;3;10;3;CEDIF HUARAZ;2025-11-07;1;1;1;No aplica;11
818;1;2018-10-06;7;3;PERÚ;3;10;3;CEDIF HUARAZ;2026-01-22;1;1;1;No aplica;11
818;2;2010-08-26;15;4;PERÚ;3;10;3;CEDIF HUARAZ;2026-01-22;1;1;1;No aplica;11
819;1;2023-04-08;2;2;PERÚ;3;10;3;CEDIF HUARAZ;2026-01-19;1;1;1;No aplica;11
819;1;2023-04-08;2;2;PERÚ;3;10;3;CEDIF HUARAZ;2026-01-19;1;1;1;No aplica;11
820;2;2023-05-07;2;2;PERÚ;3;10;3;CEDIF HUARAZ;2026-01-19;1;1;1;No aplica;11
821;1;2024-01-04;2;2;PERÚ;3;10;3;CEDIF HUARAZ;2026-01-19;1;1;1;No aplica;11
822;2;2015-01-26;11;3;PERÚ;3;10;3;CEDIF HUARAZ;2026-01-16;1;1;1;No aplica;11
822;1;2015-01-26;11;3;PERÚ;3;10;3;CEDIF HUARAZ;2026-01-16;1;1;1;No aplica;11
823;2;2021-03-26;4;2;PERÚ;3;10;3;CEDIF HUARAZ;2026-01-16;1;1;1;No aplica;11
823;1;2017-06-25;8;3;PERÚ;3;10;3;CEDIF HUARAZ;2026-01-16;1;1;1;No aplica;11
823;2;2013-03-04;12;4;PERÚ;3;10;3;CEDIF HUARAZ;2026-01-16;1;1;1;No aplica;11
824;2;2020-02-04;6;3;PERÚ;3;10;3;CEDIF HUARAZ;2026-01-15;1;1;1;No aplica;11
824;2;2015-09-10;10;3;PERÚ;3;10;3;CEDIF HUARAZ;2026-01-15;1;1;1;No aplica;11
825;2;2017-07-24;8;3;PERÚ;3;10;3;CEDIF HUARAZ;2026-01-15;1;1;1;No aplica;11
826;1;2023-04-17;2;2;PERÚ;3;10;3;CEDIF HUARAZ;2026-01-14;1;1;1;No aplica;11
827;2;2018-01-19;8;3;PERÚ;3;10;3;CEDIF HUARAZ;2026-01-07;1;1;1;No aplica;11
827;2;2023-12-29;2;2;PERÚ;3;10;3;CEDIF HUARAZ;2026-01-07;1;1;1;No aplica;11
828;2;2011-07-19;14;4;PERÚ;3;10;3;CEDIF HUARAZ;2026-01-02;1;1;1;No aplica;11
829;1;2023-03-04;2;2;PERÚ;3;10;3;CEDIF HUARAZ;2026-01-07;1;1;1;No aplica;11
121000008;2;2021-12-10;4;2;PERÚ;3;10;7;CEDIF TAHUANTINSUYO;2023-02-01;1;1;1;No aplica;11
121000607;2;2019-03-26;6;3;COLOMBIA;3;10;7;CEDIF TAHUANTINSUYO;2023-01-03;1;5;1;No aplica;11
121000607;1;2016-03-02;9;3;VENEZUELA;3;10;7;CEDIF TAHUANTINSUYO;2023-01-03;1;5;1;No aplica;11
121000590;2;2018-04-21;7;3;PERÚ;3;10;7;CEDIF TAHUANTINSUYO;2023-01-15;1;1;2;2026-01-05;1
121000466;1;2018-02-19;8;3;PERÚ;1;10;7;CEDIF TAHUANTINSUYO;2021-04-01;2;1;2;2026-02-27;5
121000484;1;2012-10-29;13;4;PERÚ;3;10;7;CEDIF TAHUANTINSUYO;2022-08-01;1;1;1;No aplica;11
121000657;2;2022-02-19;4;2;PERÚ;3;10;7;CEDIF TAHUANTINSUYO;2023-05-22;1;1;2;2026-02-20;5
121000661;2;2013-08-28;12;4;PERÚ;3;10;7;CEDIF TAHUANTINSUYO;2023-05-01;1;1;1;No aplica;11
121000661;2;2016-03-13;9;3;PERÚ;3;10;7;CEDIF TAHUANTINSUYO;2023-05-01;1;1;1;No aplica;11
121000668;1;2022-04-22;3;2;PERÚ;3;10;7;CEDIF TAHUANTINSUYO;2023-07-01;1;2;2;2026-02-20;5
121000685;2;2019-09-03;6;3;PERÚ;3;10;7;CEDIF TAHUANTINSUYO;2024-01-05;1;1;1;No aplica;11
121000685;1;2015-04-30;10;3;PERÚ;3;10;7;CEDIF TAHUANTINSUYO;2024-01-12;1;1;1;No aplica;11
121000685;1;2012-10-21;13;4;PERÚ;3;10;7;CEDIF TAHUANTINSUYO;2024-01-12;1;1;1;No aplica;11
121000484;2;2016-10-21;9;3;PERÚ;3;10;7;CEDIF TAHUANTINSUYO;2024-01-12;1;1;1;No aplica;11
121000696;2;2021-06-05;4;2;PERÚ;3;10;7;CEDIF TAHUANTINSUYO;2024-02-20;1;1;1;No aplica;11
121000696;2;2018-04-02;7;3;PERÚ;3;10;7;CEDIF TAHUANTINSUYO;2024-02-20;1;1;1;No aplica;11
121000696;2;2010-04-10;15;4;PERÚ;3;10;7;CEDIF TAHUANTINSUYO;2024-02-20;1;1;1;No aplica;11
121000696;2;2008-04-27;17;4;PERÚ;3;10;7;CEDIF TAHUANTINSUYO;2024-02-20;1;1;2;2026-01-05;1
121000701;1;2014-09-13;11;3;VENEZUELA;3;10;7;CEDIF TAHUANTINSUYO;2024-03-20;1;5;1;No aplica;11
121000703;2;2016-01-26;10;3;PERÚ;3;10;7;CEDIF TAHUANTINSUYO;2024-03-14;1;1;1;No aplica;11
121000708;1;2022-08-26;3;2;PERÚ;3;10;7;CEDIF TAHUANTINSUYO;2024-03-14;1;2;1;No aplica;11
121000692;1;2021-03-20;4;2;PERÚ;3;10;7;CEDIF TAHUANTINSUYO;2024-03-21;1;1;1;No aplica;11
121000717;2;2011-01-30;15;4;PERÚ;3;10;7;CEDIF TAHUANTINSUYO;2024-04-01;1;1;1;No aplica;11
121000721;2;2015-03-18;10;3;PERÚ;3;10;7;CEDIF TAHUANTINSUYO;2024-04-04;1;1;1;No aplica;11
121000703;2;2010-10-06;15;4;PERÚ;3;10;7;CEDIF TAHUANTINSUYO;2023-06-10;1;1;1;No aplica;11
121000738;1;2022-10-17;3;2;PERÚ;3;10;7;CEDIF TAHUANTINSUYO;2024-10-01;1;1;1;No aplica;11
121000739;1;2022-09-24;3;2;PERÚ;3;10;7;CEDIF TAHUANTINSUYO;2024-10-11;1;1;1;No aplica;11
121000607;2;2022-07-27;3;2;PERÚ;3;10;7;CEDIF TAHUANTINSUYO;2024-10-28;1;1;1;No aplica;11
121000741;2;2022-05-08;3;2;PERÚ;3;10;7;CEDIF TAHUANTINSUYO;2024-10-15;1;1;1;No aplica;11
121000742;2;2022-05-27;3;2;ITALIA;3;10;7;CEDIF TAHUANTINSUYO;2024-10-09;1;1;1;No aplica;11
121000744;2;2022-10-04;3;2;PERÚ;3;10;7;CEDIF TAHUANTINSUYO;2024-11-01;1;2;1;No aplica;11
121000745;2;2022-06-04;3;2;PERÚ;3;10;7;CEDIF TAHUANTINSUYO;2024-11-01;1;2;1;No aplica;11
121000746;1;2019-11-08;6;3;PERÚ;3;10;7;CEDIF TAHUANTINSUYO;2024-11-14;1;1;1;No aplica;11
121000746;2;2017-04-21;8;3;PERÚ;3;10;7;CEDIF TAHUANTINSUYO;2024-11-14;1;1;1;No aplica;11
121000692;2;2022-11-16;3;2;PERÚ;3;10;7;CEDIF TAHUANTINSUYO;2025-01-02;1;1;1;No aplica;11
121000751;1;2016-06-16;9;3;PERÚ;3;10;7;CEDIF TAHUANTINSUYO;2025-01-09;1;2;1;No aplica;11
121000713;1;2011-04-12;14;4;VENEZUELA;3;10;7;CEDIF TAHUANTINSUYO;2025-01-08;1;1;1;No aplica;11
121000752;2;2021-12-07;4;2;PERÚ;3;10;7;CEDIF TAHUANTINSUYO;2025-01-07;1;2;1;No aplica;11
121000752;2;2017-12-19;8;3;PERÚ;3;10;7;CEDIF TAHUANTINSUYO;2025-01-08;1;2;1;No aplica;11
121000753;2;2018-07-07;7;3;PERÚ;3;10;7;CEDIF TAHUANTINSUYO;2025-01-13;1;1;1;No aplica;11
121000754;1;2017-02-07;9;3;PERÚ;3;10;7;CEDIF TAHUANTINSUYO;2025-01-13;1;1;1;No aplica;11
121000755;1;2022-03-20;3;2;PERÚ;3;10;7;CEDIF TAHUANTINSUYO;2025-01-08;1;1;1;No aplica;11
121000756;2;2021-06-10;4;2;PERÚ;3;10;7;CEDIF TAHUANTINSUYO;2025-02-03;1;1;1;No aplica;11
121000758;2;2023-04-19;2;2;PERÚ;3;10;7;CEDIF TAHUANTINSUYO;2025-02-25;1;1;2;2026-01-05;1
121000758;2;2017-11-04;8;3;PERÚ;3;10;7;CEDIF TAHUANTINSUYO;2025-02-25;1;1;2;2026-01-05;1
121000758;1;2014-01-19;12;4;PERÚ;3;10;7;CEDIF TAHUANTINSUYO;2025-02-26;1;1;2;2026-01-05;1
121000759;1;2022-07-16;3;2;PERÚ;3;10;7;CEDIF TAHUANTINSUYO;2025-02-07;1;1;1;No aplica;11
121000760;2;2016-12-18;9;3;PERÚ;3;10;7;CEDIF TAHUANTINSUYO;2025-02-13;1;1;1;No aplica;11
121000760;2;2012-10-25;13;4;PERÚ;3;10;7;CEDIF TAHUANTINSUYO;2025-02-13;1;1;1;No aplica;11
121000761;1;2023-03-19;2;2;PERÚ;3;10;7;CEDIF TAHUANTINSUYO;2025-02-06;1;2;1;No aplica;11
121000761;1;2016-12-28;9;3;PERÚ;3;10;7;CEDIF TAHUANTINSUYO;2025-02-05;1;2;1;No aplica;11
121000763;2;2019-07-24;6;3;PERÚ;3;10;7;CEDIF TAHUANTINSUYO;2025-02-10;1;1;1;No aplica;11
121000764;1;2017-05-18;8;3;VENEZUELA;3;10;7;CEDIF TAHUANTINSUYO;2025-02-05;1;1;2;2026-01-20;1
121000766;1;2022-10-26;3;2;PERÚ;3;10;7;CEDIF TAHUANTINSUYO;2025-02-14;1;2;1;No aplica;11
121000767;1;2020-09-09;5;2;PERÚ;3;10;7;CEDIF TAHUANTINSUYO;2025-02-27;1;1;1;No aplica;11
121000771;1;2022-02-07;4;2;COLOMBIA;3;10;7;CEDIF TAHUANTINSUYO;2025-03-05;1;1;1;No aplica;11
121000746;1;2023-05-24;2;2;PERÚ;3;10;7;CEDIF TAHUANTINSUYO;2025-03-27;1;1;1;No aplica;11
121000777;2;2022-11-27;3;2;PERÚ;3;10;7;CEDIF TAHUANTINSUYO;2025-03-17;1;1;2;2026-01-05;1
121000781;1;2022-12-16;3;2;PERÚ;3;10;7;CEDIF TAHUANTINSUYO;2025-03-17;1;1;1;No aplica;11
121000781;2;2018-07-20;7;3;PERÚ;3;10;7;CEDIF TAHUANTINSUYO;2025-03-17;1;1;1;No aplica;11
121000781;2;2012-08-09;13;4;PERÚ;3;10;7;CEDIF TAHUANTINSUYO;2025-03-17;1;1;1;No aplica;11
121000781;1;2018-07-20;7;3;PERÚ;3;10;7;CEDIF TAHUANTINSUYO;2025-03-17;1;1;1;No aplica;11
121000783;1;2017-03-02;8;3;PERÚ;3;10;7;CEDIF TAHUANTINSUYO;2025-03-24;1;1;1;No aplica;11
121000784;2;2013-11-25;12;4;PERÚ;3;10;7;CEDIF TAHUANTINSUYO;2025-04-02;1;1;1;No aplica;11
121000764;1;2019-08-29;6;3;PERÚ;3;10;7;CEDIF TAHUANTINSUYO;2025-04-16;1;1;2;2026-01-20;1
121000788;2;2021-05-18;4;2;PERÚ;3;10;7;CEDIF TAHUANTINSUYO;2025-04-01;1;1;1;No aplica;11
121000789;1;2021-08-09;4;2;PERÚ;3;10;7;CEDIF TAHUANTINSUYO;2025-04-09;1;1;1;No aplica;11
121000791;1;2023-01-19;3;2;PERÚ;3;10;7;CEDIF TAHUANTINSUYO;2025-04-14;1;1;1;No aplica;11
121000792;1;2023-05-12;2;2;PERÚ;3;10;7;CEDIF TAHUANTINSUYO;2025-04-10;1;1;1;No aplica;11
121000793;2;2013-09-09;12;4;PERÚ;3;10;7;CEDIF TAHUANTINSUYO;2025-04-01;1;1;1;No aplica;11
121000793;2;2018-08-28;7;3;PERÚ;3;10;7;CEDIF TAHUANTINSUYO;2025-04-01;1;1;1;No aplica;11
121000745;2;2013-07-02;12;4;PERÚ;3;10;7;CEDIF TAHUANTINSUYO;2025-05-02;1;2;1;No aplica;11
121000794;1;2019-01-29;7;3;PERÚ;3;10;7;CEDIF TAHUANTINSUYO;2025-05-02;1;1;1;No aplica;11
121000795;1;2016-07-04;9;3;PERÚ;3;10;7;CEDIF TAHUANTINSUYO;2025-05-14;1;1;1;No aplica;11
121000798;1;2019-05-04;6;3;PERÚ;3;10;7;CEDIF TAHUANTINSUYO;2025-07-14;1;1;1;No aplica;11
121000800;2;2022-01-11;4;2;PERÚ;3;10;7;CEDIF TAHUANTINSUYO;2025-08-07;1;1;1;No aplica;11
121000801;1;2014-05-07;11;3;PERÚ;3;10;7;CEDIF TAHUANTINSUYO;2025-08-01;1;1;1;No aplica;11
121000801;1;2020-01-07;6;3;PERÚ;3;10;7;CEDIF TAHUANTINSUYO;2025-08-01;1;1;1;No aplica;11
121000692;1;2013-01-03;13;4;PERÚ;3;10;7;CEDIF TAHUANTINSUYO;2024-02-20;1;1;1;No aplica;11
121000692;2;2011-01-08;15;4;PERÚ;3;10;7;CEDIF TAHUANTINSUYO;2024-02-20;1;1;1;No aplica;11
121000692;1;2019-03-25;6;3;PERÚ;3;10;7;CEDIF TAHUANTINSUYO;2024-02-20;1;1;1;No aplica;11
121000755;1;2009-05-13;16;4;PERÚ;3;10;7;CEDIF TAHUANTINSUYO;2025-09-01;1;1;1;No aplica;11
121000717;1;2009-01-06;17;4;PERÚ;3;10;7;CEDIF TAHUANTINSUYO;2025-10-01;1;1;2;2026-01-05;1
121000802;1;2022-06-23;3;2;PERÚ;3;10;7;CEDIF TAHUANTINSUYO;2025-10-17;1;1;1;No aplica;11
121000802;2;2015-07-18;10;3;PERÚ;3;10;7;CEDIF TAHUANTINSUYO;2025-10-17;1;1;1;No aplica;11
121000803;2;2023-08-01;2;2;PERÚ;3;10;7;CEDIF TAHUANTINSUYO;2025-11-10;1;1;1;No aplica;11
121000804;2;2023-07-21;2;2;PERÚ;3;10;7;CEDIF TAHUANTINSUYO;2025-11-03;1;1;1;No aplica;11
121000805;1;2022-02-25;4;2;PERÚ;3;10;7;CEDIF TAHUANTINSUYO;2025-12-01;1;1;2;2026-02-02;2
121000806;2;2020-03-25;5;2;PERÚ;3;10;7;CEDIF TAHUANTINSUYO;2026-01-16;1;1;1;No aplica;11
121000807;2;2022-03-16;3;2;PERÚ;3;10;7;CEDIF TAHUANTINSUYO;2026-01-02;1;1;1;No aplica;11
121000808;2;2023-10-12;2;2;PERÚ;3;10;7;CEDIF TAHUANTINSUYO;2026-01-14;1;1;1;No aplica;11
121000809;1;2023-06-19;2;2;PERÚ;3;10;7;CEDIF TAHUANTINSUYO;2026-01-12;1;1;1;No aplica;11
121000810;2;2024-01-26;2;2;PERÚ;3;10;7;CEDIF TAHUANTINSUYO;2026-01-14;1;1;1;No aplica;11
121000811;2;2013-07-01;12;4;PERÚ;3;10;7;CEDIF TAHUANTINSUYO;2026-01-27;1;1;1;No aplica;11
121000811;1;2022-12-13;3;2;PERÚ;3;10;7;CEDIF TAHUANTINSUYO;2026-01-27;1;1;1;No aplica;11
121001259;1;2022-08-11;3;2;PERÚ;3;10;7;CEDIF TAHUANTINSUYO;2024-03-01;1;1;1;No aplica;11
121001280;1;2012-05-23;13;4;PERÚ;3;10;7;CEDIF TAHUANTINSUYO;2024-03-01;1;1;1;No aplica;11
121001281;2;2016-06-22;9;3;PERÚ;3;10;7;CEDIF TAHUANTINSUYO;2024-04-08;1;1;1;No aplica;11
121001281;2;2014-09-18;11;3;PERÚ;3;10;7;CEDIF TAHUANTINSUYO;2024-04-08;1;1;1;No aplica;11
121001280;2;2022-03-30;3;2;PERÚ;3;10;7;CEDIF TAHUANTINSUYO;2024-04-08;1;1;1;No aplica;11
121001284;2;2017-01-16;9;3;PERÚ;3;10;7;CEDIF TAHUANTINSUYO;2024-05-13;1;1;2;2026-02-23;1
121001284;2;2013-11-05;12;4;PERÚ;3;10;7;CEDIF TAHUANTINSUYO;2024-05-13;1;1;2;2026-02-23;1
121001287;2;2014-05-21;11;3;PERÚ;3;10;7;CEDIF TAHUANTINSUYO;2024-08-01;1;1;1;No aplica;11
121001290;1;2015-09-12;10;3;PERÚ;3;10;7;CEDIF TAHUANTINSUYO;2024-08-01;1;2;1;No aplica;11
121001290;2;2013-12-05;12;4;PERÚ;3;10;7;CEDIF TAHUANTINSUYO;2024-08-01;1;2;1;No aplica;11
121001294;1;2021-10-10;4;2;PERÚ;3;10;7;CEDIF TAHUANTINSUYO;2024-11-01;1;1;1;No aplica;11
121001296;1;2022-11-10;3;2;PERÚ;3;10;7;CEDIF TAHUANTINSUYO;2024-12-02;1;1;1;No aplica;11
121001297;2;2011-04-21;14;4;PERÚ;3;10;7;CEDIF TAHUANTINSUYO;2025-01-02;1;1;2;2026-01-05;1
121001298;1;2013-04-03;12;4;PERÚ;3;10;7;CEDIF TAHUANTINSUYO;2025-02-03;1;1;1;No aplica;11
121001302;2;2012-07-07;13;4;PERÚ;3;10;7;CEDIF TAHUANTINSUYO;2025-03-03;1;1;1;No aplica;11
121001303;1;2022-05-25;3;2;PERÚ;3;10;7;CEDIF TAHUANTINSUYO;2025-03-03;1;1;1;No aplica;11
121001306;2;2023-02-11;3;2;PERÚ;3;10;7;CEDIF TAHUANTINSUYO;2025-04-01;1;1;2;2026-01-05;1
121001307;2;2023-05-23;2;2;PERÚ;3;10;7;CEDIF TAHUANTINSUYO;2025-04-01;1;1;2;2026-01-05;1
121001308;1;2022-08-14;3;2;PERÚ;3;10;7;CEDIF TAHUANTINSUYO;2025-04-02;1;1;2;2026-01-05;1
121001309;1;2023-03-06;2;2;PERÚ;3;10;7;CEDIF TAHUANTINSUYO;2025-04-01;1;1;2;2026-01-05;1
121001310;1;2019-08-30;6;3;PERÚ;3;10;7;CEDIF TAHUANTINSUYO;2025-04-01;1;1;2;2026-02-19;1
121001310;1;2019-08-31;6;3;PERÚ;3;10;7;CEDIF TAHUANTINSUYO;2025-04-01;1;1;2;2026-02-19;1
121001259;1;2020-05-17;5;2;PERÚ;3;10;7;CEDIF TAHUANTINSUYO;2025-04-02;1;1;1;No aplica;11
121001311;1;2022-07-17;3;2;PERÚ;3;10;7;CEDIF TAHUANTINSUYO;2025-04-01;1;1;1;No aplica;11
121001311;1;2020-04-28;5;2;PERÚ;3;10;7;CEDIF TAHUANTINSUYO;2025-04-01;1;1;1;No aplica;11
121001313;1;2022-08-17;3;2;PERÚ;3;10;7;CEDIF TAHUANTINSUYO;2025-05-08;1;1;1;No aplica;11
121001314;2;2020-12-06;5;2;PERÚ;3;10;7;CEDIF TAHUANTINSUYO;2025-05-15;1;1;1;No aplica;11
121001314;1;2014-02-10;12;4;PERÚ;3;10;7;CEDIF TAHUANTINSUYO;2025-05-15;1;1;1;No aplica;11
121001315;1;2022-05-19;3;2;PERÚ;3;10;7;CEDIF TAHUANTINSUYO;2025-05-09;1;1;1;No aplica;11
121001315;2;2020-08-26;5;2;COLOMBIA;3;10;7;CEDIF TAHUANTINSUYO;2025-05-09;1;1;2;2026-01-02;1
121001316;2;2022-01-14;4;2;PERÚ;3;10;7;CEDIF TAHUANTINSUYO;2025-06-01;1;1;1;No aplica;11
121001316;2;2014-06-19;11;3;PERÚ;3;10;7;CEDIF TAHUANTINSUYO;2025-06-01;1;1;1;No aplica;11
121001317;2;2019-06-21;6;3;PERÚ;3;10;7;CEDIF TAHUANTINSUYO;2025-06-01;1;1;1;No aplica;11
121001317;2;2013-03-06;12;4;PERÚ;3;10;7;CEDIF TAHUANTINSUYO;2025-06-01;1;1;1;No aplica;11
121001318;2;2019-01-18;7;3;PERÚ;3;10;7;CEDIF TAHUANTINSUYO;2025-08-01;1;1;1;No aplica;11
121001318;2;2017-04-06;8;3;PERÚ;3;10;7;CEDIF TAHUANTINSUYO;2025-08-01;1;1;1;No aplica;11
121001318;1;2014-07-29;11;3;PERÚ;3;10;7;CEDIF TAHUANTINSUYO;2025-08-01;1;1;1;No aplica;11
121001319;2;2021-03-26;4;2;PERÚ;3;10;7;CEDIF TAHUANTINSUYO;2025-08-01;1;1;1;No aplica;11
121001320;1;2021-08-08;4;2;PERÚ;3;10;7;CEDIF TAHUANTINSUYO;2025-08-01;1;1;1;No aplica;11
121001321;1;2023-02-10;3;2;PERÚ;3;10;7;CEDIF TAHUANTINSUYO;2025-09-01;1;1;2;2026-01-05;1
121001323;1;2023-07-04;2;2;PERÚ;3;10;7;CEDIF TAHUANTINSUYO;2025-09-01;1;1;1;No aplica;11
121001323;1;2018-11-20;7;3;PERÚ;3;10;7;CEDIF TAHUANTINSUYO;2025-09-01;1;1;1;No aplica;11
121001324;2;2022-09-05;3;2;PERÚ;3;10;7;CEDIF TAHUANTINSUYO;2025-09-01;1;1;1;No aplica;11
121001324;1;2016-04-01;9;3;PERÚ;3;10;7;CEDIF TAHUANTINSUYO;2025-09-01;1;1;1;No aplica;11
121001326;2;2014-05-13;11;3;PERÚ;3;10;7;CEDIF TAHUANTINSUYO;2025-10-01;1;1;1;No aplica;11
121001311;1;2010-05-28;15;4;PERÚ;3;10;7;CEDIF TAHUANTINSUYO;2025-10-01;1;1;1;No aplica;11
121001328;2;2016-07-14;9;3;PERÚ;3;10;7;CEDIF TAHUANTINSUYO;2025-11-05;1;1;1;No aplica;11
121001328;1;2014-07-07;11;3;PERÚ;3;10;7;CEDIF TAHUANTINSUYO;2025-11-05;1;1;1;No aplica;11
121001330;2;2020-12-16;5;2;PERÚ;3;10;7;CEDIF TAHUANTINSUYO;2025-11-05;1;1;2;2026-01-28;1
121001287;1;2023-03-02;2;2;PERÚ;3;10;7;CEDIF TAHUANTINSUYO;2025-12-01;1;1;2;2026-01-05;1
121001331;1;2019-06-05;6;3;PERÚ;3;10;7;CEDIF TAHUANTINSUYO;2026-01-13;1;1;1;No aplica;11
121001331;2;2014-07-07;11;3;PERÚ;3;10;7;CEDIF TAHUANTINSUYO;2026-01-13;1;1;1;No aplica;11
121001332;2;2022-10-26;3;2;PERÚ;3;10;7;CEDIF TAHUANTINSUYO;2026-01-19;1;1;2;2026-02-26;1
121001333;1;2015-10-13;10;3;PERÚ;3;10;7;CEDIF TAHUANTINSUYO;2026-01-16;1;2;2;2026-02-19;1
121001334;2;2020-11-03;5;2;PERÚ;3;10;7;CEDIF TAHUANTINSUYO;2026-01-13;1;1;1;No aplica;11
120200486;1;2014-07-03;11;3;PERÚ;3;10;7;CEDIF COLLIQUE;2023-02-01;1;1;2;2026-02-06;1
120200548;1;2021-12-08;4;2;PERÚ;3;10;7;CEDIF COLLIQUE;2024-01-15;1;1;1;No aplica;11
120200530;2;2021-05-31;4;2;COLOMBIA;3;10;7;CEDIF COLLIQUE;2023-06-05;1;1;1;No aplica;11
120200530;1;2019-11-05;6;3;COLOMBIA;3;10;7;CEDIF COLLIQUE;2023-06-05;1;1;1;No aplica;11
120200468;2;2020-04-28;5;2;PERÚ;3;10;7;CEDIF COLLIQUE;2023-01-30;1;2;1;No aplica;11
120200477;2;2021-12-22;4;2;PERÚ;3;10;7;CEDIF COLLIQUE;2024-01-08;1;1;1;No aplica;11
120200477;2;2018-06-23;7;3;PERÚ;3;10;7;CEDIF COLLIQUE;2023-02-02;1;1;1;No aplica;11
120200477;2;2014-04-19;11;3;PERÚ;3;10;7;CEDIF COLLIQUE;2023-02-02;1;1;1;No aplica;11
120200478;2;2020-07-17;5;2;PERÚ;3;10;7;CEDIF COLLIQUE;2023-02-09;1;1;1;No aplica;11
120200415;2;2018-08-10;7;3;PERÚ;3;10;7;CEDIF COLLIQUE;2023-02-17;1;2;1;No aplica;11
120200469;1;2019-06-04;6;3;PERÚ;3;10;7;CEDIF COLLIQUE;2023-01-30;1;2;1;No aplica;11
120200544;2;2014-12-31;11;3;PERÚ;3;10;7;CEDIF COLLIQUE;2023-11-08;1;1;1;No aplica;11
120200558;2;2016-08-01;9;3;PERÚ;3;10;7;CEDIF COLLIQUE;2024-01-23;1;1;1;No aplica;11
120200558;2;2014-04-01;11;3;PERÚ;3;10;7;CEDIF COLLIQUE;2024-01-23;1;1;1;No aplica;11
120200560;1;2021-08-22;4;2;PERÚ;3;10;7;CEDIF COLLIQUE;2024-01-29;1;1;1;No aplica;11
120200480;1;2019-02-23;7;3;PERÚ;3;10;7;CEDIF COLLIQUE;2023-02-13;1;1;2;2026-02-02;1
120200563;1;2021-07-07;4;2;PERÚ;3;10;7;CEDIF COLLIQUE;2024-02-01;1;1;1;No aplica;11
120200565;1;2021-07-16;4;2;PERÚ;3;10;7;CEDIF COLLIQUE;2024-02-05;1;1;1;No aplica;11
120200566;2;2021-02-12;5;2;PERÚ;3;10;7;CEDIF COLLIQUE;2024-02-06;1;1;1;No aplica;11
120200572;2;2021-10-05;4;2;PERÚ;3;10;7;CEDIF COLLIQUE;2024-02-15;1;1;1;No aplica;11
120200583;2;2021-04-25;4;2;PERÚ;3;10;7;CEDIF COLLIQUE;2024-03-11;1;1;1;No aplica;11
120200583;1;2011-10-12;14;4;PERÚ;3;10;7;CEDIF COLLIQUE;2024-03-11;1;1;1;No aplica;11
120200588;1;2021-04-06;4;2;PERÚ;3;10;7;CEDIF COLLIQUE;2024-03-11;1;2;1;No aplica;11
120200588;1;2013-10-07;12;4;PERÚ;3;10;7;CEDIF COLLIQUE;2024-03-11;1;1;1;No aplica;11
120200591;2;2021-06-05;4;2;PERÚ;3;10;7;CEDIF COLLIQUE;2024-04-03;1;1;1;No aplica;11
120200591;2;2014-08-18;11;3;PERÚ;3;10;7;CEDIF COLLIQUE;2024-04-03;1;1;1;No aplica;11
120200593;1;2021-01-29;5;2;PERÚ;3;10;7;CEDIF COLLIQUE;2024-05-06;1;1;1;No aplica;11
120200598;2;2021-08-04;4;2;PERÚ;3;10;7;CEDIF COLLIQUE;2024-07-04;1;1;1;No aplica;11
120200598;2;2018-12-07;7;3;PERÚ;3;10;7;CEDIF COLLIQUE;2024-07-04;1;1;1;No aplica;11
120200598;1;2014-08-19;11;3;PERÚ;3;10;7;CEDIF COLLIQUE;2024-07-04;1;1;1;No aplica;11
120200598;1;2012-05-21;13;4;PERÚ;3;10;7;CEDIF COLLIQUE;2024-07-04;1;1;1;No aplica;11
120200598;1;2010-07-04;15;4;PERÚ;3;10;7;CEDIF COLLIQUE;2024-07-04;1;1;1;No aplica;11
120200606;1;2021-08-20;4;2;PERÚ;3;10;7;CEDIF COLLIQUE;2024-09-09;1;1;1;No aplica;11
120200607;2;2022-07-22;3;2;PERÚ;3;10;7;CEDIF COLLIQUE;2024-09-10;1;1;1;No aplica;11
120200607;2;2017-05-02;8;3;PERÚ;3;10;7;CEDIF COLLIQUE;2024-09-10;1;1;1;No aplica;11
120200609;2;2015-12-05;10;3;PERÚ;3;10;7;CEDIF COLLIQUE;2024-09-13;1;1;1;No aplica;11
120200583;2;2019-11-06;6;3;PERÚ;3;10;7;CEDIF COLLIQUE;2024-09-10;1;1;1;No aplica;11
120200611;1;2021-07-25;4;2;PERÚ;3;10;7;CEDIF COLLIQUE;2025-01-02;1;1;1;No aplica;11
120200612;2;2020-10-07;5;2;PERÚ;3;10;7;CEDIF COLLIQUE;2025-01-02;1;1;1;No aplica;11
120200613;2;2022-06-16;3;2;PERÚ;3;10;7;CEDIF COLLIQUE;2025-01-02;1;1;1;No aplica;11
120200614;1;2022-07-20;3;2;PERÚ;3;10;7;CEDIF COLLIQUE;2025-01-02;1;1;1;No aplica;11
120200583;2;2022-12-05;3;2;PERÚ;3;10;7;CEDIF COLLIQUE;2025-01-02;1;1;1;No aplica;11
120200615;1;2022-04-14;3;2;PERÚ;3;10;7;CEDIF COLLIQUE;2025-01-02;1;1;1;No aplica;11
120200616;1;2022-08-18;3;2;PERÚ;3;10;7;CEDIF COLLIQUE;2025-01-02;1;1;1;No aplica;11
120200617;1;2022-06-08;3;2;PERÚ;3;10;7;CEDIF COLLIQUE;2025-01-06;1;1;1;No aplica;11
120200617;1;2015-08-26;10;3;PERÚ;3;10;7;CEDIF COLLIQUE;2025-01-06;1;1;1;No aplica;11
120200617;2;2010-04-22;15;4;PERÚ;3;10;7;CEDIF COLLIQUE;2025-01-06;1;1;1;No aplica;11
120200621;1;2022-05-25;3;2;PERÚ;3;10;7;CEDIF COLLIQUE;2025-01-13;1;1;1;No aplica;11
120200621;1;2016-06-13;9;3;PERÚ;3;10;7;CEDIF COLLIQUE;2025-01-13;1;1;1;No aplica;11
120200622;2;2021-07-04;4;2;PERÚ;3;10;7;CEDIF COLLIQUE;2025-01-20;1;1;1;No aplica;11
120200622;2;2020-01-23;6;3;PERÚ;3;10;7;CEDIF COLLIQUE;2025-01-20;1;1;1;No aplica;11
120200622;1;2018-01-28;8;3;PERÚ;3;10;7;CEDIF COLLIQUE;2025-01-20;1;1;1;No aplica;11
120200622;1;2015-01-30;11;3;PERÚ;3;10;7;CEDIF COLLIQUE;2025-01-20;1;1;1;No aplica;11
120200627;1;2022-05-19;3;2;PERÚ;3;10;7;CEDIF COLLIQUE;2025-01-29;1;1;1;No aplica;11
120200627;2;2015-04-22;10;3;PERÚ;3;10;7;CEDIF COLLIQUE;2025-01-29;1;1;1;No aplica;11
120200628;2;2021-11-16;4;2;PERÚ;3;10;7;CEDIF COLLIQUE;2025-01-30;1;1;1;No aplica;11
120200629;2;2021-05-29;4;2;PERÚ;3;10;7;CEDIF COLLIQUE;2025-01-30;1;1;1;No aplica;11
120200631;1;2020-09-14;5;2;PERÚ;3;10;7;CEDIF COLLIQUE;2025-02-04;1;1;1;No aplica;11
120200631;2;2019-01-09;7;3;PERÚ;3;10;7;CEDIF COLLIQUE;2025-02-04;1;1;1;No aplica;11
120200631;1;2012-11-21;13;4;PERÚ;3;10;7;CEDIF COLLIQUE;2025-02-04;1;1;1;No aplica;11
120200631;1;2011-06-18;14;4;PERÚ;3;10;7;CEDIF COLLIQUE;2025-02-04;1;1;1;No aplica;11
120200633;2;2020-08-10;5;2;PERÚ;3;10;7;CEDIF COLLIQUE;2025-02-12;1;1;1;No aplica;11
120200633;1;2013-07-24;12;4;PERÚ;3;10;7;CEDIF COLLIQUE;2025-02-12;1;1;1;No aplica;11
120200633;2;2010-01-27;16;4;PERÚ;3;10;7;CEDIF COLLIQUE;2025-02-12;1;2;1;No aplica;11
120200634;2;2018-05-31;7;3;PERÚ;3;10;7;CEDIF COLLIQUE;2025-02-18;1;1;1;No aplica;11
120200634;2;2014-12-07;11;3;PERÚ;3;10;7;CEDIF COLLIQUE;2025-02-18;1;1;1;No aplica;11
120200635;2;2022-05-21;3;2;PERÚ;3;10;7;CEDIF COLLIQUE;2025-02-24;1;1;1;No aplica;11
120200636;2;2020-05-09;5;2;PERÚ;3;10;7;CEDIF COLLIQUE;2025-02-25;1;1;1;No aplica;11
120200637;1;2017-05-01;8;3;PERÚ;3;10;7;CEDIF COLLIQUE;2025-03-05;1;1;1;No aplica;11
120200637;1;2013-05-04;12;4;PERÚ;3;10;7;CEDIF COLLIQUE;2025-03-05;1;1;1;No aplica;11
120200542;1;2020-09-24;5;2;PERÚ;3;10;7;CEDIF COLLIQUE;2025-02-12;1;1;1;No aplica;11
120200542;2;2016-06-16;9;3;PERÚ;3;10;7;CEDIF COLLIQUE;2025-03-10;1;1;1;No aplica;11
120200542;2;2013-05-28;12;4;PERÚ;3;10;7;CEDIF COLLIQUE;2025-03-10;1;1;1;No aplica;11
120200639;1;2010-10-02;15;4;PERÚ;3;10;7;CEDIF COLLIQUE;2025-03-26;1;1;1;No aplica;11
120200641;2;2008-11-24;17;4;PERÚ;3;10;7;CEDIF COLLIQUE;2025-04-04;1;1;1;No aplica;11
120200642;2;2022-06-26;3;2;PERÚ;3;10;7;CEDIF COLLIQUE;2025-04-08;1;1;1;No aplica;11
120200644;2;2022-11-08;3;2;PERÚ;3;10;7;CEDIF COLLIQUE;2025-04-28;1;1;1;No aplica;11
120200644;2;2018-11-17;7;3;PERÚ;3;10;7;CEDIF COLLIQUE;2025-04-28;1;1;1;No aplica;11
120200645;2;2019-11-28;6;3;PERÚ;3;10;7;CEDIF COLLIQUE;2025-05-12;1;1;2;2026-02-13;1
120200646;2;2021-06-25;4;2;PERÚ;3;10;7;CEDIF COLLIQUE;2025-05-22;1;1;1;No aplica;11
120200646;2;2020-05-21;5;2;PERÚ;3;10;7;CEDIF COLLIQUE;2025-05-22;1;1;1;No aplica;11
120200647;1;2014-07-02;11;3;PERÚ;3;10;7;CEDIF COLLIQUE;2025-05-19;1;1;1;No aplica;11
120200649;2;2022-07-09;3;2;PERÚ;3;10;7;CEDIF COLLIQUE;2025-06-18;1;1;1;No aplica;11
120200572;2;2010-11-15;15;4;PERÚ;3;10;7;CEDIF COLLIQUE;2025-07-08;1;1;1;No aplica;11
120200650;2;2015-11-25;10;3;PERÚ;3;10;7;CEDIF COLLIQUE;2025-09-01;1;1;1;No aplica;11
120200650;1;2012-07-04;13;4;PERÚ;3;10;7;CEDIF COLLIQUE;2025-09-01;1;1;1;No aplica;11
120200651;2;2018-10-09;7;3;VENEZUELA;3;10;7;CEDIF COLLIQUE;2025-09-02;1;5;1;No aplica;11
120200655;2;2022-12-17;3;2;PERÚ;3;10;7;CEDIF COLLIQUE;2025-09-10;1;2;1;No aplica;11
120200655;1;2015-07-25;10;3;PERÚ;3;10;7;CEDIF COLLIQUE;2025-09-10;1;2;1;No aplica;11
120200657;2;2014-07-16;11;3;PERÚ;3;10;7;CEDIF COLLIQUE;2025-09-22;1;1;1;No aplica;11
120200658;2;2022-07-07;3;2;PERÚ;3;10;7;CEDIF COLLIQUE;2025-09-22;1;1;1;No aplica;11
120200659;1;2021-11-03;4;2;PERÚ;3;10;7;CEDIF COLLIQUE;2025-09-22;1;1;1;No aplica;11
120200659;1;2017-02-15;9;3;PERÚ;3;10;7;CEDIF COLLIQUE;2025-09-22;1;1;1;No aplica;11
120200659;2;2015-04-23;10;3;PERÚ;3;10;7;CEDIF COLLIQUE;2025-09-22;1;1;1;No aplica;11
120200661;1;2013-10-24;12;4;PERÚ;3;10;7;CEDIF COLLIQUE;2025-09-29;1;1;1;No aplica;11
120200661;2;2010-06-03;15;4;PERÚ;3;10;7;CEDIF COLLIQUE;2025-09-29;1;1;1;No aplica;11
120200662;1;2023-09-02;2;2;PERÚ;3;10;7;CEDIF COLLIQUE;2025-09-30;1;1;1;No aplica;11
120200662;2;2021-06-19;4;2;PERÚ;3;10;7;CEDIF COLLIQUE;2025-09-30;1;1;1;No aplica;11
120200663;1;2023-03-09;2;2;PERÚ;3;10;7;CEDIF COLLIQUE;2025-09-30;1;2;1;No aplica;11
120200663;1;2012-12-25;13;4;PERÚ;3;10;7;CEDIF COLLIQUE;2025-09-30;1;2;1;No aplica;11
120200664;1;2023-09-28;2;2;PERÚ;3;10;7;CEDIF COLLIQUE;2025-09-30;1;1;1;No aplica;11
120200666;2;2022-09-13;3;2;PERÚ;3;10;7;CEDIF COLLIQUE;2025-09-30;1;1;1;No aplica;11
120200667;2;2015-04-04;10;3;PERÚ;3;10;7;CEDIF COLLIQUE;2025-09-30;1;1;1;No aplica;11
120200667;2;2015-04-04;10;3;PERÚ;3;10;7;CEDIF COLLIQUE;2025-09-30;1;1;1;No aplica;11
120200668;2;2018-04-16;7;3;PERÚ;3;10;7;CEDIF COLLIQUE;2025-10-01;1;1;1;No aplica;11
120200668;1;2013-04-10;12;4;PERÚ;3;10;7;CEDIF COLLIQUE;2025-10-01;1;1;1;No aplica;11
120200669;1;2013-11-04;12;4;PERÚ;3;10;7;CEDIF COLLIQUE;2025-10-23;1;1;1;No aplica;11
120200669;1;2010-04-07;15;4;PERÚ;3;10;7;CEDIF COLLIQUE;2025-10-23;1;1;1;No aplica;11
120200671;1;2015-11-26;10;3;PERÚ;3;10;7;CEDIF COLLIQUE;2025-10-27;1;1;1;No aplica;11
120200673;1;2017-09-22;8;3;PERÚ;3;10;7;CEDIF COLLIQUE;2025-10-31;1;1;2;2026-02-02;10
120200673;1;2015-01-05;11;3;PERÚ;3;10;7;CEDIF COLLIQUE;2025-10-31;1;1;2;2026-02-02;10
120200674;1;2022-10-15;3;2;PERÚ;3;10;7;CEDIF COLLIQUE;2025-10-31;1;1;1;No aplica;11
120200674;1;2011-05-07;14;4;PERÚ;3;10;7;CEDIF COLLIQUE;2025-10-31;1;1;1;No aplica;11
120200676;2;2021-01-09;5;2;PERÚ;3;10;7;CEDIF COLLIQUE;2025-11-25;1;1;2;2026-02-16;1
120200676;2;2019-12-02;6;3;PERÚ;3;10;7;CEDIF COLLIQUE;2025-11-25;1;1;2;2026-02-16;1
120200676;2;2017-07-01;8;3;PERÚ;3;10;7;CEDIF COLLIQUE;2025-11-25;1;1;2;2026-02-16;1
120200680;1;2020-06-14;5;2;PERÚ;3;10;7;CEDIF COLLIQUE;2025-11-28;1;1;1;No aplica;11
120200684;2;2023-09-19;2;2;PERÚ;3;10;7;CEDIF COLLIQUE;2025-11-28;1;1;1;No aplica;11
120200687;1;2017-08-03;8;3;PERÚ;3;10;7;CEDIF COLLIQUE;2025-12-24;1;1;1;No aplica;11
120200688;1;2021-10-10;4;2;PERÚ;3;10;7;CEDIF COLLIQUE;2025-12-30;1;1;1;No aplica;11
120200688;2;2020-03-17;5;2;PERÚ;3;10;7;CEDIF COLLIQUE;2025-12-30;1;1;1;No aplica;11
120200688;1;2017-03-16;8;3;PERÚ;3;10;7;CEDIF COLLIQUE;2025-12-30;1;1;1;No aplica;11
120200688;2;2013-09-02;12;4;PERÚ;3;10;7;CEDIF COLLIQUE;2025-12-30;1;1;1;No aplica;11
120200689;1;2019-06-29;6;3;PERÚ;3;10;7;CEDIF COLLIQUE;2025-12-30;1;1;1;No aplica;11
120200689;2;2015-06-06;10;3;PERÚ;3;10;7;CEDIF COLLIQUE;2025-12-30;1;1;1;No aplica;11
120200690;2;2022-03-31;3;2;PERÚ;3;10;7;CEDIF COLLIQUE;2026-01-12;1;2;1;No aplica;11
120200691;1;2016-04-14;9;3;PERÚ;3;10;7;CEDIF COLLIQUE;2026-01-15;1;1;1;No aplica;11
120200692;2;2021-11-28;4;2;PERÚ;3;10;7;CEDIF COLLIQUE;2026-01-15;1;1;1;No aplica;11
120200693;1;2011-01-10;15;4;PERÚ;3;10;7;CEDIF COLLIQUE;2026-01-20;1;1;2;2026-02-16;10
120200693;1;2011-01-10;15;4;PERÚ;3;10;7;CEDIF COLLIQUE;2026-01-20;1;1;2;2026-02-16;10
120200694;2;2023-05-22;2;2;PERÚ;3;10;7;CEDIF COLLIQUE;2026-01-21;1;1;1;No aplica;11
120200695;1;2014-08-24;11;3;PERÚ;3;10;7;CEDIF COLLIQUE;2026-01-21;1;2;1;No aplica;11
120200696;1;2009-01-09;17;4;PERÚ;3;10;7;CEDIF COLLIQUE;2026-01-21;1;2;2;2026-02-13;10
120200588;1;2023-12-31;2;2;PERÚ;3;10;7;CEDIF COLLIQUE;2026-01-21;1;2;1;No aplica;11
120200697;2;2017-06-01;8;3;PERÚ;3;10;7;CEDIF COLLIQUE;2026-01-26;1;1;1;No aplica;11
120200635;2;2013-03-23;12;4;PERÚ;3;10;7;CEDIF COLLIQUE;2026-01-26;1;1;1;No aplica;11
120200635;2;2018-05-18;7;3;PERÚ;3;10;7;CEDIF COLLIQUE;2026-01-26;1;1;1;No aplica;11
121300426;2;2018-04-22;7;3;PERÚ;3;10;7;CEDIF VILLA HERMOSA;2022-02-21;1;1;1;No aplica;11
121300443;2;2018-10-23;7;3;PERÚ;3;10;7;CEDIF VILLA HERMOSA;2022-02-21;1;1;2;2026-01-02;5
121300443;2;2018-10-23;7;3;PERÚ;3;10;7;CEDIF VILLA HERMOSA;2022-02-21;1;1;2;2026-01-02;5
121300466;2;2018-06-29;7;3;PERÚ;3;10;7;CEDIF VILLA HERMOSA;2022-04-13;1;1;2;2026-01-02;5
121300466;1;2014-04-21;11;3;PERÚ;3;10;7;CEDIF VILLA HERMOSA;2022-04-13;1;1;2;2026-01-02;5
121300476;1;2011-04-25;14;4;PERÚ;3;10;7;CEDIF VILLA HERMOSA;2022-05-10;1;2;2;2026-01-02;5
121300476;2;2009-05-07;16;4;PERÚ;3;10;7;CEDIF VILLA HERMOSA;2022-05-10;1;2;2;2026-01-02;5
121300478;2;2019-12-18;6;3;PERÚ;3;10;7;CEDIF VILLA HERMOSA;2022-05-18;1;1;2;2026-01-02;5
121300478;1;2010-08-18;15;4;PERÚ;3;10;7;CEDIF VILLA HERMOSA;2022-05-23;1;1;2;2026-01-02;5
121300478;1;2011-05-09;14;4;PERÚ;3;10;7;CEDIF VILLA HERMOSA;2022-05-23;1;2;2;2026-01-02;5
121300478;2;2013-11-20;12;4;PERÚ;3;10;7;CEDIF VILLA HERMOSA;2022-05-23;1;1;2;2026-01-02;5
121300486;2;2020-03-16;5;2;PERÚ;3;10;7;CEDIF VILLA HERMOSA;2022-06-13;1;2;2;2026-01-02;5
121300487;2;2019-10-04;6;3;PERÚ;3;10;7;CEDIF VILLA HERMOSA;2022-06-20;1;2;2;2026-01-02;5
121300495;1;2009-08-05;16;4;PERÚ;3;10;7;CEDIF VILLA HERMOSA;2022-07-12;1;1;2;2026-01-02;5
121300504;2;2020-08-22;5;2;PERÚ;3;10;7;CEDIF VILLA HERMOSA;2022-08-30;1;1;1;No aplica;11
121300509;2;2019-11-02;6;3;PERÚ;3;10;7;CEDIF VILLA HERMOSA;2022-09-01;6;2;2;2026-01-02;5
121300268;2;2020-09-17;5;2;PERÚ;3;10;7;CEDIF VILLA HERMOSA;2022-09-22;1;1;1;No aplica;11
121300433;2;2020-07-10;5;2;PERÚ;3;10;7;CEDIF VILLA HERMOSA;2022-09-22;1;2;1;No aplica;11
121300287;2;2019-12-21;6;3;PERÚ;3;10;7;CEDIF VILLA HERMOSA;2022-10-26;1;2;2;2026-01-02;5
121300463;1;2018-09-21;7;3;PERÚ;3;10;7;CEDIF VILLA HERMOSA;2023-02-10;1;1;1;No aplica;11
121300532;2;2021-01-26;5;2;PERÚ;3;10;7;CEDIF VILLA HERMOSA;2023-02-13;1;1;1;No aplica;11
121300543;1;2019-11-23;6;3;PERÚ;3;10;7;CEDIF VILLA HERMOSA;2023-02-15;1;1;2;2026-02-27;1
121300544;2;2019-07-30;6;3;PERÚ;3;10;7;CEDIF VILLA HERMOSA;2023-02-15;1;1;2;2026-01-09;1
121300549;2;2021-04-25;4;2;PERÚ;3;10;7;CEDIF VILLA HERMOSA;2023-02-16;1;2;1;No aplica;11
121300552;2;2020-04-10;5;2;PERÚ;3;10;7;CEDIF VILLA HERMOSA;2023-02-16;1;1;1;No aplica;11
121300554;2;2019-06-21;6;3;PERÚ;3;10;7;CEDIF VILLA HERMOSA;2023-02-20;1;1;2;2026-01-21;2
121300228;1;2022-01-15;4;2;PERÚ;3;10;7;CEDIF VILLA HERMOSA;2023-02-20;1;1;1;No aplica;11
121300487;1;2021-04-11;4;2;PERÚ;3;10;7;CEDIF VILLA HERMOSA;2023-02-20;1;1;1;No aplica;11
121300509;2;2021-11-30;4;2;PERÚ;3;10;7;CEDIF VILLA HERMOSA;2023-02-27;1;2;2;2026-02-25;1
121300568;2;2019-03-22;6;3;PERÚ;3;10;7;CEDIF VILLA HERMOSA;2023-02-27;1;1;2;2026-02-27;5
121300568;1;2017-05-22;8;3;PERÚ;3;10;7;CEDIF VILLA HERMOSA;2023-02-27;1;1;2;2026-02-27;5
121300572;2;2021-03-29;4;2;PERÚ;3;10;7;CEDIF VILLA HERMOSA;2023-03-08;1;1;1;No aplica;11
121300573;2;2019-07-28;6;3;PERÚ;3;10;7;CEDIF VILLA HERMOSA;2023-03-08;1;1;2;2026-02-02;1
121300561;2;2021-08-18;4;2;PERÚ;3;10;7;CEDIF VILLA HERMOSA;2023-03-10;1;1;1;No aplica;11
121300124;1;2020-12-30;5;2;PERÚ;3;10;7;CEDIF VILLA HERMOSA;2023-03-13;1;1;1;No aplica;11
121300577;2;2018-04-27;7;3;PERÚ;3;10;7;CEDIF VILLA HERMOSA;2023-03-15;1;1;1;No aplica;11
121300583;2;2015-07-05;10;3;PERÚ;3;10;7;CEDIF VILLA HERMOSA;2023-03-27;1;1;1;No aplica;11
121300588;2;2020-05-18;5;2;PERÚ;3;10;7;CEDIF VILLA HERMOSA;2023-04-24;1;2;1;No aplica;11
121300589;2;2015-09-03;10;3;PERÚ;3;10;7;CEDIF VILLA HERMOSA;2023-04-24;1;1;1;No aplica;11
121300543;2;2021-07-27;4;2;PERÚ;3;10;7;CEDIF VILLA HERMOSA;2023-04-25;1;1;2;2026-02-27;1
121300591;1;2020-05-02;5;2;PERÚ;3;10;7;CEDIF VILLA HERMOSA;2023-04-25;1;4;2;2026-01-08;1
121300592;2;2021-03-23;4;2;PERÚ;3;10;7;CEDIF VILLA HERMOSA;2023-04-25;1;1;1;No aplica;11
121300591;2;2016-10-18;9;3;PERÚ;3;10;7;CEDIF VILLA HERMOSA;2023-04-26;1;4;2;2026-01-08;1
121300597;2;2013-12-26;12;4;PERÚ;3;10;7;CEDIF VILLA HERMOSA;2023-05-16;3;1;2;2026-02-13;1
121300600;2;2020-08-07;5;2;PERÚ;3;10;7;CEDIF VILLA HERMOSA;2023-06-05;1;1;1;No aplica;11
121300601;2;2014-10-26;11;3;PERÚ;3;10;7;CEDIF VILLA HERMOSA;2023-06-07;1;1;1;No aplica;11
121300601;1;2012-11-06;13;4;PERÚ;3;10;7;CEDIF VILLA HERMOSA;2023-06-07;1;1;1;No aplica;11
121300601;2;2009-12-28;16;4;PERÚ;3;10;7;CEDIF VILLA HERMOSA;2023-06-07;1;1;1;No aplica;11
121300608;2;2014-12-21;11;3;PERÚ;3;10;7;CEDIF VILLA HERMOSA;2023-08-17;1;1;1;No aplica;11
121300608;1;2013-04-24;12;4;PERÚ;3;10;7;CEDIF VILLA HERMOSA;2023-08-17;1;1;2;2026-01-13;7
121300609;2;2019-04-09;6;3;PERÚ;3;10;7;CEDIF VILLA HERMOSA;2023-08-21;3;2;2;2026-01-09;1
121300466;1;2021-01-05;5;2;PERÚ;3;10;7;CEDIF VILLA HERMOSA;2023-10-02;1;1;1;No aplica;11
121300616;1;2019-10-11;6;3;PERÚ;3;10;7;CEDIF VILLA HERMOSA;2023-10-02;1;1;2;2026-01-02;1
121300617;1;2010-05-02;15;4;PERÚ;3;10;7;CEDIF VILLA HERMOSA;2023-10-10;1;1;2;2026-01-06;1
121300617;2;2019-12-08;6;3;PERÚ;3;10;7;CEDIF VILLA HERMOSA;2023-10-12;1;1;2;2026-01-06;1
121300433;2;2022-07-09;3;2;PERÚ;3;10;7;CEDIF VILLA HERMOSA;2024-01-17;1;2;1;No aplica;11
121300505;2;2017-05-15;8;3;PERÚ;3;10;7;CEDIF VILLA HERMOSA;2024-02-05;1;1;1;No aplica;11
121300625;2;2020-02-06;6;3;PERÚ;3;10;7;CEDIF VILLA HERMOSA;2024-02-08;1;1;2;2026-01-14;1
121300627;1;2022-06-26;3;2;PERÚ;3;10;7;CEDIF VILLA HERMOSA;2024-02-08;1;1;1;No aplica;11
121300631;1;2022-03-12;3;2;PERÚ;3;10;7;CEDIF VILLA HERMOSA;2024-02-13;1;1;1;No aplica;11
121300625;2;2021-09-08;4;2;PERÚ;3;10;7;CEDIF VILLA HERMOSA;2024-02-14;1;1;2;2026-01-14;1
121300632;2;2021-04-29;4;2;PERÚ;3;10;7;CEDIF VILLA HERMOSA;2024-02-14;1;1;1;No aplica;11
121300608;1;2021-04-08;4;2;PERÚ;3;10;7;CEDIF VILLA HERMOSA;2024-02-19;1;1;1;No aplica;11
121300638;2;2021-03-31;4;2;PERÚ;3;10;7;CEDIF VILLA HERMOSA;2024-02-19;1;2;1;No aplica;11
121300642;1;2019-05-30;6;3;PERÚ;3;10;7;CEDIF VILLA HERMOSA;2024-02-21;1;1;1;No aplica;11
121300642;1;2016-07-07;9;3;PERÚ;3;10;7;CEDIF VILLA HERMOSA;2024-02-21;1;1;1;No aplica;11
121300631;2;2010-09-03;15;4;PERÚ;3;10;7;CEDIF VILLA HERMOSA;2024-02-21;1;1;1;No aplica;11
121300643;1;2016-07-21;9;3;PERÚ;3;10;7;CEDIF VILLA HERMOSA;2024-02-26;1;1;1;No aplica;11
121300647;1;2012-03-29;13;4;PERÚ;3;10;7;CEDIF VILLA HERMOSA;2024-02-27;1;1;1;No aplica;11
121300647;2;2020-08-26;5;2;PERÚ;3;10;7;CEDIF VILLA HERMOSA;2024-02-27;1;1;1;No aplica;11
121300649;2;2021-07-17;4;2;PERÚ;3;10;7;CEDIF VILLA HERMOSA;2024-03-04;1;1;2;2026-02-26;2
121300650;1;2021-04-13;4;2;PERÚ;3;10;7;CEDIF VILLA HERMOSA;2024-03-04;1;2;1;No aplica;11
121300656;2;2020-04-19;5;2;PERÚ;3;10;7;CEDIF VILLA HERMOSA;2024-03-13;1;1;1;No aplica;11
121300659;2;2019-11-14;6;3;PERÚ;3;10;7;CEDIF VILLA HERMOSA;2024-04-30;1;1;2;2026-01-20;2
121300662;1;2019-07-06;6;3;PERÚ;3;10;7;CEDIF VILLA HERMOSA;2024-05-06;1;1;1;No aplica;11
121300664;1;2020-09-17;5;2;PERÚ;3;10;7;CEDIF VILLA HERMOSA;2024-05-20;1;1;1;No aplica;11
121300667;2;2022-06-23;3;2;PERÚ;3;10;7;CEDIF VILLA HERMOSA;2024-06-04;1;1;1;No aplica;11
121300674;2;2022-05-01;3;2;PERÚ;3;10;7;CEDIF VILLA HERMOSA;2024-07-11;1;1;1;No aplica;11
121300674;1;2018-10-08;7;3;PERÚ;3;10;7;CEDIF VILLA HERMOSA;2024-07-15;1;1;1;No aplica;11
121300674;2;2020-07-25;5;2;PERÚ;3;10;7;CEDIF VILLA HERMOSA;2024-07-15;1;1;1;No aplica;11
121300675;2;2021-05-23;4;2;PERÚ;3;10;7;CEDIF VILLA HERMOSA;2024-07-16;1;2;2;2026-02-12;10
121300676;2;2021-07-30;4;2;PERÚ;3;10;7;CEDIF VILLA HERMOSA;2024-07-16;1;2;2;2026-02-06;1
121300676;2;2015-11-14;10;3;PERÚ;3;10;7;CEDIF VILLA HERMOSA;2024-07-18;1;2;2;2026-02-06;1
121300678;2;2012-08-08;13;4;PERÚ;3;10;7;CEDIF VILLA HERMOSA;2024-07-22;1;1;1;No aplica;11
121300678;1;2011-01-28;15;4;ARGENTINA;3;10;7;CEDIF VILLA HERMOSA;2024-07-22;1;1;1;No aplica;11
121300627;1;2017-09-23;8;3;PERÚ;3;10;7;CEDIF VILLA HERMOSA;2024-08-05;1;1;1;No aplica;11
121300680;1;2022-05-24;3;2;PERÚ;3;10;7;CEDIF VILLA HERMOSA;2024-08-13;1;1;1;No aplica;11
121300687;2;2016-10-19;9;3;PERÚ;3;10;7;CEDIF VILLA HERMOSA;2024-10-14;1;1;1;No aplica;11
121300689;2;2021-09-29;4;2;PERÚ;3;10;7;CEDIF VILLA HERMOSA;2024-11-07;1;1;1;No aplica;11
121300124;1;2017-05-26;8;3;PERÚ;3;10;7;CEDIF VILLA HERMOSA;2025-01-21;1;1;1;No aplica;11
121300124;1;2015-08-27;10;3;PERÚ;3;10;7;CEDIF VILLA HERMOSA;2026-01-22;1;1;1;No aplica;11
121300691;1;2019-09-27;6;3;PERÚ;3;10;7;CEDIF VILLA HERMOSA;2025-02-12;1;1;1;No aplica;11
121300692;2;2019-06-04;6;3;PERÚ;3;10;7;CEDIF VILLA HERMOSA;2025-02-12;1;1;1;No aplica;11
121300692;2;2012-09-04;13;4;PERÚ;3;10;7;CEDIF VILLA HERMOSA;2025-02-12;1;1;1;No aplica;11
121300693;2;2020-01-13;6;3;PERÚ;3;10;7;CEDIF VILLA HERMOSA;2025-02-27;1;1;2;2026-02-10;1
121300694;2;2022-03-05;3;2;PERÚ;3;10;7;CEDIF VILLA HERMOSA;2025-02-26;1;1;1;No aplica;11
121300695;2;2015-10-13;10;3;VENEZUELA;3;10;7;CEDIF VILLA HERMOSA;2025-02-12;1;6;1;No aplica;11
121300696;2;2021-02-24;5;2;PERÚ;3;10;7;CEDIF VILLA HERMOSA;2025-02-13;1;1;1;No aplica;11
121300697;2;2020-11-22;5;2;PERÚ;3;10;7;CEDIF VILLA HERMOSA;2025-02-13;1;1;1;No aplica;11
121300698;2;2021-08-24;4;2;PERÚ;3;10;7;CEDIF VILLA HERMOSA;2025-02-13;1;1;1;No aplica;11
121300698;2;2020-05-28;5;2;PERÚ;3;10;7;CEDIF VILLA HERMOSA;2025-02-13;1;1;1;No aplica;11
121300699;1;2021-05-03;4;2;PERÚ;3;10;7;CEDIF VILLA HERMOSA;2025-02-14;1;1;1;No aplica;11
121300700;2;2021-11-01;4;2;PERÚ;3;10;7;CEDIF VILLA HERMOSA;2025-02-27;1;2;2;2026-01-16;1
121300701;2;2021-05-02;4;2;PERÚ;3;10;7;CEDIF VILLA HERMOSA;2025-02-20;1;1;1;No aplica;11
121300702;2;2021-04-22;4;2;PERÚ;3;10;7;CEDIF VILLA HERMOSA;2025-02-20;1;1;1;No aplica;11
121300662;1;2021-09-17;4;2;PERÚ;3;10;7;CEDIF VILLA HERMOSA;2025-02-13;1;1;1;No aplica;11
121300704;1;2022-02-11;4;2;PERÚ;3;10;7;CEDIF VILLA HERMOSA;2025-03-03;1;1;2;2026-02-26;1
121300705;2;2022-04-03;3;2;PERÚ;3;10;7;CEDIF VILLA HERMOSA;2025-03-03;1;1;1;No aplica;11
121300706;2;2015-09-18;10;3;PERÚ;3;10;7;CEDIF VILLA HERMOSA;2025-03-03;1;2;1;No aplica;11
121300707;2;2022-01-10;4;2;PERÚ;3;10;7;CEDIF VILLA HERMOSA;2025-03-03;1;1;1;No aplica;11
121300709;2;2022-02-04;4;2;PERÚ;3;10;7;CEDIF VILLA HERMOSA;2025-03-04;1;1;1;No aplica;11
121300710;2;2021-06-12;4;2;PERÚ;3;10;7;CEDIF VILLA HERMOSA;2025-03-04;1;2;1;No aplica;11
121300712;1;2022-05-17;3;2;PERÚ;3;10;7;CEDIF VILLA HERMOSA;2025-03-10;1;1;2;2026-01-07;8
121300714;2;2020-09-27;5;2;PERÚ;3;10;7;CEDIF VILLA HERMOSA;2025-03-03;1;1;1;No aplica;11
121300715;2;2021-09-11;4;2;PERÚ;3;10;7;CEDIF VILLA HERMOSA;2025-03-05;1;1;1;No aplica;11
121300716;2;2019-05-01;6;3;PERÚ;3;10;7;CEDIF VILLA HERMOSA;2025-03-04;1;1;2;2026-02-02;2
121300717;2;2021-03-10;4;2;PERÚ;3;10;7;CEDIF VILLA HERMOSA;2025-03-05;1;2;1;No aplica;11
121300718;1;2022-05-22;3;2;PERÚ;3;10;7;CEDIF VILLA HERMOSA;2025-03-17;1;2;1;No aplica;11
121300719;2;2023-01-02;3;2;PERÚ;3;10;7;CEDIF VILLA HERMOSA;2025-03-17;1;1;1;No aplica;11
121300720;1;2022-06-30;3;2;BRASIL;3;10;7;CEDIF VILLA HERMOSA;2025-03-19;1;1;1;No aplica;11
121300662;1;2017-02-03;9;3;PERÚ;3;10;7;CEDIF VILLA HERMOSA;2025-03-19;1;1;1;No aplica;11
121300567;2;2021-12-10;4;2;PERÚ;3;10;7;CEDIF VILLA HERMOSA;2025-03-17;1;2;2;2026-02-06;1
121300722;1;2021-10-13;4;2;PERÚ;3;10;7;CEDIF VILLA HERMOSA;2025-03-10;1;1;1;No aplica;11
121300723;2;2021-12-23;4;2;PERÚ;3;10;7;CEDIF VILLA HERMOSA;2025-03-14;1;1;1;No aplica;11
121300724;1;2022-04-21;3;2;PERÚ;3;10;7;CEDIF VILLA HERMOSA;2025-03-18;1;1;1;No aplica;11
121300725;2;2022-07-18;3;2;PERÚ;3;10;7;CEDIF VILLA HERMOSA;2025-03-18;1;1;2;2026-01-23;1
121300726;1;2018-04-21;7;3;PERÚ;3;10;7;CEDIF VILLA HERMOSA;2025-03-18;1;1;1;No aplica;11
121300727;2;2021-10-10;4;2;PERÚ;3;10;7;CEDIF VILLA HERMOSA;2025-03-18;1;2;1;No aplica;11
121300728;1;2022-10-28;3;2;PERÚ;3;10;7;CEDIF VILLA HERMOSA;2025-03-24;1;1;1;No aplica;11
121300729;2;2023-04-04;2;2;PERÚ;3;10;7;CEDIF VILLA HERMOSA;2025-03-25;1;1;1;No aplica;11
121300731;2;2022-01-19;4;2;PERÚ;3;10;7;CEDIF VILLA HERMOSA;2025-03-25;1;2;1;No aplica;11
121300732;1;2015-03-19;10;3;PERÚ;3;10;7;CEDIF VILLA HERMOSA;2025-03-18;1;2;1;No aplica;11
121300733;1;2023-01-13;3;2;PERÚ;3;10;7;CEDIF VILLA HERMOSA;2025-03-27;1;1;1;No aplica;11
121300735;1;2022-08-19;3;2;PERÚ;3;10;7;CEDIF VILLA HERMOSA;2025-04-01;1;1;1;No aplica;11
121300505;1;2013-04-04;12;4;PERÚ;3;10;7;CEDIF VILLA HERMOSA;2022-08-26;1;1;1;No aplica;11
121300737;2;2020-09-13;5;2;PERÚ;3;10;7;CEDIF VILLA HERMOSA;2025-04-21;1;2;1;No aplica;11
121300737;1;2017-08-03;8;3;PERÚ;3;10;7;CEDIF VILLA HERMOSA;2025-04-21;1;2;1;No aplica;11
121300699;1;2023-04-20;2;2;PERÚ;3;10;7;CEDIF VILLA HERMOSA;2025-04-23;1;1;1;No aplica;11
121300738;2;2015-04-29;10;3;ARGENTINA;3;10;7;CEDIF VILLA HERMOSA;2025-04-22;1;1;1;No aplica;11
121300738;2;2017-08-01;8;3;ARGENTINA;3;10;7;CEDIF VILLA HERMOSA;2025-04-22;1;1;1;No aplica;11
121300739;2;2018-08-12;7;3;PERÚ;3;10;7;CEDIF VILLA HERMOSA;2025-04-29;1;1;1;No aplica;11
121300739;1;2013-10-03;12;4;PERÚ;3;10;7;CEDIF VILLA HERMOSA;2025-04-29;1;1;1;No aplica;11
121300737;2;2012-07-30;13;4;PERÚ;3;10;7;CEDIF VILLA HERMOSA;2025-05-02;1;2;1;No aplica;11
121300741;1;2017-12-23;8;3;PERÚ;3;10;7;CEDIF VILLA HERMOSA;2025-06-04;1;1;1;No aplica;11
121300741;2;2012-10-24;13;4;PERÚ;3;10;7;CEDIF VILLA HERMOSA;2025-06-04;1;1;1;No aplica;11
121300743;2;2014-09-16;11;3;PERÚ;3;10;7;CEDIF VILLA HERMOSA;2025-06-23;1;2;1;No aplica;11
121300743;2;2013-05-12;12;4;PERÚ;3;10;7;CEDIF VILLA HERMOSA;2025-06-23;1;2;1;No aplica;11
121300744;1;2013-05-30;12;4;PERÚ;3;10;7;CEDIF VILLA HERMOSA;2025-07-09;1;1;2;2026-02-06;2
121300748;2;2013-11-21;12;4;PERÚ;3;10;7;CEDIF VILLA HERMOSA;2025-08-14;1;2;1;No aplica;11
121300748;1;2011-07-27;14;4;PERÚ;3;10;7;CEDIF VILLA HERMOSA;2025-08-13;1;2;1;No aplica;11
121300691;1;2022-10-02;3;2;PERÚ;3;10;7;CEDIF VILLA HERMOSA;2025-08-25;1;1;1;No aplica;11
121300749;1;2014-09-03;11;3;PERÚ;3;10;7;CEDIF VILLA HERMOSA;2025-08-26;1;2;1;No aplica;11
121300749;1;2016-08-02;9;3;PERÚ;3;10;7;CEDIF VILLA HERMOSA;2025-08-26;1;2;1;No aplica;11
121300751;1;2012-12-26;13;4;PERÚ;3;10;7;CEDIF VILLA HERMOSA;2025-08-26;1;1;2;2026-01-26;10
121300751;2;2017-03-26;8;3;PERÚ;3;10;7;CEDIF VILLA HERMOSA;2025-08-26;1;1;2;2026-01-26;10
121300751;2;2015-05-29;10;3;PERÚ;3;10;7;CEDIF VILLA HERMOSA;2025-08-26;1;1;2;2026-01-26;10
121300012;2;2012-04-18;13;4;PERÚ;3;10;7;CEDIF VILLA HERMOSA;2025-08-26;1;1;1;No aplica;11
121300012;2;2015-11-09;10;3;PERÚ;3;10;7;CEDIF VILLA HERMOSA;2025-08-26;1;1;1;No aplica;11
121300220;2;2010-03-07;15;4;PERÚ;3;10;7;CEDIF VILLA HERMOSA;2025-08-28;1;1;2;2026-02-02;10
121300220;2;2015-10-19;10;3;PERÚ;3;10;7;CEDIF VILLA HERMOSA;2025-08-28;1;1;2;2026-02-02;10
121300753;2;2017-05-06;8;3;PERÚ;3;10;7;CEDIF VILLA HERMOSA;2025-09-03;1;1;2;2026-02-25;10
121300753;1;2016-02-06;10;3;PERÚ;3;10;7;CEDIF VILLA HERMOSA;2025-09-03;1;1;2;2026-02-25;10
121300754;1;2013-07-13;12;4;PERÚ;3;10;7;CEDIF VILLA HERMOSA;2025-09-16;1;2;2;2026-01-06;1
121300756;1;2017-10-17;8;3;PERÚ;3;10;7;CEDIF VILLA HERMOSA;2025-10-28;1;1;1;No aplica;11
121300757;2;2018-10-04;7;3;PERÚ;3;10;7;CEDIF VILLA HERMOSA;2025-10-28;1;1;1;No aplica;11
121300759;2;2019-01-24;7;3;PERÚ;3;10;7;CEDIF VILLA HERMOSA;2025-11-24;1;1;1;No aplica;11
121300760;2;2015-06-21;10;3;PERÚ;3;10;7;CEDIF VILLA HERMOSA;2025-11-27;1;2;1;No aplica;11
121300760;1;2011-05-10;14;4;PERÚ;3;10;7;CEDIF VILLA HERMOSA;2025-11-27;1;2;1;No aplica;11
121300761;2;2014-11-17;11;3;PERÚ;3;10;7;CEDIF VILLA HERMOSA;2026-01-15;1;1;1;No aplica;11
121300761;1;2018-07-20;7;3;PERÚ;3;10;7;CEDIF VILLA HERMOSA;2026-01-15;1;1;1;No aplica;11
121300761;2;2014-06-12;11;3;PERÚ;3;10;7;CEDIF VILLA HERMOSA;2026-01-15;1;1;1;No aplica;11
121300761;1;2016-10-22;9;3;PERÚ;3;10;7;CEDIF VILLA HERMOSA;2026-01-15;1;1;1;No aplica;11
121300718;1;2019-12-13;6;3;PERÚ;3;10;7;CEDIF VILLA HERMOSA;2026-01-21;1;2;1;No aplica;11
121300762;1;2019-12-19;6;3;PERÚ;3;10;7;CEDIF VILLA HERMOSA;2026-01-22;1;1;1;No aplica;11
121300763;2;2022-11-30;3;2;PERÚ;3;10;7;CEDIF VILLA HERMOSA;2026-01-27;1;1;1;No aplica;11
121300764;1;2023-02-19;3;2;PERÚ;3;10;7;CEDIF VILLA HERMOSA;2026-01-22;1;1;1;No aplica;11
121300426;2;2015-03-27;10;3;PERÚ;3;10;7;CEDIF VILLA HERMOSA;2026-01-22;1;1;1;No aplica;11
121300426;2;2023-02-23;3;2;PERÚ;3;10;7;CEDIF VILLA HERMOSA;2026-01-22;1;1;1;No aplica;11
121300765;2;2022-06-07;3;2;PERÚ;3;10;7;CEDIF VILLA HERMOSA;2026-01-23;1;1;1;No aplica;11
121300766;1;2016-05-01;9;3;PERÚ;3;10;7;CEDIF VILLA HERMOSA;2026-01-26;1;1;1;No aplica;11
121300766;2;2022-01-14;4;2;PERÚ;3;10;7;CEDIF VILLA HERMOSA;2026-01-29;1;1;1;No aplica;11
121300767;2;2023-03-01;2;2;PERÚ;3;10;7;CEDIF VILLA HERMOSA;2026-01-28;1;1;1;No aplica;11
121300757;2;2021-05-15;4;2;PERÚ;3;10;7;CEDIF VILLA HERMOSA;2026-01-28;1;1;1;No aplica;11
121300768;1;2015-07-12;10;3;PERÚ;3;10;7;CEDIF VILLA HERMOSA;2026-01-29;1;2;1;No aplica;11
121300768;1;2017-09-20;8;3;PERÚ;3;10;7;CEDIF VILLA HERMOSA;2026-01-29;1;2;1;No aplica;11
2;1;2015-06-30;10;3;PERÚ;3;10;1;CEDIF AYACUCHO;2022-09-21;2;1;1;No aplica;11
3;1;2008-10-11;17;4;PERÚ;3;10;1;CEDIF AYACUCHO;2022-06-30;2;1;1;No aplica;11
3;2;2012-06-24;13;4;PERÚ;3;10;1;CEDIF AYACUCHO;2024-04-01;2;1;1;No aplica;11
3;1;2018-01-31;8;3;PERÚ;3;10;1;CEDIF AYACUCHO;2024-02-12;2;1;1;No aplica;11
7;1;2012-07-01;13;4;PERÚ;3;10;1;CEDIF AYACUCHO;2024-01-24;2;1;2;2026-02-02;10
7;1;2016-03-13;9;3;PERÚ;3;10;1;CEDIF AYACUCHO;2024-01-24;2;1;1;No aplica;11
8;2;2014-04-12;11;3;PERÚ;3;10;1;CEDIF AYACUCHO;2024-01-10;2;1;2;2026-01-02;10
8;1;2017-10-07;8;3;PERÚ;3;10;1;CEDIF AYACUCHO;2024-01-10;2;1;2;2026-01-02;10
9;1;2015-12-11;10;3;PERÚ;3;10;1;CEDIF AYACUCHO;2024-02-09;2;1;2;2026-01-02;8
9;2;2011-01-26;15;4;PERÚ;3;10;1;CEDIF AYACUCHO;2024-02-09;2;1;2;2026-01-02;8
10;1;2009-12-13;16;4;PERÚ;3;10;1;CEDIF AYACUCHO;2022-07-06;2;1;1;No aplica;11
10;1;2011-05-28;14;4;PERÚ;3;10;1;CEDIF AYACUCHO;2022-07-06;2;1;1;No aplica;11
12;2;2013-02-13;13;4;PERÚ;3;10;1;CEDIF AYACUCHO;2023-08-28;2;1;1;No aplica;11
13;1;2015-08-06;10;3;PERÚ;3;10;1;CEDIF AYACUCHO;2023-08-28;2;1;1;No aplica;11
13;2;2017-10-08;8;3;PERÚ;3;10;1;CEDIF AYACUCHO;2023-08-28;2;1;1;No aplica;11
14;1;2013-07-23;12;4;PERÚ;3;10;1;CEDIF AYACUCHO;2023-08-14;2;1;1;No aplica;11
14;1;2015-08-02;10;3;PERÚ;3;10;1;CEDIF AYACUCHO;2023-08-14;2;1;1;No aplica;11
16;1;2013-09-21;12;4;PERÚ;3;10;1;CEDIF AYACUCHO;2023-06-16;1;1;1;No aplica;11
17;1;2009-11-27;16;4;PERÚ;3;10;1;CEDIF AYACUCHO;2023-12-01;2;1;1;No aplica;11
17;2;2013-01-22;13;4;PERÚ;3;10;1;CEDIF AYACUCHO;2023-12-01;2;1;1;No aplica;11
18;1;2008-04-06;17;4;PERÚ;3;10;1;CEDIF AYACUCHO;2023-01-12;2;1;2;2026-01-02;5
18;1;2016-01-09;10;3;PERÚ;3;10;1;CEDIF AYACUCHO;2023-01-12;2;1;1;No aplica;11
19;2;2010-06-03;15;4;PERÚ;3;10;1;CEDIF AYACUCHO;2024-04-01;2;1;1;No aplica;11
19;1;2016-03-24;9;3;PERÚ;3;10;1;CEDIF AYACUCHO;2024-04-01;2;1;1;No aplica;11
22;2;2013-09-13;12;4;PERÚ;3;10;1;CEDIF AYACUCHO;2024-04-01;4;1;1;No aplica;11
24;2;2016-01-03;10;3;PERÚ;3;10;1;CEDIF AYACUCHO;2024-04-01;4;1;1;No aplica;11
24;1;2018-02-19;8;3;PERÚ;3;10;1;CEDIF AYACUCHO;2024-04-01;4;1;1;No aplica;11
25;2;2013-07-03;12;4;PERÚ;3;10;1;CEDIF AYACUCHO;2024-04-01;4;1;1;No aplica;11
25;2;2013-07-03;12;4;PERÚ;3;10;1;CEDIF AYACUCHO;2024-04-01;4;1;1;No aplica;11
26;2;2014-11-09;11;3;PERÚ;3;10;1;CEDIF AYACUCHO;2024-04-01;4;1;2;2026-01-02;10
26;2;2014-11-09;11;3;PERÚ;3;10;1;CEDIF AYACUCHO;2024-04-01;4;1;2;2026-01-02;10
27;2;2012-11-14;13;4;PERÚ;3;10;1;CEDIF AYACUCHO;2024-06-10;2;1;2;2026-01-20;10
29;2;2008-07-25;17;4;PERÚ;3;10;1;CEDIF AYACUCHO;2024-10-21;2;1;2;2026-01-20;5
30;2;2009-02-23;17;4;PERÚ;3;10;1;CEDIF AYACUCHO;2024-11-04;2;1;2;2026-01-16;8
30;1;2010-08-18;15;4;PERÚ;3;10;1;CEDIF AYACUCHO;2024-11-04;2;1;2;2026-01-02;8
30;2;2012-11-21;13;4;PERÚ;3;10;1;CEDIF AYACUCHO;2024-11-04;2;1;2;2026-01-02;8
30;2;2018-09-09;7;3;PERÚ;3;10;1;CEDIF AYACUCHO;2024-11-04;2;1;2;2026-01-02;8
32;1;2012-11-20;13;4;PERÚ;3;10;1;CEDIF AYACUCHO;2025-01-21;2;1;1;No aplica;11
32;2;2014-09-03;11;3;PERÚ;3;10;1;CEDIF AYACUCHO;2025-01-21;2;1;1;No aplica;11
34;1;2011-12-31;14;4;PERÚ;3;10;1;CEDIF AYACUCHO;2025-01-23;2;1;1;No aplica;11
34;2;2014-06-20;11;3;PERÚ;3;10;1;CEDIF AYACUCHO;2025-01-23;2;1;1;No aplica;11
35;2;2012-02-23;14;4;PERÚ;3;10;1;CEDIF AYACUCHO;2025-01-14;2;2;1;No aplica;11
36;1;2019-03-09;6;3;PERÚ;3;10;1;CEDIF AYACUCHO;2025-01-14;2;1;1;No aplica;11
37;1;2009-02-15;17;4;PERÚ;3;10;1;CEDIF AYACUCHO;2025-02-03;2;1;1;No aplica;11
37;1;2014-11-12;11;3;PERÚ;3;10;1;CEDIF AYACUCHO;2025-02-03;2;1;1;No aplica;11
38;2;2012-03-22;13;4;PERÚ;3;10;1;CEDIF AYACUCHO;2025-02-19;2;1;1;No aplica;11
38;1;2013-10-12;12;4;PERÚ;3;10;1;CEDIF AYACUCHO;2025-02-19;2;1;1;No aplica;11
38;2;2017-03-15;8;3;PERÚ;3;10;1;CEDIF AYACUCHO;2025-02-19;2;1;1;No aplica;11
40;2;2015-01-14;11;3;PERÚ;3;10;1;CEDIF AYACUCHO;2025-03-17;2;1;1;No aplica;11
40;2;2012-11-24;13;4;PERÚ;3;10;1;CEDIF AYACUCHO;2025-03-17;2;1;1;No aplica;11
41;1;2013-10-18;12;4;PERÚ;3;10;1;CEDIF AYACUCHO;2025-03-17;2;1;1;No aplica;11
42;1;2014-04-09;11;3;PERÚ;3;10;1;CEDIF AYACUCHO;2025-04-07;2;1;1;No aplica;11
43;2;2015-09-24;10;3;PERÚ;3;10;1;CEDIF AYACUCHO;2025-04-07;2;1;1;No aplica;11
44;1;2015-01-29;11;3;PERÚ;3;10;7;CEDIF AYACUCHO;2025-04-07;2;1;2;2026-01-08;8
45;1;2013-04-09;12;4;PERÚ;3;10;1;CEDIF AYACUCHO;2025-04-07;2;1;1;No aplica;11
45;2;2015-04-21;10;3;PERÚ;3;10;1;CEDIF AYACUCHO;2025-04-07;2;1;1;No aplica;11
48;1;2017-07-13;8;3;PERÚ;3;10;1;CEDIF AYACUCHO;2025-04-07;2;1;1;No aplica;11
49;1;2013-07-01;12;4;PERÚ;3;10;1;CEDIF AYACUCHO;2025-04-07;2;1;1;No aplica;11
50;2;2016-12-18;9;3;PERÚ;3;10;1;CEDIF AYACUCHO;2025-04-07;2;2;1;No aplica;11
53;1;2015-10-10;10;3;PERÚ;3;10;1;CEDIF AYACUCHO;2025-04-07;2;1;2;2026-01-02;8
54;2;2010-02-28;16;4;PERÚ;3;10;1;CEDIF AYACUCHO;2025-04-07;2;1;1;No aplica;11
54;1;2012-07-16;13;4;PERÚ;3;10;1;CEDIF AYACUCHO;2025-04-07;2;1;1;No aplica;11
54;1;2015-04-02;10;3;PERÚ;3;10;1;CEDIF AYACUCHO;2025-04-07;2;1;1;No aplica;11
54;2;2018-10-21;7;3;PERÚ;3;10;1;CEDIF AYACUCHO;2025-04-07;2;1;1;No aplica;11
54;2;2018-10-21;7;3;PERÚ;3;10;1;CEDIF AYACUCHO;2025-04-07;2;1;1;No aplica;11
57;2;2011-11-09;14;4;PERÚ;3;10;1;CEDIF AYACUCHO;2025-04-07;2;1;2;2026-01-02;1
57;1;2009-07-29;16;4;PERÚ;3;10;1;CEDIF AYACUCHO;2025-04-07;2;1;2;2026-01-02;1
58;1;2011-11-01;14;4;PERÚ;3;10;1;CEDIF AYACUCHO;2025-04-07;2;1;1;No aplica;11
59;2;2017-06-02;8;3;PERÚ;3;10;1;CEDIF AYACUCHO;2025-04-07;2;1;2;2026-01-06;8
60;1;2010-02-14;16;4;PERÚ;3;10;1;CEDIF AYACUCHO;2025-04-07;2;1;2;2026-01-02;8
60;1;2012-05-11;13;4;PERÚ;3;10;1;CEDIF AYACUCHO;2025-04-07;2;1;2;2026-01-02;8
61;2;2015-07-17;10;3;PERÚ;3;10;1;CEDIF AYACUCHO;2025-04-07;2;1;2;2026-01-02;8
63;1;2008-12-27;17;4;PERÚ;3;10;1;CEDIF AYACUCHO;2025-05-05;2;1;1;No aplica;11
63;1;2015-10-17;10;3;PERÚ;3;10;1;CEDIF AYACUCHO;2025-05-05;2;1;1;No aplica;11
63;1;2013-01-18;13;4;PERÚ;3;10;1;CEDIF AYACUCHO;2025-05-05;2;1;2;2026-02-02;10
64;2;2012-12-30;13;4;PERÚ;3;10;1;CEDIF AYACUCHO;2025-05-15;2;1;1;No aplica;11
57;1;2015-08-12;10;3;PERÚ;3;10;1;CEDIF AYACUCHO;2025-05-01;2;1;2;2026-01-02;1
67;2;2015-07-31;10;3;PERÚ;3;10;1;CEDIF AYACUCHO;2023-06-10;2;1;2;2026-01-02;8
67;1;2017-06-25;8;3;PERÚ;3;10;1;CEDIF AYACUCHO;2023-06-10;2;1;2;2026-01-02;8
68;2;2010-10-20;15;4;PERÚ;3;10;1;CEDIF AYACUCHO;2025-06-20;2;1;2;2026-01-02;1
68;1;2017-05-26;8;3;PERÚ;3;10;1;CEDIF AYACUCHO;2025-06-20;2;1;2;2026-01-02;1
81;1;2013-11-03;12;4;PERÚ;3;10;1;CEDIF AYACUCHO;2025-08-12;2;1;1;No aplica;11
81;2;2012-01-01;14;4;PERÚ;3;10;1;CEDIF AYACUCHO;2025-08-12;2;1;1;No aplica;11
81;2;2017-07-31;8;3;PERÚ;3;10;1;CEDIF AYACUCHO;2025-08-12;2;1;1;No aplica;11
70;2;2010-06-25;15;4;PERÚ;3;10;1;CEDIF AYACUCHO;2025-08-14;2;1;1;No aplica;11
70;2;2013-05-20;12;4;PERÚ;3;10;1;CEDIF AYACUCHO;2025-08-14;2;1;1;No aplica;11
63;1;2018-04-20;7;3;PERÚ;3;10;1;CEDIF AYACUCHO;2025-08-12;2;1;1;No aplica;11
71;2;2018-03-14;7;3;PERÚ;3;10;1;CEDIF AYACUCHO;2025-09-11;2;1;2;2026-01-02;10
71;2;2014-12-15;11;3;PERÚ;3;10;1;CEDIF AYACUCHO;2025-09-11;2;1;2;2026-01-16;10
72;2;2016-06-06;9;3;PERÚ;3;10;1;CEDIF AYACUCHO;2025-09-10;1;1;1;No aplica;11
73;1;2016-07-16;9;3;PERÚ;3;10;1;CEDIF AYACUCHO;2025-10-02;1;1;1;No aplica;11
74;1;2013-07-09;12;4;PERÚ;3;10;1;CEDIF AYACUCHO;2025-10-06;1;1;1;No aplica;11
75;1;2013-03-24;12;4;PERÚ;3;10;1;CEDIF AYACUCHO;2025-10-27;1;2;2;2026-01-02;8
76;1;2011-11-09;14;4;PERÚ;3;1;1;CEDIF AYACUCHO;2025-11-10;1;1;1;No aplica;11
77;1;2013-07-07;12;4;PERÚ;3;10;1;CEDIF AYACUCHO;2025-11-19;1;1;1;No aplica;11
77;2;2013-07-07;12;4;PERÚ;3;10;1;CEDIF AYACUCHO;2025-11-19;1;1;1;No aplica;11
78;1;2014-12-23;11;3;PERÚ;3;1;1;CEDIF AYACUCHO;2025-12-01;2;1;2;2026-01-02;10
79;1;2011-05-24;14;4;PERÚ;3;10;1;CEDIF AYACUCHO;2025-12-02;2;1;2;2026-01-02;10
79;2;2013-09-04;12;4;PERÚ;3;10;1;CEDIF AYACUCHO;2025-12-02;2;1;2;2026-01-02;10
80;2;2012-07-28;13;4;PERÚ;3;10;1;CEDIF AYACUCHO;2025-12-11;1;1;2;2026-02-02;10
82;1;2012-08-14;13;4;PERÚ;3;10;1;CEDIF AYACUCHO;2026-01-06;1;1;1;No aplica;11
83;2;2012-02-14;14;4;PERÚ;3;10;1;CEDIF AYACUCHO;2026-01-15;2;1;1;No aplica;11
84;1;2018-04-28;7;3;PERÚ;3;10;1;CEDIF AYACUCHO;2026-01-12;2;1;1;No aplica;11
84;1;2017-04-24;8;3;PERÚ;3;10;1;CEDIF AYACUCHO;2026-01-12;2;1;2;2026-02-02;10
85;2;2013-03-02;12;4;PERÚ;3;10;1;CEDIF AYACUCHO;2026-01-23;1;1;1;No aplica;11
86;2;2016-05-06;9;3;PERÚ;3;10;1;CEDIF AYACUCHO;2026-01-14;4;1;1;No aplica;11
86;1;2018-07-07;7;3;PERÚ;3;10;1;CEDIF AYACUCHO;2026-01-14;4;1;1;No aplica;11
361;1;2014-05-24;11;3;PERÚ;3;10;1;CEDIF AYACUCHO;2022-02-04;1;1;1;No aplica;11
361;1;2017-11-27;8;3;PERÚ;3;10;1;CEDIF AYACUCHO;2022-02-04;1;1;1;No aplica;11
10;1;2011-03-10;14;4;PERÚ;3;1;1;CEDIF AYACUCHO;2023-08-04;1;1;1;No aplica;11
10;2;2012-10-08;13;4;PERÚ;3;1;1;CEDIF AYACUCHO;2023-08-04;1;1;1;No aplica;11
12;1;2013-10-03;12;4;PERÚ;3;1;1;CEDIF AYACUCHO;2023-10-06;1;1;1;No aplica;11
12;1;2010-07-04;15;4;PERÚ;3;1;1;CEDIF AYACUCHO;2023-10-06;1;1;1;No aplica;11
50;2;2018-12-02;7;3;PERÚ;3;1;1;CEDIF AYACUCHO;2023-05-04;1;1;1;No aplica;11
433;2;2013-12-11;12;4;PERÚ;3;1;1;CEDIF AYACUCHO;2023-03-25;1;1;1;No aplica;11
433;1;2017-03-20;8;3;PERÚ;3;1;1;CEDIF AYACUCHO;2025-03-25;1;1;1;No aplica;11
570;2;2013-08-01;12;4;PERÚ;3;1;1;CEDIF AYACUCHO;2023-05-23;1;1;1;No aplica;11
59;2;2015-04-06;10;3;PERÚ;3;1;1;CEDIF AYACUCHO;2023-01-26;1;1;1;No aplica;11
59;1;2016-06-29;9;3;PERÚ;3;1;1;CEDIF AYACUCHO;2023-01-26;1;1;1;No aplica;11
59;2;2018-08-18;7;3;PERÚ;3;1;1;CEDIF AYACUCHO;2023-01-26;1;1;1;No aplica;11
552;1;2016-08-23;9;3;PERÚ;3;1;1;CEDIF AYACUCHO;2024-02-05;3;1;2;2026-02-02;10
552;1;2018-08-27;7;3;PERÚ;3;1;1;CEDIF AYACUCHO;2024-02-05;4;1;2;2026-02-02;10
552;1;2020-02-16;6;3;PERÚ;3;1;1;CEDIF AYACUCHO;2024-02-05;8;1;2;2026-02-02;10
68;1;2020-02-23;6;3;PERÚ;3;1;1;CEDIF AYACUCHO;2023-10-03;8;1;1;No aplica;11
101;2;2019-02-04;7;3;PERÚ;3;1;1;CEDIF AYACUCHO;2023-10-18;1;1;1;No aplica;11
612;1;2010-05-18;15;4;PERÚ;3;1;1;CEDIF AYACUCHO;2023-08-14;1;1;1;No aplica;11
612;2;2012-07-21;13;4;PERÚ;3;1;1;CEDIF AYACUCHO;2023-08-14;1;1;1;No aplica;11
612;1;2013-11-17;12;4;PERÚ;3;1;1;CEDIF AYACUCHO;2023-08-14;1;1;1;No aplica;11
612;1;2015-09-18;10;3;PERÚ;3;1;1;CEDIF AYACUCHO;2023-08-14;1;1;1;No aplica;11
612;2;2019-01-16;7;3;PERÚ;3;1;1;CEDIF AYACUCHO;2024-05-28;1;1;1;No aplica;11
105;1;2010-08-22;15;4;PERÚ;3;1;1;CEDIF AYACUCHO;2023-12-11;1;1;1;No aplica;11
105;2;2013-05-09;12;4;PERÚ;3;1;1;CEDIF AYACUCHO;2023-12-11;1;1;1;No aplica;11
105;1;2018-06-13;7;3;PERÚ;3;1;1;CEDIF AYACUCHO;2023-12-11;1;1;1;No aplica;11
223;2;2015-01-27;11;3;PERÚ;3;1;1;CEDIF AYACUCHO;2024-01-09;1;1;2;2026-02-02;10
223;1;2017-05-29;8;3;PERÚ;3;1;1;CEDIF AYACUCHO;2024-01-09;1;1;2;2026-02-02;10
777;2;2018-08-08;7;3;PERÚ;3;1;1;CEDIF AYACUCHO;2024-02-06;1;1;2;2026-02-02;10
95;1;2009-11-21;16;4;PERÚ;3;1;1;CEDIF AYACUCHO;2024-02-05;1;1;1;No aplica;11
114;1;2010-02-17;16;4;PERÚ;3;1;1;CEDIF AYACUCHO;2024-03-22;1;1;2;2026-02-02;10
110;1;2012-07-07;13;4;PERÚ;3;1;1;CEDIF AYACUCHO;2024-04-03;1;1;1;No aplica;11
110;1;2014-06-10;11;3;PERÚ;3;1;1;CEDIF AYACUCHO;2024-04-03;1;1;1;No aplica;11
110;1;2017-06-04;8;3;PERÚ;3;1;1;CEDIF AYACUCHO;2024-04-03;1;1;1;No aplica;11
115;2;2009-06-03;16;4;PERÚ;3;10;1;CEDIF AYACUCHO;2024-03-22;1;1;2;2026-01-02;8
115;2;2018-10-05;7;3;PERÚ;3;10;1;CEDIF AYACUCHO;2024-03-22;1;1;2;2026-01-02;8
149;2;2012-06-09;13;4;PERÚ;3;1;1;CEDIF AYACUCHO;2024-07-01;1;1;2;2026-01-02;8
149;1;2012-06-09;13;4;PERÚ;3;1;1;CEDIF AYACUCHO;2024-07-01;1;1;2;2026-01-02;8
152;2;2014-08-28;11;3;PERÚ;3;1;1;CEDIF AYACUCHO;2024-07-10;1;1;2;2026-01-02;1
253;2;2014-11-15;11;3;PERÚ;3;1;1;CEDIF AYACUCHO;2024-08-16;1;1;1;No aplica;11
253;1;2011-01-15;15;4;PERÚ;3;1;1;CEDIF AYACUCHO;2024-08-16;1;1;1;No aplica;11
157;1;2016-11-24;9;3;PERÚ;3;1;1;CEDIF AYACUCHO;2025-01-07;1;1;1;No aplica;11
158;1;2009-05-14;16;4;PERÚ;3;1;1;CEDIF AYACUCHO;2025-01-21;1;1;1;No aplica;11
158;2;2014-04-02;11;3;PERÚ;3;1;1;CEDIF AYACUCHO;2025-01-21;1;1;1;No aplica;11
159;2;2015-03-29;10;3;PERÚ;3;1;1;CEDIF AYACUCHO;2025-01-15;1;1;1;No aplica;11
166;2;2018-06-16;7;3;PERÚ;3;1;1;CEDIF AYACUCHO;2024-02-05;1;1;2;2026-02-02;10
168;1;2012-09-10;13;4;PERÚ;3;1;1;CEDIF AYACUCHO;2025-02-11;1;1;2;2026-02-02;10
168;1;2012-09-10;13;4;PERÚ;3;1;1;CEDIF AYACUCHO;2025-02-11;1;1;2;2026-02-02;10
170;1;2016-03-25;9;3;PERÚ;3;1;1;CEDIF AYACUCHO;2023-03-16;1;1;2;2026-01-02;8
171;2;2011-11-30;14;4;PERÚ;3;1;1;CEDIF AYACUCHO;2023-06-22;1;1;1;No aplica;11
172;2;2013-08-30;12;4;PERÚ;3;1;1;CEDIF AYACUCHO;2024-03-26;1;1;2;2026-02-02;10
172;1;2019-01-20;7;3;PERÚ;3;1;1;CEDIF AYACUCHO;2025-03-17;1;1;2;2026-02-02;10
175;1;2009-07-19;16;4;PERÚ;3;1;1;CEDIF AYACUCHO;2023-05-05;1;1;2;2026-02-02;10
175;1;2011-07-29;14;4;PERÚ;3;1;1;CEDIF AYACUCHO;2023-05-05;1;1;1;No aplica;11
175;1;2017-05-31;8;3;PERÚ;3;1;1;CEDIF AYACUCHO;2023-05-05;1;1;1;No aplica;11
176;1;2011-11-03;14;4;PERÚ;3;1;1;CEDIF AYACUCHO;2024-04-15;1;1;2;2026-02-02;10
178;2;2016-04-16;9;3;PERÚ;3;1;1;CEDIF AYACUCHO;2025-04-03;1;1;1;No aplica;11
179;2;2016-03-09;9;3;PERÚ;3;1;1;CEDIF AYACUCHO;2025-04-04;1;1;1;No aplica;11
179;1;2019-10-05;6;3;PERÚ;3;1;1;CEDIF AYACUCHO;2025-04-04;1;1;1;No aplica;11
181;2;2008-08-19;17;4;PERÚ;3;1;1;CEDIF AYACUCHO;2025-04-09;1;5;1;No aplica;11
181;1;2017-08-16;8;3;PERÚ;3;1;1;CEDIF AYACUCHO;2025-04-09;1;5;1;No aplica;11
181;1;2019-01-08;7;3;PERÚ;3;1;1;CEDIF AYACUCHO;2025-04-09;1;5;1;No aplica;11
183;1;2018-02-12;8;3;PERÚ;3;1;1;CEDIF AYACUCHO;2025-04-10;1;1;1;No aplica;11
185;1;2015-02-24;11;3;PERÚ;3;1;1;CEDIF AYACUCHO;2025-04-10;1;1;2;2026-01-02;8
186;2;2015-08-01;10;3;PERÚ;3;1;1;CEDIF AYACUCHO;2025-04-10;1;1;2;2026-01-01;10
186;2;2019-09-28;6;3;PERÚ;3;1;1;CEDIF AYACUCHO;2025-04-10;1;1;2;2026-01-01;10
188;2;2015-09-16;10;3;PERÚ;3;1;1;CEDIF AYACUCHO;2025-04-14;1;1;2;2026-01-02;8
188;1;2018-06-03;7;3;PERÚ;3;1;1;CEDIF AYACUCHO;2025-04-14;1;1;2;2026-01-02;8
189;2;2017-10-08;8;3;PERÚ;3;1;1;CEDIF AYACUCHO;2025-04-15;1;1;1;No aplica;11
190;1;2010-02-24;16;4;PERÚ;3;1;1;CEDIF AYACUCHO;2025-04-15;1;1;2;2026-01-02;10
190;1;2011-10-06;14;4;PERÚ;3;1;1;CEDIF AYACUCHO;2025-04-15;1;1;2;2026-01-02;10
190;1;2015-02-26;11;3;PERÚ;3;1;1;CEDIF AYACUCHO;2025-04-15;1;1;2;2026-01-02;10
190;2;2016-11-13;9;3;PERÚ;3;1;1;CEDIF AYACUCHO;2025-04-15;1;1;2;2026-01-02;10
191;1;2014-12-03;11;3;PERÚ;3;1;1;CEDIF AYACUCHO;2025-04-14;1;1;1;No aplica;11
191;2;2017-10-26;8;3;PERÚ;3;1;1;CEDIF AYACUCHO;2025-04-14;1;1;1;No aplica;11
192;2;2014-07-06;11;3;PERÚ;3;1;1;CEDIF AYACUCHO;2025-04-14;1;1;2;2026-02-02;10
194;2;2013-11-30;12;4;PERÚ;3;1;1;CEDIF AYACUCHO;2025-04-16;1;1;2;2026-02-02;10
194;2;2016-01-10;10;3;PERÚ;3;1;1;CEDIF AYACUCHO;2025-04-16;1;1;2;2026-02-02;10
195;2;2014-07-16;11;3;PERÚ;3;1;1;CEDIF AYACUCHO;2025-04-21;1;1;1;No aplica;11
195;1;2018-02-25;8;3;PERÚ;3;1;1;CEDIF AYACUCHO;2025-04-21;1;1;1;No aplica;11
196;2;2014-03-30;11;3;PERÚ;3;1;1;CEDIF AYACUCHO;2025-04-21;1;2;2;2026-02-02;10
198;2;2015-04-22;10;3;PERÚ;3;1;1;CEDIF AYACUCHO;2025-04-22;1;1;2;2026-01-02;8
198;2;2017-04-06;8;3;PERÚ;3;1;1;CEDIF AYACUCHO;2025-04-22;1;1;2;2026-01-02;8
199;1;2015-04-17;10;3;PERÚ;3;1;1;CEDIF AYACUCHO;2025-04-22;1;5;2;2026-01-02;10
200;2;2016-11-05;9;3;PERÚ;3;1;1;CEDIF AYACUCHO;2025-05-05;1;1;2;2026-01-02;8
201;1;2012-10-24;13;4;PERÚ;3;1;1;CEDIF AYACUCHO;2025-05-12;1;1;2;2026-01-02;10
201;1;2014-10-17;11;3;PERÚ;3;1;1;CEDIF AYACUCHO;2025-05-12;1;1;2;2026-01-02;10
203;1;2009-06-21;16;4;PERÚ;3;1;1;CEDIF AYACUCHO;2024-10-13;1;1;1;No aplica;11
203;2;2012-03-02;13;4;PERÚ;3;1;1;CEDIF AYACUCHO;2024-10-13;1;1;1;No aplica;11
203;1;2014-12-14;11;3;PERÚ;3;1;1;CEDIF AYACUCHO;2024-10-13;1;1;1;No aplica;11
204;1;2010-07-22;15;4;PERÚ;3;1;1;CEDIF AYACUCHO;2025-05-26;1;1;2;2026-01-01;10
172;2;2012-03-14;13;4;PERÚ;3;1;1;CEDIF AYACUCHO;2025-06-01;1;5;2;2026-01-01;8
205;2;2014-05-07;11;3;PERÚ;3;1;1;CEDIF AYACUCHO;2025-06-16;1;1;1;No aplica;11
205;2;2016-03-25;9;3;PERÚ;3;1;1;CEDIF AYACUCHO;2025-06-16;1;1;2;2026-01-01;8
205;2;2018-11-24;7;3;PERÚ;3;1;1;CEDIF AYACUCHO;2025-06-16;1;1;2;2026-01-01;8
206;2;2019-11-10;6;3;PERÚ;3;1;1;CEDIF AYACUCHO;2025-06-16;1;1;2;2026-02-02;10
198;1;2010-02-06;16;4;PERÚ;3;1;1;CEDIF AYACUCHO;2025-02-06;1;1;2;2026-02-02;10
207;2;2014-05-23;11;3;PERÚ;3;1;1;CEDIF AYACUCHO;2025-07-10;1;1;2;2026-02-02;10
207;1;2015-10-26;10;3;PERÚ;3;1;1;CEDIF AYACUCHO;2025-07-10;1;1;2;2026-02-02;10
208;1;2017-05-16;8;3;PERÚ;3;1;1;CEDIF AYACUCHO;2025-07-10;8;1;2;2026-02-02;10
209;2;2013-07-03;12;4;PERÚ;3;1;1;CEDIF AYACUCHO;2025-07-11;8;1;1;No aplica;11
209;1;2019-03-05;6;3;PERÚ;3;1;1;CEDIF AYACUCHO;2025-07-11;6;1;1;No aplica;11
209;2;2020-10-18;5;2;PERÚ;3;1;1;CEDIF AYACUCHO;2025-07-11;6;1;1;No aplica;11
210;1;2016-03-14;9;3;PERÚ;3;1;1;CEDIF AYACUCHO;2025-08-21;1;1;1;No aplica;11
186;1;2010-04-13;15;4;PERÚ;3;1;1;CEDIF AYACUCHO;2025-08-19;1;1;2;2026-01-01;1
211;1;2015-02-26;11;3;PERÚ;3;1;1;CEDIF AYACUCHO;2025-09-11;1;1;2;2026-01-01;8
212;1;2017-05-06;8;3;PERÚ;3;1;1;CEDIF AYACUCHO;2025-09-17;1;5;1;No aplica;11
212;2;2018-07-11;7;3;PERÚ;3;1;1;CEDIF AYACUCHO;2025-09-17;1;5;1;No aplica;11
213;1;2015-01-08;11;3;PERÚ;3;1;1;CEDIF AYACUCHO;2025-09-22;1;1;1;No aplica;11
214;2;2016-11-07;9;3;PERÚ;3;1;1;CEDIF AYACUCHO;2025-10-07;1;1;1;No aplica;11
215;2;2009-04-18;16;4;PERÚ;3;1;1;CEDIF AYACUCHO;2025-10-12;1;1;1;No aplica;11
215;2;2011-05-25;14;4;PERÚ;3;1;1;CEDIF AYACUCHO;2025-10-12;1;1;1;No aplica;11
215;2;2016-02-11;10;3;PERÚ;3;1;1;CEDIF AYACUCHO;2025-10-12;1;1;1;No aplica;11
215;1;2018-02-23;8;3;PERÚ;3;1;1;CEDIF AYACUCHO;2025-10-12;1;1;1;No aplica;11
215;1;2019-12-18;6;3;PERÚ;3;1;1;CEDIF AYACUCHO;2025-10-12;1;1;1;No aplica;11
216;1;2014-05-17;11;3;PERÚ;3;1;1;CEDIF AYACUCHO;2025-10-22;3;1;2;2026-01-01;2
195;1;2020-12-08;5;2;PERÚ;3;1;1;CEDIF AYACUCHO;2025-12-17;1;1;1;No aplica;11
195;2;2012-08-14;13;4;PERÚ;3;1;1;CEDIF AYACUCHO;2025-12-17;1;1;1;No aplica;11
217;1;2013-06-03;12;4;PERÚ;3;1;1;CEDIF AYACUCHO;2026-01-02;1;2;1;No aplica;11
217;1;2018-09-26;7;3;PERÚ;3;1;1;CEDIF AYACUCHO;2026-01-02;1;2;1;No aplica;11
181;2;2009-05-21;16;4;PERÚ;3;1;1;CEDIF AYACUCHO;2026-01-05;1;2;1;No aplica;11
181;1;2021-03-05;4;2;PERÚ;3;1;1;CEDIF AYACUCHO;2026-01-05;1;1;1;No aplica;11
218;1;2009-08-30;16;4;PERÚ;3;1;1;CEDIF AYACUCHO;2026-01-09;1;2;1;No aplica;11
218;2;2013-02-08;13;4;PERÚ;3;1;1;CEDIF AYACUCHO;2026-01-09;1;2;1;No aplica;11
13200032;2;2019-08-10;6;3;PERÚ;3;10;1;CEDIF CASTROVIRREYNA;2015-06-15;2;1;2;2026-01-23;1
13200037;1;2018-01-02;8;3;PERÚ;1;10;1;CEDIF CASTROVIRREYNA;2021-07-27;2;2;1;No aplica;11
13200044;1;2018-01-11;8;3;PERÚ;3;10;1;CEDIF CASTROVIRREYNA;2025-11-17;2;1;1;No aplica;11
13200044;1;2013-10-04;12;4;PERÚ;3;10;1;CEDIF CASTROVIRREYNA;2018-01-22;2;1;2;2026-02-23;10
13200044;1;2011-12-06;14;4;PERÚ;3;10;1;CEDIF CASTROVIRREYNA;2015-06-15;2;1;2;2026-02-23;10
13200070;1;2013-04-13;12;4;PERÚ;3;10;1;CEDIF CASTROVIRREYNA;2019-06-14;1;1;2;2026-01-20;1
13200072;2;2020-04-12;5;2;PERÚ;3;10;1;CEDIF CASTROVIRREYNA;2023-02-08;2;1;1;No aplica;11
13200073;2;2014-07-23;11;3;PERÚ;3;10;1;CEDIF CASTROVIRREYNA;2025-02-06;2;1;2;2026-01-20;1
13200078;1;2016-06-24;9;3;PERÚ;3;10;1;CEDIF CASTROVIRREYNA;2018-01-18;2;1;1;No aplica;11
13200108;2;2010-08-11;15;4;PERÚ;3;10;1;CEDIF CASTROVIRREYNA;2018-06-07;2;1;2;2026-01-13;8
13200108;2;2015-09-22;10;3;PERÚ;3;10;1;CEDIF CASTROVIRREYNA;2019-02-19;2;1;2;2026-01-13;8
13200108;1;2020-09-26;5;2;PERÚ;3;10;1;CEDIF CASTROVIRREYNA;2025-04-24;1;1;2;2026-01-13;8
13200110;2;2011-05-28;14;4;PERÚ;3;10;1;CEDIF CASTROVIRREYNA;2016-06-01;2;2;1;No aplica;11
13200116;1;2012-08-12;13;4;PERÚ;3;10;1;CEDIF CASTROVIRREYNA;2019-03-12;1;1;2;2026-01-14;1
13200125;2;2016-09-06;9;3;PERÚ;3;10;1;CEDIF CASTROVIRREYNA;2016-08-31;3;1;1;No aplica;11
13200131;2;2016-09-11;9;3;PERÚ;3;10;1;CEDIF CASTROVIRREYNA;2016-11-04;1;2;2;2026-02-24;1
13200139;1;2011-07-23;14;4;PERÚ;3;10;1;CEDIF CASTROVIRREYNA;2017-01-19;5;2;2;2026-02-10;1
13200140;1;2016-12-10;9;3;PERÚ;3;10;1;CEDIF CASTROVIRREYNA;2017-01-20;2;1;1;No aplica;11
13200143;2;2013-03-27;12;4;PERÚ;3;10;1;CEDIF CASTROVIRREYNA;2025-03-07;1;1;2;2026-01-20;8
13200143;2;2015-08-08;10;3;PERÚ;3;10;1;CEDIF CASTROVIRREYNA;2025-03-07;1;1;2;2026-01-20;8
13200143;1;2018-07-25;7;3;PERÚ;3;10;1;CEDIF CASTROVIRREYNA;2021-11-05;5;1;2;2026-01-20;8
13200143;1;2011-11-19;14;4;PERÚ;3;10;1;CEDIF CASTROVIRREYNA;2025-09-18;1;1;2;2026-01-20;8
13200148;1;2014-01-24;12;4;PERÚ;3;10;1;CEDIF CASTROVIRREYNA;2025-04-26;1;2;1;No aplica;11
13200148;2;2017-07-30;8;3;PERÚ;3;10;1;CEDIF CASTROVIRREYNA;2025-04-25;1;2;1;No aplica;11
13200158;2;2021-05-26;4;2;PERÚ;3;10;1;CEDIF CASTROVIRREYNA;2025-01-14;2;2;1;No aplica;11
13200158;2;2014-04-27;11;3;PERÚ;3;10;1;CEDIF CASTROVIRREYNA;2018-01-17;2;1;1;No aplica;11
13200158;2;2016-05-26;9;3;PERÚ;3;10;1;CEDIF CASTROVIRREYNA;2019-10-03;2;1;1;No aplica;11
13200158;2;2011-06-07;14;4;PERÚ;3;10;1;CEDIF CASTROVIRREYNA;2017-10-01;2;1;1;No aplica;11
13200161;1;2013-07-27;12;4;PERÚ;3;10;1;CEDIF CASTROVIRREYNA;2017-10-01;1;1;2;2026-01-16;1
13200161;1;2016-03-25;9;3;PERÚ;3;10;1;CEDIF CASTROVIRREYNA;2017-10-01;1;1;2;2026-01-16;1
13200183;2;2014-11-09;11;3;PERÚ;3;10;1;CEDIF CASTROVIRREYNA;2019-03-12;2;1;1;No aplica;11
13200183;1;2016-03-12;9;3;PERÚ;3;10;1;CEDIF CASTROVIRREYNA;2019-03-13;2;1;1;No aplica;11
13200203;2;2015-09-11;10;3;PERÚ;3;10;1;CEDIF CASTROVIRREYNA;2018-08-09;2;1;1;No aplica;11
13200245;2;2014-10-12;11;3;PERÚ;3;10;1;CEDIF CASTROVIRREYNA;2020-01-16;2;1;1;No aplica;11
13200252;2;2016-05-03;9;3;PERÚ;3;10;1;CEDIF CASTROVIRREYNA;2025-05-12;2;1;2;2026-01-21;1
13200273;1;2016-07-24;9;3;PERÚ;3;10;1;CEDIF CASTROVIRREYNA;2019-07-11;2;1;1;No aplica;11
13200279;2;2019-10-07;6;3;PERÚ;3;10;1;CEDIF CASTROVIRREYNA;2024-07-08;2;1;1;No aplica;11
13200279;2;2017-04-15;8;3;PERÚ;3;10;1;CEDIF CASTROVIRREYNA;2019-12-03;2;1;1;No aplica;11
13200282;2;2016-03-18;9;3;PERÚ;3;10;1;CEDIF CASTROVIRREYNA;2020-01-13;2;1;1;No aplica;11
13200282;2;2020-10-24;5;2;PERÚ;3;10;1;CEDIF CASTROVIRREYNA;2024-02-08;2;1;2;2026-02-05;10
13200287;1;2013-07-16;12;4;PERÚ;3;10;1;CEDIF CASTROVIRREYNA;2020-01-13;2;1;1;No aplica;11
13200287;2;2020-12-11;5;2;PERÚ;3;10;1;CEDIF CASTROVIRREYNA;2025-01-14;2;1;1;No aplica;11
13200288;2;2011-10-10;14;4;PERÚ;3;10;1;CEDIF CASTROVIRREYNA;2020-01-13;2;1;2;2026-01-19;1
13200292;1;2019-01-22;7;3;PERÚ;3;10;1;CEDIF CASTROVIRREYNA;2020-01-29;2;1;1;No aplica;11
13200292;2;2008-06-14;17;4;PERÚ;3;10;1;CEDIF CASTROVIRREYNA;2020-01-29;3;1;2;2026-01-23;8
13200292;2;2013-01-06;13;4;PERÚ;3;10;1;CEDIF CASTROVIRREYNA;2022-03-11;2;1;1;No aplica;11
13200293;2;2017-09-22;8;3;PERÚ;3;10;1;CEDIF CASTROVIRREYNA;2022-02-21;2;1;1;No aplica;11
13200293;2;2015-07-05;10;3;PERÚ;3;10;1;CEDIF CASTROVIRREYNA;2022-02-21;2;1;1;No aplica;11
13200300;2;2017-07-28;8;3;PERÚ;3;10;1;CEDIF CASTROVIRREYNA;2020-02-20;3;1;1;No aplica;11
13200307;2;2015-01-15;11;3;PERÚ;3;10;1;CEDIF CASTROVIRREYNA;2025-09-11;2;1;2;2026-01-21;1
13200312;1;2017-04-14;8;3;PERÚ;3;10;1;CEDIF CASTROVIRREYNA;2020-02-09;2;1;1;No aplica;11
13200314;2;2018-05-14;7;3;PERÚ;3;10;1;CEDIF CASTROVIRREYNA;2020-12-15;2;1;1;No aplica;11
13200315;1;2019-12-22;6;3;PERÚ;3;10;1;CEDIF CASTROVIRREYNA;2023-03-28;2;1;2;2026-01-21;1
13200315;1;2018-09-04;7;3;PERÚ;3;10;1;CEDIF CASTROVIRREYNA;2022-04-21;2;1;2;2026-01-21;1
13200347;2;2017-03-26;8;3;PERÚ;3;10;1;CEDIF CASTROVIRREYNA;2021-02-18;3;1;1;No aplica;11
13200364;2;2014-07-16;11;3;PERÚ;3;10;1;CEDIF CASTROVIRREYNA;2018-04-16;2;1;1;No aplica;11
13200364;2;2013-01-31;13;4;PERÚ;3;10;9;CEDIF CASTROVIRREYNA;2018-02-05;2;2;1;No aplica;11
13200374;2;2015-07-22;10;3;PERÚ;3;10;1;CEDIF CASTROVIRREYNA;2018-09-05;2;1;2;2026-01-21;1
13200382;1;2015-12-17;10;3;PERÚ;3;10;1;CEDIF CASTROVIRREYNA;2021-10-14;2;1;2;2026-02-06;1
13200383;2;2015-09-29;10;3;PERÚ;3;10;1;CEDIF CASTROVIRREYNA;2021-10-15;2;1;1;No aplica;11
13200383;1;2017-09-05;8;3;PERÚ;3;10;1;CEDIF CASTROVIRREYNA;2021-10-15;2;1;1;No aplica;11
13200388;1;2019-01-09;7;3;PERÚ;3;10;1;CEDIF CASTROVIRREYNA;2021-11-10;2;1;1;No aplica;11
13200391;1;2017-12-14;8;3;PERÚ;3;10;1;CEDIF CASTROVIRREYNA;2021-11-24;3;1;2;2026-02-26;10
13200391;2;2021-04-14;4;2;PERÚ;3;10;1;CEDIF CASTROVIRREYNA;2025-01-15;2;1;2;2026-02-26;10
13200395;2;2018-06-11;7;3;PERÚ;3;10;1;CEDIF CASTROVIRREYNA;2024-01-18;2;1;1;No aplica;11
13200395;1;2020-02-23;6;3;PERÚ;3;10;1;CEDIF CASTROVIRREYNA;2024-01-18;2;1;1;No aplica;11
13200398;1;2018-07-18;7;3;PERÚ;3;10;1;CEDIF CASTROVIRREYNA;2023-02-18;2;1;1;No aplica;11
13200401;2;2014-10-11;11;3;PERÚ;3;10;1;CEDIF CASTROVIRREYNA;2022-02-24;2;1;2;2026-02-05;10
13200417;1;2017-12-06;8;3;PERÚ;3;10;1;CEDIF CASTROVIRREYNA;2023-01-12;2;1;1;No aplica;11
13200425;1;2018-02-18;8;3;PERÚ;3;10;1;CEDIF CASTROVIRREYNA;2023-01-20;2;1;2;2026-01-19;1
13200448;2;2015-10-26;10;3;PERÚ;3;10;1;CEDIF CASTROVIRREYNA;2023-07-19;2;1;1;No aplica;11
13200448;2;2018-03-17;7;3;PERÚ;3;10;1;CEDIF CASTROVIRREYNA;2023-07-19;2;1;1;No aplica;11
13200465;2;2020-04-10;5;2;PERÚ;3;10;1;CEDIF CASTROVIRREYNA;2023-10-26;1;2;1;No aplica;11
13200475;1;2013-11-30;12;4;PERÚ;3;10;1;CEDIF CASTROVIRREYNA;2023-12-27;2;1;2;2026-02-23;10
13200006;2;2009-11-13;16;4;PERÚ;3;10;1;CEDIF CASTROVIRREYNA;2025-11-05;1;1;2;2026-01-13;1
13200006;1;2008-11-01;17;4;PERÚ;3;10;1;CEDIF CASTROVIRREYNA;2025-11-17;1;1;2;2026-01-06;1
13200027;2;2014-02-07;12;4;PERÚ;3;10;1;CEDIF CASTROVIRREYNA;2015-06-15;2;1;1;No aplica;11
13200027;1;2009-12-21;16;4;PERÚ;3;10;1;CEDIF CASTROVIRREYNA;2015-06-15;2;1;2;2026-01-22;1
13200243;2;2018-04-26;7;3;PERÚ;3;10;1;CEDIF CASTROVIRREYNA;2019-02-16;1;1;2;2026-01-19;1
13200483;2;2018-10-31;7;3;PERÚ;3;10;1;CEDIF CASTROVIRREYNA;2024-01-11;1;2;1;No aplica;11
13200489;2;2017-07-31;8;3;PERÚ;3;10;1;CEDIF CASTROVIRREYNA;2025-12-30;3;1;1;No aplica;11
13200491;1;2016-06-06;9;3;PERÚ;3;10;1;CEDIF CASTROVIRREYNA;2024-01-18;2;1;1;No aplica;11
13200492;2;2014-06-02;11;3;PERÚ;3;10;1;CEDIF CASTROVIRREYNA;2024-01-23;1;1;2;2026-02-27;10
13200492;2;2021-01-26;5;2;PERÚ;3;10;9;CEDIF CASTROVIRREYNA;2026-01-20;1;2;2;2026-02-27;10
13200502;1;2016-04-03;9;3;PERÚ;3;10;1;CEDIF CASTROVIRREYNA;2024-02-28;1;1;1;No aplica;11
13200503;2;2014-05-03;11;3;PERÚ;3;10;1;CEDIF CASTROVIRREYNA;2024-03-04;1;2;1;No aplica;11
13200506;1;2015-06-11;10;3;PERÚ;3;10;1;CEDIF CASTROVIRREYNA;2024-03-11;1;1;1;No aplica;11
13200508;2;2020-11-19;5;2;PERÚ;3;10;1;CEDIF CASTROVIRREYNA;2024-03-18;1;1;2;2026-01-22;1
13200518;1;2021-09-16;4;2;PERÚ;3;10;1;CEDIF CASTROVIRREYNA;2024-10-14;1;1;1;No aplica;11
13200528;1;2013-01-27;13;4;PERÚ;3;10;1;CEDIF CASTROVIRREYNA;2025-01-20;1;1;1;No aplica;11
13200538;1;2021-09-06;4;2;PERÚ;3;10;1;CEDIF CASTROVIRREYNA;2025-02-27;1;1;2;2026-02-23;1
13200539;1;2017-07-09;8;3;PERÚ;3;10;1;CEDIF CASTROVIRREYNA;2025-02-27;1;1;2;2026-01-16;8
13200541;1;2009-11-12;16;4;PERÚ;3;10;1;CEDIF CASTROVIRREYNA;2025-03-10;1;2;2;2026-01-23;8
13200543;2;2020-08-20;5;2;PERÚ;3;10;1;CEDIF CASTROVIRREYNA;2025-03-18;1;1;2;2026-02-05;10
13200543;2;2018-04-15;7;3;PERÚ;3;10;1;CEDIF CASTROVIRREYNA;2025-03-19;1;1;2;2026-02-05;10
13200547;1;2016-07-12;9;3;PERÚ;3;10;1;CEDIF CASTROVIRREYNA;2025-04-24;1;1;2;2026-01-22;8
13200547;1;2021-03-09;4;2;PERÚ;3;10;1;CEDIF CASTROVIRREYNA;2025-04-24;1;1;2;2026-01-22;8
13200549;1;2017-08-17;8;3;PERÚ;3;10;1;CEDIF CASTROVIRREYNA;2025-07-01;1;1;2;2026-01-14;1
13200550;1;2021-01-28;5;2;PERÚ;3;10;1;CEDIF CASTROVIRREYNA;2025-07-08;1;1;2;2026-02-03;1
13200551;2;2018-07-16;7;3;PERÚ;3;10;1;CEDIF CASTROVIRREYNA;2025-07-24;1;1;2;2026-01-23;1
13200552;1;2015-04-30;10;3;PERÚ;3;10;1;CEDIF CASTROVIRREYNA;2025-09-11;1;1;2;2026-01-23;1
13200554;2;2018-04-24;7;3;PERÚ;3;10;1;CEDIF CASTROVIRREYNA;2025-09-11;1;1;1;No aplica;11
13200554;1;2020-06-19;5;2;PERÚ;3;10;1;CEDIF CASTROVIRREYNA;2025-09-11;1;1;1;No aplica;11
13200555;2;2016-04-02;9;3;PERÚ;3;10;1;CEDIF CASTROVIRREYNA;2026-01-19;1;2;1;No aplica;11
121200125;1;2015-06-12;10;3;PERÚ;3;10;1;CEDIF TAMBOPATA;2023-06-01;3;1;2;2026-01-02;4
121200145;2;2018-07-28;7;3;PERÚ;3;10;7;CEDIF TAMBOPATA;2024-06-03;1;1;1;No aplica;11
121200150;2;2018-01-02;8;3;PERÚ;3;10;7;CEDIF TAMBOPATA;2024-07-01;3;1;1;No aplica;11
121200159;1;2015-10-12;10;3;PERÚ;3;10;7;CEDIF TAMBOPATA;2024-06-03;3;1;1;No aplica;11
121200167;1;2019-05-26;6;3;PERÚ;3;10;7;CEDIF TAMBOPATA;2024-11-01;1;1;1;No aplica;11
121200169;1;2011-01-09;15;4;PERÚ;3;10;7;CEDIF TAMBOPATA;2024-11-01;3;1;1;No aplica;11
121200170;1;2009-11-22;16;4;PERÚ;3;10;7;CEDIF TAMBOPATA;2024-11-01;3;1;2;2026-02-02;4
121200172;1;2016-12-10;9;3;PERÚ;3;10;7;CEDIF TAMBOPATA;2024-11-01;1;1;1;No aplica;11
121200174;2;2015-06-04;10;3;PERÚ;3;10;7;CEDIF TAMBOPATA;2024-12-02;3;1;1;No aplica;11
121200176;1;2009-09-17;16;4;PERÚ;3;10;7;CEDIF TAMBOPATA;2024-12-02;3;1;2;2026-01-02;2
121200178;1;2009-04-06;16;4;PERÚ;3;10;7;CEDIF TAMBOPATA;2025-01-01;3;1;1;No aplica;11
121200178;1;2015-02-16;11;3;PERÚ;3;10;7;CEDIF TAMBOPATA;2025-01-01;3;1;1;No aplica;11
121200181;1;2013-09-09;12;4;PERÚ;3;10;7;CEDIF TAMBOPATA;2025-03-03;3;1;1;No aplica;11
121200188;2;2020-11-17;5;2;PERÚ;3;10;7;CEDIF TAMBOPATA;2025-06-02;3;1;1;No aplica;11
121200190;2;2014-07-19;11;3;PERÚ;3;10;7;CEDIF TAMBOPATA;2025-06-02;3;1;2;2026-01-02;5
121200190;2;2018-01-29;8;3;PERÚ;3;10;7;CEDIF TAMBOPATA;2025-06-02;3;1;2;2026-01-02;5
121200194;1;2015-07-06;10;3;PERÚ;3;10;3;CEDIF TAMBOPATA;2025-07-01;3;2;2;2026-02-02;1
121200194;1;2016-08-23;9;3;PERÚ;3;10;3;CEDIF TAMBOPATA;2025-07-01;3;2;2;2026-02-02;1
121200197;2;2020-02-28;6;3;PERÚ;3;10;3;CEDIF TAMBOPATA;2025-09-01;3;1;1;No aplica;11
121200197;2;2016-07-03;9;3;PERÚ;3;10;3;CEDIF TAMBOPATA;2025-09-01;3;1;1;No aplica;11
121200198;2;2015-05-29;10;3;PERÚ;3;10;3;CEDIF TAMBOPATA;2025-09-01;3;1;1;No aplica;11
121200198;2;2021-02-17;5;2;PERÚ;3;10;3;CEDIF TAMBOPATA;2025-09-01;3;1;1;No aplica;11
121200172;2;2015-06-27;10;3;PERÚ;3;10;7;CEDIF TAMBOPATA;2025-09-01;1;1;1;No aplica;11
121200159;1;2011-09-18;14;4;PERÚ;3;10;7;CEDIF TAMBOPATA;2025-09-01;3;1;1;No aplica;11
121200199;1;2015-08-29;10;3;PERÚ;3;10;1;CEDIF TAMBOPATA;2025-10-01;3;1;1;No aplica;11
121200199;2;2019-04-16;6;3;PERÚ;3;10;1;CEDIF TAMBOPATA;2025-10-01;3;1;1;No aplica;11
121200199;2;2020-06-29;5;2;PERÚ;3;10;1;CEDIF TAMBOPATA;2025-10-01;3;1;1;No aplica;11
121200200;2;2012-10-22;13;4;PERÚ;3;10;1;CEDIF TAMBOPATA;2025-10-01;3;1;1;No aplica;11
121200200;2;2009-05-10;16;4;PERÚ;3;10;1;CEDIF TAMBOPATA;2025-10-01;3;1;1;No aplica;11
121200201;2;2021-08-09;4;2;PERÚ;3;10;1;CEDIF TAMBOPATA;2025-10-01;3;1;1;No aplica;11
121200201;2;2020-02-01;6;3;PERÚ;3;10;1;CEDIF TAMBOPATA;2025-10-01;3;1;1;No aplica;11
121200202;1;2011-01-09;15;4;PERÚ;3;10;3;CEDIF TAMBOPATA;2025-11-01;3;1;1;No aplica;11
121200202;1;2013-02-08;13;4;PERÚ;3;10;3;CEDIF TAMBOPATA;2025-11-01;3;1;1;No aplica;11
121200203;1;2009-05-09;16;4;PERÚ;3;10;3;CEDIF TAMBOPATA;2025-11-01;3;1;2;2026-02-02;2
121200203;1;2015-09-30;10;3;PERÚ;3;10;3;CEDIF TAMBOPATA;2025-11-01;3;1;1;No aplica;11
121200203;1;2017-10-30;8;3;PERÚ;3;10;3;CEDIF TAMBOPATA;2025-11-01;3;1;1;No aplica;11
121200204;2;2016-04-12;9;3;PERÚ;3;10;3;CEDIF TAMBOPATA;2025-12-01;3;1;2;2026-02-02;2
121200204;2;2022-03-13;3;2;PERÚ;3;10;3;CEDIF TAMBOPATA;2025-12-01;3;1;1;No aplica;11
121200205;2;2018-01-14;8;3;PERÚ;3;10;3;CEDIF TAMBOPATA;2025-12-01;3;2;1;No aplica;11
121200205;2;2016-02-24;10;3;PERÚ;3;10;3;CEDIF TAMBOPATA;2025-12-01;3;2;1;No aplica;11
121200205;2;2014-04-21;11;3;PERÚ;3;10;3;CEDIF TAMBOPATA;2025-12-01;3;2;1;No aplica;11
121200199;2;2022-12-18;3;2;PERÚ;3;10;1;CEDIF TAMBOPATA;2025-12-01;3;1;1;No aplica;11
121200206;2;2020-01-14;6;3;COLOMBIA ;3;10;7;CEDIF TAMBOPATA;2026-01-02;3;5;1;No aplica;11
121200207;2;2019-02-25;7;3;PERÚ;3;10;3;CEDIF TAMBOPATA;2026-01-02;3;1;1;No aplica;11
121200207;2;2020-02-27;6;3;PERÚ;3;10;3;CEDIF TAMBOPATA;2026-01-02;3;1;1;No aplica;11
121200207;2;2022-07-25;3;2;PERÚ;3;10;3;CEDIF TAMBOPATA;2026-01-02;3;1;1;No aplica;11
121200452;1;2020-01-03;6;3;PERÚ;3;10;7;CEDIF MAGDALENA ROBLES CANALES;2022-05-10;3;1;1;No aplica;11
121200504;1;2020-05-19;5;2;PERÚ;3;10;7;CEDIF MAGDALENA ROBLES CANALES;2023-01-10;1;1;1;No aplica;11
121200507;2;2019-06-27;6;3;PERÚ;3;10;7;CEDIF MAGDALENA ROBLES CANALES;2023-01-09;1;2;1;No aplica;11
121200507;1;2015-07-31;10;3;PERÚ;3;10;7;CEDIF MAGDALENA ROBLES CANALES;2023-01-09;1;2;1;No aplica;11
121200562;1;2019-05-22;6;3;PERÚ;3;10;7;CEDIF MAGDALENA ROBLES CANALES;2023-06-20;1;1;2;2026-01-19;10
121200569;2;2021-10-10;4;2;PERÚ;3;10;7;CEDIF MAGDALENA ROBLES CANALES;2023-09-04;3;1;1;No aplica;11
121200586;2;2022-05-07;3;2;PERÚ;3;10;7;CEDIF MAGDALENA ROBLES CANALES;2023-12-18;3;1;1;No aplica;11
121200586;1;2021-03-21;4;2;PERÚ;3;10;7;CEDIF MAGDALENA ROBLES CANALES;2023-12-18;3;1;1;No aplica;11
121200590;1;2021-09-13;4;2;PERÚ;3;10;7;CEDIF MAGDALENA ROBLES CANALES;2024-01-22;1;1;2;2026-01-12;1
121200558;2;2008-07-03;17;4;PERÚ;3;10;7;CEDIF MAGDALENA ROBLES CANALES;2024-01-03;6;1;1;No aplica;11
121200571;2;2012-04-01;13;4;PERÚ;3;10;7;CEDIF MAGDALENA ROBLES CANALES;2024-01-08;1;2;1;No aplica;11
121200571;2;2020-04-12;5;2;PERÚ;3;10;7;CEDIF MAGDALENA ROBLES CANALES;2024-01-08;1;1;1;No aplica;11
121200629;1;2021-10-07;4;2;PERÚ;3;10;7;CEDIF MAGDALENA ROBLES CANALES;2024-03-13;3;1;2;2026-01-12;1
121200631;2;2020-07-24;5;2;PERÚ;3;10;7;CEDIF MAGDALENA ROBLES CANALES;2024-03-20;1;1;1;No aplica;11
121200631;1;2009-11-28;16;4;PERÚ;3;10;7;CEDIF MAGDALENA ROBLES CANALES;2024-03-20;1;1;1;No aplica;11
121200635;2;2020-11-17;5;2;PERÚ;3;10;7;CEDIF MAGDALENA ROBLES CANALES;2024-03-21;1;1;1;No aplica;11
121200640;1;2021-06-25;4;2;PERÚ;3;10;7;CEDIF MAGDALENA ROBLES CANALES;2024-04-01;1;1;1;No aplica;11
121200643;1;2019-12-26;6;3;PERÚ;3;10;7;CEDIF MAGDALENA ROBLES CANALES;2024-04-01;1;1;1;No aplica;11
121200643;2;2016-11-09;9;3;PERÚ;3;10;7;CEDIF MAGDALENA ROBLES CANALES;2024-04-23;1;1;1;No aplica;11
121200647;2;2020-04-16;5;2;PERÚ;3;10;7;CEDIF MAGDALENA ROBLES CANALES;2024-05-14;3;1;2;2026-01-12;1
121200571;1;2022-08-20;3;2;PERÚ;3;10;7;CEDIF MAGDALENA ROBLES CANALES;2024-05-28;1;1;1;No aplica;11
121200571;2;2015-03-07;10;3;PERÚ;3;10;7;CEDIF MAGDALENA ROBLES CANALES;2024-05-02;1;1;1;No aplica;11
121200657;1;2012-02-21;14;4;PERÚ;3;10;7;CEDIF MAGDALENA ROBLES CANALES;2024-07-12;1;1;1;No aplica;11
121200661;1;2020-11-10;5;2;PERÚ;3;10;7;CEDIF MAGDALENA ROBLES CANALES;2024-08-20;4;1;1;No aplica;11
121200663;1;2022-05-23;3;2;PERÚ;3;10;7;CEDIF MAGDALENA ROBLES CANALES;2024-10-10;3;1;1;No aplica;11
121200666;1;2016-11-02;9;3;PERÚ;3;10;7;CEDIF MAGDALENA ROBLES CANALES;2024-10-14;3;1;2;2026-01-09;10
121200668;1;2022-10-19;3;2;PERÚ;3;10;9;CEDIF MAGDALENA ROBLES CANALES;2025-01-06;6;1;1;No aplica;11
121200670;1;2022-08-22;3;2;PERÚ;3;10;9;CEDIF MAGDALENA ROBLES CANALES;2025-01-10;2;1;1;No aplica;11
121200671;1;2022-10-30;3;2;PERÚ;3;10;9;CEDIF MAGDALENA ROBLES CANALES;2025-01-13;4;2;1;No aplica;11
121200672;1;2023-02-19;3;2;PERÚ;3;10;9;CEDIF MAGDALENA ROBLES CANALES;2025-01-14;2;1;1;No aplica;11
121200673;1;2022-11-14;3;2;PERÚ;3;10;9;CEDIF MAGDALENA ROBLES CANALES;2025-01-14;3;1;1;No aplica;11
121200675;1;2021-04-27;4;2;PERÚ;3;10;9;CEDIF MAGDALENA ROBLES CANALES;2025-01-13;6;1;1;No aplica;11
121200675;1;2017-05-22;8;3;PERÚ;3;10;9;CEDIF MAGDALENA ROBLES CANALES;2025-01-13;6;1;1;No aplica;11
121200679;2;2023-01-19;3;2;PERÚ;3;10;7;CEDIF MAGDALENA ROBLES CANALES;2025-02-03;3;1;1;No aplica;11
121200680;1;2014-11-11;11;3;PERÚ;3;10;7;CEDIF MAGDALENA ROBLES CANALES;2025-02-03;1;1;1;No aplica;11
121200680;1;2012-01-04;14;4;PERÚ;3;10;7;CEDIF MAGDALENA ROBLES CANALES;2025-02-03;1;2;1;No aplica;11
121200682;2;2014-03-26;11;3;PERÚ;3;10;7;CEDIF MAGDALENA ROBLES CANALES;2025-02-11;1;1;1;No aplica;11
121200683;2;2020-06-22;5;2;PERÚ;3;10;7;CEDIF MAGDALENA ROBLES CANALES;2025-02-03;3;1;1;No aplica;11
121200685;1;2021-01-18;5;2;PERÚ;3;10;7;CEDIF MAGDALENA ROBLES CANALES;2025-02-14;1;2;2;2026-01-12;10
121200635;2;2023-02-28;3;2;PERÚ;3;10;7;CEDIF MAGDALENA ROBLES CANALES;2025-02-21;1;1;1;No aplica;11
121200692;1;2016-01-30;10;3;PERÚ;3;10;7;CEDIF MAGDALENA ROBLES CANALES;2025-03-13;3;1;1;No aplica;11
121200692;1;2018-03-05;7;3;PERÚ;3;10;7;CEDIF MAGDALENA ROBLES CANALES;2025-03-13;3;1;1;No aplica;11
121200558;1;2021-11-20;4;2;PERÚ;3;10;7;CEDIF MAGDALENA ROBLES CANALES;2025-03-12;6;1;1;No aplica;11
121200697;2;2022-07-27;3;2;PERÚ;3;10;7;CEDIF MAGDALENA ROBLES CANALES;2025-04-21;3;1;1;No aplica;11
121200700;1;2012-11-01;13;4;PERÚ;3;10;7;CEDIF MAGDALENA ROBLES CANALES;2025-04-24;1;1;2;2026-01-19;1
121200679;1;2014-09-17;11;3;PERÚ;3;10;7;CEDIF MAGDALENA ROBLES CANALES;2025-04-01;3;1;1;No aplica;11
121200679;2;2014-09-10;11;3;PERÚ;3;10;7;CEDIF MAGDALENA ROBLES CANALES;2025-04-01;3;1;1;No aplica;11
121200702;1;2010-11-12;15;4;PERÚ;3;10;7;CEDIF MAGDALENA ROBLES CANALES;2025-04-01;3;1;2;2026-01-19;1
121200703;2;2020-05-02;5;2;PERÚ;3;10;7;CEDIF MAGDALENA ROBLES CANALES;2025-05-12;3;2;1;No aplica;11
121200705;1;2022-03-15;3;2;PERÚ;3;10;7;CEDIF MAGDALENA ROBLES CANALES;2025-06-16;4;1;1;No aplica;11
121200707;1;2017-04-03;8;3;PERÚ;3;10;7;CEDIF MAGDALENA ROBLES CANALES;2025-08-14;3;1;2;2026-01-09;10
121200709;1;2010-11-08;15;4;PERÚ;3;10;7;CEDIF MAGDALENA ROBLES CANALES;2025-09-16;3;1;1;No aplica;11
121200710;2;2016-08-05;9;3;PERÚ;3;10;7;CEDIF MAGDALENA ROBLES CANALES;2025-09-16;1;1;1;No aplica;11
121200711;1;2022-11-10;3;2;PERÚ;3;10;7;CEDIF MAGDALENA ROBLES CANALES;2025-09-22;1;1;1;No aplica;11
121200712;1;2023-10-06;2;2;PERÚ;3;10;7;CEDIF MAGDALENA ROBLES CANALES;2025-09-16;1;1;1;No aplica;11
121200713;1;2022-08-12;3;2;PERÚ;3;10;7;CEDIF MAGDALENA ROBLES CANALES;2025-09-01;3;1;1;No aplica;11
121200713;1;2021-08-28;4;2;PERÚ;3;10;7;CEDIF MAGDALENA ROBLES CANALES;2025-09-01;3;1;1;No aplica;11
121200714;2;2022-10-04;3;2;PERÚ;3;10;7;CEDIF MAGDALENA ROBLES CANALES;2025-10-01;3;1;1;No aplica;11
121200715;2;2017-04-07;8;3;PERÚ;3;10;7;CEDIF MAGDALENA ROBLES CANALES;2025-10-01;1;1;1;No aplica;11
121200716;2;2012-08-17;13;4;PERÚ;3;10;7;CEDIF MAGDALENA ROBLES CANALES;2025-10-14;1;1;1;No aplica;11
121200717;2;2014-12-01;11;3;PERÚ;3;10;7;CEDIF MAGDALENA ROBLES CANALES;2025-11-04;1;1;1;No aplica;11
121200718;1;2015-06-03;10;3;PERÚ;3;10;1;CEDIF MAGDALENA ROBLES CANALES;2025-12-29;3;1;1;No aplica;11
121200718;2;2017-05-07;8;3;PERÚ;3;10;1;CEDIF MAGDALENA ROBLES CANALES;2025-12-29;3;1;1;No aplica;11
121200719;2;2016-12-27;9;3;PERÚ;3;10;1;CEDIF MAGDALENA ROBLES CANALES;2025-12-29;3;1;1;No aplica;11
121200719;1;2014-02-01;12;4;PERÚ;3;10;1;CEDIF MAGDALENA ROBLES CANALES;2025-12-29;3;1;1;No aplica;11
121200720;2;2016-06-08;9;3;PERÚ;3;10;7;CEDIF MAGDALENA ROBLES CANALES;2025-12-29;3;1;1;No aplica;11
121200720;2;2018-09-02;7;3;PERÚ;3;10;7;CEDIF MAGDALENA ROBLES CANALES;2025-12-26;3;1;1;No aplica;11
121200720;1;2020-11-27;5;2;PERÚ;3;10;7;CEDIF MAGDALENA ROBLES CANALES;2025-12-26;3;1;1;No aplica;11
121200720;2;2022-09-04;3;2;PERÚ;3;10;7;CEDIF MAGDALENA ROBLES CANALES;2025-12-26;3;1;1;No aplica;11
121200721;1;2023-06-11;2;2;PERÚ;3;10;7;CEDIF MAGDALENA ROBLES CANALES;2026-01-09;3;1;1;No aplica;11
121200722;1;2023-06-04;2;2;PERÚ;3;10;7;CEDIF MAGDALENA ROBLES CANALES;2026-01-12;3;1;1;No aplica;11
121200723;1;2022-12-10;3;2;PERÚ;3;10;7;CEDIF MAGDALENA ROBLES CANALES;2026-01-08;3;1;1;No aplica;11
121200724;1;2014-10-31;11;3;PERÚ;3;10;7;CEDIF MAGDALENA ROBLES CANALES;2026-01-06;3;1;1;No aplica;11
121200725;1;2019-01-24;7;3;PERÚ;3;10;7;CEDIF MAGDALENA ROBLES CANALES;2026-01-12;3;1;1;No aplica;11
121200726;2;2012-11-20;13;4;VENEZUELA;3;10;7;CEDIF MAGDALENA ROBLES CANALES;2026-01-09;3;1;1;No aplica;11
121200728;1;2019-08-19;6;3;PERÚ;3;10;7;CEDIF MAGDALENA ROBLES CANALES;2026-01-14;3;1;1;No aplica;11
121200729;1;2022-07-21;3;2;PERÚ;3;10;1;CEDIF MAGDALENA ROBLES CANALES;2026-01-21;3;1;1;No aplica;11
121200730;2;2016-12-03;9;3;PERÚ;3;10;1;CEDIF MAGDALENA ROBLES CANALES;2026-01-26;1;1;1;No aplica;11
121200730;1;2022-05-25;3;2;PERÚ;3;10;1;CEDIF MAGDALENA ROBLES CANALES;2026-01-26;1;1;1;No aplica;11
121200731;1;2015-09-01;10;3;PERÚ;3;10;7;CEDIF MAGDALENA ROBLES CANALES;2026-01-26;3;1;1;No aplica;11
121200673;2;2023-12-21;2;2;PERÚ;3;10;7;CEDIF MAGDALENA ROBLES CANALES;2026-01-12;3;1;1;No aplica;11
121200727;2;2014-05-09;11;3;PERÚ;3;10;7;CEDIF MAGDALENA ROBLES CANALES;2026-01-21;3;1;1;No aplica;11
121200727;1;2012-01-29;14;4;PERÚ;3;10;7;CEDIF MAGDALENA ROBLES CANALES;2026-01-21;1;1;1;No aplica;11
121200716;1;2023-10-08;2;2;PERÚ;3;10;7;CEDIF MAGDALENA ROBLES CANALES;2026-01-09;3;1;1;No aplica;11
CD473;2;2016-12-11;9;3;PERÚ;3;10;7;CEDIF YURIMAGUAS;2021-12-22;2;1;1;No aplica;11
CD467;2;2018-03-30;7;3;PERÚ;3;10;7;CEDIF YURIMAGUAS;2022-02-01;2;1;1;No aplica;11
CD486;2;2010-08-14;15;4;PERÚ;3;10;7;CEDIF YURIMAGUAS;2022-02-01;2;1;1;No aplica;11
CD467;1;2015-04-29;10;3;PERÚ;3;10;7;CEDIF YURIMAGUAS;2022-06-03;2;1;1;No aplica;11
CD504;1;2017-02-02;9;3;PERÚ;3;10;7;CEDIF YURIMAGUAS;2022-06-06;2;1;1;No aplica;11
CD457;1;2014-03-19;11;3;PERÚ;3;10;7;CEDIF YURIMAGUAS;2022-07-04;1;1;1;No aplica;11
CD394;1;2009-05-18;16;4;PERÚ;3;10;3;CEDIF YURIMAGUAS;2022-07-13;2;1;1;No aplica;11
CD258;1;2014-09-20;11;3;PERÚ;3;10;7;CEDIF YURIMAGUAS;2021-11-11;2;1;1;No aplica;11
CD442;1;2015-09-07;10;3;PERÚ;3;10;7;CEDIF YURIMAGUAS;2022-10-10;1;1;2;2026-02-03;10
CD473;1;2019-08-30;6;3;PERÚ;3;10;7;CEDIF YURIMAGUAS;2022-10-10;1;1;1;No aplica;11
CD273;1;2017-04-05;8;3;PERÚ;3;10;7;CEDIF YURIMAGUAS;2022-10-10;1;1;2;2026-02-09;1
CD504;2;2014-12-13;11;3;PERÚ;3;10;7;CEDIF YURIMAGUAS;2022-10-11;1;1;1;No aplica;11
CD488;1;2020-09-15;5;2;PERÚ;3;10;7;CEDIF YURIMAGUAS;2022-10-11;1;1;1;No aplica;11
CD460;1;2019-04-01;6;3;PERÚ;3;10;7;CEDIF YURIMAGUAS;2022-10-11;1;1;1;No aplica;11
CD418;2;2012-10-01;13;4;PERÚ;3;10;7;CEDIF YURIMAGUAS;2022-10-13;1;1;1;No aplica;11
CD479;1;2015-05-20;10;3;PERÚ;3;10;7;CEDIF YURIMAGUAS;2022-11-08;1;1;2;2026-02-09;1
CD443;2;2020-06-27;5;2;PERÚ;3;10;7;CEDIF YURIMAGUAS;2023-01-17;1;1;2;2026-02-23;1
CD500;2;2021-04-27;4;2;PERÚ;3;10;7;CEDIF YURIMAGUAS;2023-01-20;1;1;1;No aplica;11
CD443;1;2017-01-05;9;3;PERÚ;3;10;7;CEDIF YURIMAGUAS;2023-01-26;1;1;2;2026-02-23;1
CD479;2;2012-04-26;13;4;PERÚ;3;10;7;CEDIF YURIMAGUAS;2023-01-26;1;1;1;No aplica;11
CD273;2;2015-11-07;10;3;PERÚ;3;10;7;CEDIF YURIMAGUAS;2023-01-26;1;1;2;2026-02-09;1
CD465;1;2016-03-06;9;3;PERÚ;3;10;7;CEDIF YURIMAGUAS;2021-11-16;1;1;1;No aplica;11
CD425;1;2016-06-25;9;3;PERÚ;3;10;7;CEDIF YURIMAGUAS;2023-02-24;1;1;1;No aplica;11
CD281;1;2011-01-13;15;4;PERÚ;3;10;7;CEDIF YURIMAGUAS;2023-02-27;1;1;1;No aplica;11
CD57;1;2008-09-18;17;4;PERÚ;3;10;3;CEDIF YURIMAGUAS;2023-05-18;1;1;2;2026-02-27;5
CD414;2;2012-08-07;13;4;PERÚ;3;10;7;CEDIF YURIMAGUAS;2023-03-02;2;1;1;No aplica;11
CD475;1;2013-09-13;12;4;PERÚ;3;10;7;CEDIF YURIMAGUAS;2023-03-10;1;1;2;2026-01-09;4
CD282;2;2017-11-30;8;3;PERÚ;3;10;7;CEDIF YURIMAGUAS;2023-03-10;1;2;2;2026-01-09;8
CD282;2;2012-02-06;14;4;PERÚ;3;10;7;CEDIF YURIMAGUAS;2023-04-04;1;1;2;2026-01-09;8
CD282;2;2012-02-06;14;4;PERÚ;3;10;7;CEDIF YURIMAGUAS;2023-04-04;1;1;2;2026-01-09;8
CD254;1;2016-06-27;9;3;PERÚ;3;10;7;CEDIF YURIMAGUAS;2023-04-12;3;1;1;No aplica;11
CD254;1;2014-01-21;12;4;PERÚ;3;10;7;CEDIF YURIMAGUAS;2023-04-12;2;1;1;No aplica;11
CD425;1;2013-12-30;12;4;PERÚ;3;10;7;CEDIF YURIMAGUAS;2023-04-20;1;1;1;No aplica;11
CD353;2;2020-08-01;5;2;PERÚ;3;10;7;CEDIF YURIMAGUAS;2023-04-20;1;1;2;2026-01-06;1
CD254;2;2018-06-11;7;3;PERÚ;3;10;7;CEDIF YURIMAGUAS;2023-08-07;3;1;1;No aplica;11
CD429;1;2015-05-04;10;3;PERÚ;3;10;7;CEDIF YURIMAGUAS;2023-08-24;1;1;1;No aplica;11
CD353;2;2014-07-22;11;3;PERÚ;3;10;7;CEDIF YURIMAGUAS;2023-08-24;1;1;2;2026-01-06;1
CD429;1;2012-03-25;13;4;PERÚ;3;10;7;CEDIF YURIMAGUAS;2023-09-07;1;1;1;No aplica;11
CD454;1;2019-07-06;6;3;PERÚ;3;10;7;CEDIF YURIMAGUAS;2023-09-18;1;1;1;No aplica;11
CD490;1;2016-02-09;10;3;PERÚ;3;10;7;CEDIF YURIMAGUAS;2023-11-02;1;1;2;2026-01-06;1
CD475;1;2013-09-13;12;4;PERÚ;3;10;7;CEDIF YURIMAGUAS;2023-11-08;1;1;2;2026-01-09;4
CD481;2;2014-05-22;11;3;PERÚ;3;10;7;CEDIF YURIMAGUAS;2023-12-04;1;1;1;No aplica;11
CD374;1;2019-11-14;6;3;PERÚ;3;10;7;CEDIF YURIMAGUAS;2023-12-04;1;1;1;No aplica;11
CD488;2;2016-09-04;9;3;PERÚ;3;10;7;CEDIF YURIMAGUAS;2023-12-11;1;1;1;No aplica;11
CD481;2;2013-03-02;12;4;PERÚ;3;10;7;CEDIF YURIMAGUAS;2024-03-04;1;1;1;No aplica;11
CD488;2;2014-02-03;12;4;PERÚ;3;10;7;CEDIF YURIMAGUAS;2024-03-04;1;1;1;No aplica;11
CD497;1;2020-10-14;5;2;PERÚ;3;10;7;CEDIF YURIMAGUAS;2024-03-04;2;1;2;2026-02-18;1
CD374;1;2014-10-26;11;3;PERÚ;3;10;7;CEDIF YURIMAGUAS;2024-03-04;1;1;1;No aplica;11
CD491;2;2018-08-06;7;3;PERÚ;3;10;7;CEDIF YURIMAGUAS;2024-03-04;1;1;1;No aplica;11
CD481;1;2019-07-12;6;3;PERÚ;3;10;7;CEDIF YURIMAGUAS;2024-03-07;1;1;1;No aplica;11
CD402;1;2010-01-16;16;4;PERÚ;3;10;7;CEDIF YURIMAGUAS;2024-03-07;1;1;2;2026-02-09;1
CD499;2;2021-05-18;4;2;PERÚ;3;10;7;CEDIF YURIMAGUAS;2024-03-11;1;1;1;No aplica;11
CD353;2;2012-08-23;13;4;PERÚ;3;10;7;CEDIF YURIMAGUAS;2024-03-11;1;1;2;2026-01-06;1
CD376;2;2015-01-24;11;3;PERÚ;3;10;7;CEDIF YURIMAGUAS;2024-05-05;3;1;1;No aplica;11
CD432;1;2016-10-04;9;3;PERÚ;3;10;7;CEDIF YURIMAGUAS;2024-05-05;3;1;1;No aplica;11
CD385;2;2018-02-05;8;3;PERÚ;3;10;7;CEDIF YURIMAGUAS;2024-05-05;3;1;1;No aplica;11
CD304;1;2015-10-21;10;3;PERÚ;3;10;7;CEDIF YURIMAGUAS;2022-02-21;3;1;1;No aplica;11
CD475;1;2012-04-15;13;4;PERÚ;3;10;7;CEDIF YURIMAGUAS;2024-05-20;3;1;2;2026-01-09;4
CD385;1;2014-09-15;11;3;PERÚ;3;10;7;CEDIF YURIMAGUAS;2024-05-20;3;1;1;No aplica;11
CD491;2;2012-11-25;13;4;PERÚ;3;10;7;CEDIF YURIMAGUAS;2024-05-20;3;1;1;No aplica;11
CD451;1;2011-11-23;14;4;PERÚ;3;10;7;CEDIF YURIMAGUAS;2024-05-22;3;1;2;2026-01-06;1
CD376;2;2016-11-03;9;3;PERÚ;3;10;7;CEDIF YURIMAGUAS;2024-05-24;1;1;1;No aplica;11
CD473;1;2014-01-08;12;4;PERÚ;3;10;7;CEDIF YURIMAGUAS;2024-02-15;3;1;1;No aplica;11
CD465;1;2018-02-16;8;3;PERÚ;3;10;7;CEDIF YURIMAGUAS;2024-05-30;3;1;1;No aplica;11
CD389;1;2008-07-19;17;4;PERÚ;3;10;7;CEDIF YURIMAGUAS;2024-05-30;3;1;2;2026-01-19;8
CD389;1;2011-03-16;14;4;PERÚ;3;10;7;CEDIF YURIMAGUAS;2024-05-30;3;1;2;2026-01-19;8
CD413;2;2014-10-09;11;3;PERÚ;3;10;7;CEDIF YURIMAGUAS;2024-06-05;3;1;2;2026-01-06;1
CD414;2;2017-06-29;8;3;PERÚ;3;10;7;CEDIF YURIMAGUAS;2024-06-10;3;1;1;No aplica;11
CD502;2;2017-05-31;8;3;PERÚ;3;10;7;CEDIF YURIMAGUAS;2024-06-10;3;1;2;2026-01-06;1
CD479;1;2019-04-03;6;3;PERÚ;3;10;7;CEDIF YURIMAGUAS;2024-06-14;3;1;2;2026-02-09;1
CD486;2;2013-02-17;13;4;PERÚ;3;10;7;CEDIF YURIMAGUAS;2024-06-14;3;1;1;No aplica;11
CD486;2;2016-06-03;9;3;PERÚ;3;10;7;CEDIF YURIMAGUAS;2024-06-14;3;1;1;No aplica;11
CD495;2;2016-09-01;9;3;PERÚ;3;10;7;CEDIF YURIMAGUAS;2024-06-14;3;1;1;No aplica;11
CD512;1;2020-03-04;5;2;PERÚ;3;10;7;CEDIF YURIMAGUAS;2024-08-02;1;1;1;No aplica;11
CD514;2;2016-12-13;9;3;PERÚ;3;10;7;CEDIF YURIMAGUAS;2024-08-08;1;1;1;No aplica;11
CD514;2;2009-05-23;16;4;PERÚ;3;10;7;CEDIF YURIMAGUAS;2024-08-08;1;1;1;No aplica;11
CD514;2;2011-09-07;14;4;PERÚ;3;10;7;CEDIF YURIMAGUAS;2024-08-08;1;1;1;No aplica;11
CD514;2;2015-04-25;10;3;PERÚ;3;10;7;CEDIF YURIMAGUAS;2024-08-08;1;1;1;No aplica;11
CD508;1;2017-03-26;8;3;PERÚ;3;10;7;CEDIF YURIMAGUAS;2024-08-17;1;1;1;No aplica;11
CD508;2;2021-05-31;4;2;PERÚ;3;10;7;CEDIF YURIMAGUAS;2024-08-17;1;1;1;No aplica;11
CD516;2;2011-12-05;14;4;PERÚ;3;10;7;CEDIF YURIMAGUAS;2024-09-19;1;1;1;No aplica;11
CD516;2;2013-11-14;12;4;PERÚ;3;10;7;CEDIF YURIMAGUAS;2024-09-19;1;1;1;No aplica;11
CD414;2;2020-03-10;5;2;PERÚ;3;10;7;CEDIF YURIMAGUAS;2024-09-25;1;1;1;No aplica;11
CD518;1;2015-05-18;10;3;PERÚ;3;10;7;CEDIF YURIMAGUAS;2024-09-25;1;1;1;No aplica;11
CD521;2;2018-01-15;8;3;PERÚ;3;10;7;CEDIF YURIMAGUAS;2024-10-21;1;1;2;2026-02-09;1
CD521;2;2020-08-06;5;2;PERÚ;3;10;7;CEDIF YURIMAGUAS;2024-10-21;1;1;2;2026-02-09;1
CD520;1;2011-02-19;15;4;PERÚ;3;10;7;CEDIF YURIMAGUAS;2024-10-21;1;1;2;2026-01-06;1
CD522;2;2017-08-24;8;3;PERÚ;3;10;7;CEDIF YURIMAGUAS;2024-11-05;1;1;2;2026-01-06;9
CD524;1;2020-02-12;6;3;PERÚ;3;10;7;CEDIF YURIMAGUAS;2024-11-28;1;1;2;2026-02-09;1
CD432;2;2021-05-21;4;2;PERÚ;3;10;7;CEDIF YURIMAGUAS;2024-12-31;3;1;1;No aplica;11
CD486;2;2021-06-18;4;2;PERÚ;3;10;7;CEDIF YURIMAGUAS;2024-12-31;1;1;1;No aplica;11
CD526;2;2012-12-16;13;4;PERÚ;3;10;7;CEDIF YURIMAGUAS;2025-01-02;1;1;1;No aplica;11
CD526;2;2018-03-26;7;3;PERÚ;3;10;7;CEDIF YURIMAGUAS;2025-01-02;1;1;1;No aplica;11
CD528;2;2017-09-30;8;3;PERÚ;3;10;7;CEDIF YURIMAGUAS;2025-01-03;1;1;1;No aplica;11
CD528;2;2015-02-27;11;3;PERÚ;3;10;7;CEDIF YURIMAGUAS;2025-01-03;1;1;1;No aplica;11
CD529;1;2021-09-26;4;2;PERÚ;3;10;7;CEDIF YURIMAGUAS;2025-01-07;1;1;1;No aplica;11
CD529;1;2012-11-30;13;4;PERÚ;3;10;7;CEDIF YURIMAGUAS;2025-01-07;1;1;1;No aplica;11
CD530;1;2015-08-31;10;3;PERÚ;3;10;7;CEDIF YURIMAGUAS;2025-01-07;1;1;2;2026-01-06;8
CD530;2;2019-11-17;6;3;PERÚ;3;10;7;CEDIF YURIMAGUAS;2025-01-07;1;1;2;2026-01-06;8
CD540;2;2021-11-18;4;2;PERÚ;3;10;7;CEDIF YURIMAGUAS;2025-01-17;1;1;1;No aplica;11
CD542;1;2014-04-11;11;3;PERÚ;3;10;7;CEDIF YURIMAGUAS;2025-01-21;1;1;1;No aplica;11
CD535;1;2014-08-20;11;3;PERÚ;3;10;7;CEDIF YURIMAGUAS;2025-01-08;1;1;1;No aplica;11
CD537;2;2017-02-02;9;3;PERÚ;3;10;7;CEDIF YURIMAGUAS;2025-01-14;1;1;1;No aplica;11
CD537;2;2018-04-27;7;3;PERÚ;3;10;7;CEDIF YURIMAGUAS;2025-01-14;1;1;1;No aplica;11
CD535;2;2020-10-02;5;2;PERÚ;3;10;7;CEDIF YURIMAGUAS;2025-01-08;1;1;1;No aplica;11
CD538;2;2014-12-25;11;3;PERÚ;3;10;7;CEDIF YURIMAGUAS;2025-01-14;1;1;1;No aplica;11
CD538;1;2019-12-17;6;3;PERÚ;3;10;7;CEDIF YURIMAGUAS;2025-01-14;1;1;1;No aplica;11
CD389;1;2017-09-05;8;3;PERÚ;3;10;7;CEDIF YURIMAGUAS;2025-01-07;1;1;2;2026-01-19;8
CD522;2;2011-12-10;14;4;PERÚ;3;10;7;CEDIF YURIMAGUAS;2025-02-14;1;1;2;2026-01-06;9
CD522;2;2014-11-19;11;3;PERÚ;3;10;7;CEDIF YURIMAGUAS;2025-02-14;1;1;2;2026-01-06;9
CD547;2;2020-06-01;5;2;PERÚ;3;10;7;CEDIF YURIMAGUAS;2025-02-19;1;1;1;No aplica;11
CD547;2;2017-04-05;8;3;PERÚ;3;10;7;CEDIF YURIMAGUAS;2025-02-19;1;1;1;No aplica;11
CD549;2;2018-10-14;7;3;PERÚ;3;10;7;CEDIF YURIMAGUAS;2025-02-25;1;1;2;2026-01-06;1
CD549;1;2016-08-15;9;3;PERÚ;3;10;7;CEDIF YURIMAGUAS;2025-02-25;1;1;2;2026-01-06;1
CD549;2;2014-06-28;11;3;PERÚ;3;10;7;CEDIF YURIMAGUAS;2025-02-25;1;1;2;2026-01-06;1
CD512;1;2021-12-25;4;2;PERÚ;3;10;7;CEDIF YURIMAGUAS;2025-03-04;1;1;1;No aplica;11
CD552;1;2015-01-19;11;3;PERÚ;3;10;7;CEDIF YURIMAGUAS;2025-04-08;1;1;2;2026-02-26;1
CD554;1;2017-01-27;9;3;PERÚ;3;10;7;CEDIF YURIMAGUAS;2025-04-08;1;1;1;No aplica;11
CD556;1;2020-09-26;5;2;PERÚ;3;10;7;CEDIF YURIMAGUAS;2025-04-23;1;1;2;2026-02-26;1
CD557;2;2020-10-08;5;2;PERÚ;3;10;7;CEDIF YURIMAGUAS;2025-05-19;1;1;1;No aplica;11
CD557;1;2018-05-02;7;3;PERÚ;3;10;7;CEDIF YURIMAGUAS;2025-05-19;1;1;1;No aplica;11
CD557;1;2019-06-13;6;3;PERÚ;3;10;7;CEDIF YURIMAGUAS;2025-05-19;1;1;1;No aplica;11
CD557;1;2021-04-04;4;2;PERÚ;3;10;7;CEDIF YURIMAGUAS;2025-05-19;1;1;1;No aplica;11
CD557;1;2016-11-28;9;3;PERÚ;3;10;7;CEDIF YURIMAGUAS;2025-05-19;1;1;1;No aplica;11
CD557;2;2015-03-15;10;3;PERÚ;3;10;7;CEDIF YURIMAGUAS;2025-05-19;1;1;1;No aplica;11
CD558;2;2014-05-07;11;3;PERÚ;3;10;7;CEDIF YURIMAGUAS;2025-05-19;1;1;1;No aplica;11
CD558;2;2018-01-23;8;3;PERÚ;3;10;7;CEDIF YURIMAGUAS;2025-05-19;1;1;1;No aplica;11
CD559;1;2022-04-08;3;2;PERÚ;3;10;6;CEDIF YURIMAGUAS;2025-05-19;1;1;1;No aplica;11
CD561;1;2012-09-12;13;4;PERÚ;3;10;7;CEDIF YURIMAGUAS;2025-05-20;1;1;1;No aplica;11
CD304;1;2019-05-03;6;3;PERÚ;3;10;7;CEDIF YURIMAGUAS;2024-05-29;3;1;1;No aplica;11
CD418;2;2014-04-14;11;3;PERÚ;3;10;7;CEDIF YURIMAGUAS;2025-06-25;3;1;1;No aplica;11
CD418;1;2020-07-19;5;2;PERÚ;3;10;7;CEDIF YURIMAGUAS;2025-06-25;3;1;1;No aplica;11
CD418;2;2016-06-14;9;3;PERÚ;3;10;7;CEDIF YURIMAGUAS;2025-06-25;3;1;1;No aplica;11
CD564;1;2013-02-05;13;4;PERÚ;3;10;7;CEDIF YURIMAGUAS;2025-06-25;1;1;1;No aplica;11
CD566;2;2015-11-14;10;3;PERÚ;3;10;7;CEDIF YURIMAGUAS;2025-07-30;1;1;1;No aplica;11
CD567;1;2013-02-05;13;4;PERÚ;3;10;7;CEDIF YURIMAGUAS;2025-07-30;1;2;1;No aplica;11
CD567;1;2014-11-29;11;3;PERÚ;3;10;7;CEDIF YURIMAGUAS;2025-07-30;1;2;1;No aplica;11
CD567;1;2016-12-05;9;3;PERÚ;3;10;7;CEDIF YURIMAGUAS;2025-07-30;1;2;1;No aplica;11
CD568;2;2021-01-22;5;2;PERÚ;3;10;7;CEDIF YURIMAGUAS;2025-07-30;1;1;1;No aplica;11
CD568;2;2018-01-09;8;3;PERÚ;3;10;7;CEDIF YURIMAGUAS;2025-07-30;1;1;1;No aplica;11
CD568;2;2014-12-23;11;3;PERÚ;3;10;7;CEDIF YURIMAGUAS;2025-07-30;1;1;1;No aplica;11
CD568;1;2013-02-25;13;4;PERÚ;3;10;7;CEDIF YURIMAGUAS;2025-07-30;1;1;1;No aplica;11
CD570;1;2019-08-10;6;3;PERÚ;3;10;7;CEDIF YURIMAGUAS;2025-08-25;1;1;2;2026-02-26;1
CD570;1;2021-10-25;4;2;PERÚ;3;10;7;CEDIF YURIMAGUAS;2025-08-25;1;1;2;2026-02-26;1
CD571;2;2018-10-17;7;3;PERÚ;3;10;7;CEDIF YURIMAGUAS;2025-08-25;1;1;2;2026-02-26;1
CD566;1;2011-05-17;14;4;PERÚ;3;10;7;CEDIF YURIMAGUAS;2025-08-26;1;1;2;2026-01-06;1
CD572;1;2015-11-28;10;3;PERÚ;3;10;7;CEDIF YURIMAGUAS;2025-08-26;1;1;2;2026-02-26;10
CD573;1;2022-01-14;4;2;PERÚ;3;10;7;CEDIF YURIMAGUAS;2025-08-28;1;1;2;2026-01-06;10
CD574;2;2012-01-09;14;4;PERÚ;3;10;7;CEDIF YURIMAGUAS;2025-08-29;1;1;1;No aplica;11
CD575;1;2021-04-28;4;2;PERÚ;3;10;7;CEDIF YURIMAGUAS;2025-09-23;1;1;2;2026-01-19;10
CD575;2;2022-08-02;3;2;PERÚ;3;10;7;CEDIF YURIMAGUAS;2025-09-23;1;1;2;2026-02-26;1
CD281;1;2015-07-31;10;3;PERÚ;3;10;7;CEDIF YURIMAGUAS;2025-09-18;1;1;1;No aplica;11
CD578;1;2020-01-05;6;3;PERÚ;3;10;7;CEDIF YURIMAGUAS;2025-09-25;1;1;1;No aplica;11
CD578;2;2013-07-10;12;4;PERÚ;3;10;7;CEDIF YURIMAGUAS;2025-09-25;1;1;1;No aplica;11
CD579;1;2022-09-29;3;2;PERÚ;3;10;7;CEDIF YURIMAGUAS;2025-09-30;1;1;1;No aplica;11
CD467;1;2022-02-23;4;2;PERÚ;3;10;7;CEDIF YURIMAGUAS;2025-09-26;2;1;1;No aplica;11
CD440;2;2020-05-17;5;2;PERÚ;3;10;7;CEDIF YURIMAGUAS;2025-09-30;2;1;1;No aplica;11
CD440;1;2022-05-06;3;2;PERÚ;3;10;7;CEDIF YURIMAGUAS;2025-09-30;2;1;1;No aplica;11
CD580;2;2015-12-08;10;3;PERÚ;3;10;7;CEDIF YURIMAGUAS;2025-09-30;2;1;1;No aplica;11
CD581;2;2008-04-21;17;4;PERÚ;3;10;7;CEDIF YURIMAGUAS;2025-10-09;2;1;2;2026-01-06;1
CD581;1;2012-04-10;13;4;PERÚ;3;10;7;CEDIF YURIMAGUAS;2025-10-09;2;1;2;2026-01-06;1
CD581;2;2014-02-20;12;4;PERÚ;3;10;7;CEDIF YURIMAGUAS;2025-10-09;2;1;2;2026-01-06;1
CD460;2;2021-05-20;4;2;PERÚ;3;10;7;CEDIF YURIMAGUAS;2025-10-09;1;1;1;No aplica;11
CD582;2;2016-08-20;9;3;PERÚ;3;10;7;CEDIF YURIMAGUAS;2025-10-13;1;1;2;2026-02-26;1
CD583;1;2017-09-24;8;3;PERÚ;3;10;7;CEDIF YURIMAGUAS;2025-10-16;1;1;1;No aplica;11
CD583;2;2019-11-14;6;3;PERÚ;3;10;7;CEDIF YURIMAGUAS;2025-10-16;1;1;1;No aplica;11
CD584;1;2017-02-24;9;3;PERÚ;3;10;7;CEDIF YURIMAGUAS;2025-10-16;1;1;1;No aplica;11
CD585;1;2022-09-28;3;2;PERÚ;3;10;7;CEDIF YURIMAGUAS;2025-10-21;1;1;2;2026-02-26;1
CD586;2;2016-03-23;9;3;PERÚ;3;10;7;CEDIF YURIMAGUAS;2025-10-23;1;1;2;2026-02-26;1
CD586;1;2013-04-12;12;4;PERÚ;3;10;7;CEDIF YURIMAGUAS;2025-10-23;1;1;2;2026-02-26;1
CD587;2;2013-01-09;13;4;PERÚ;3;10;7;CEDIF YURIMAGUAS;2025-11-05;1;1;1;No aplica;11
CD587;1;2017-09-26;8;3;PERÚ;3;10;7;CEDIF YURIMAGUAS;2025-11-05;1;1;1;No aplica;11
CD588;2;2015-02-19;11;3;PERÚ;3;10;7;CEDIF YURIMAGUAS;2025-11-05;1;1;1;No aplica;11
CD589;1;2018-01-27;8;3;PERÚ;3;10;7;CEDIF YURIMAGUAS;2025-12-03;1;1;1;No aplica;11
CD589;2;2021-02-20;5;2;PERÚ;3;10;7;CEDIF YURIMAGUAS;2025-12-03;1;1;1;No aplica;11
CD590;1;2019-09-01;6;3;PERÚ;3;10;7;CEDIF YURIMAGUAS;2025-12-16;1;1;1;No aplica;11
CD590;1;2015-09-11;10;3;PERÚ;3;10;7;CEDIF YURIMAGUAS;2025-12-16;1;1;1;No aplica;11
CD591;1;2018-04-18;7;3;PERÚ;3;10;7;CEDIF YURIMAGUAS;2025-12-16;1;1;2;2026-02-26;1
CD592;1;2022-11-13;3;2;PERÚ;3;10;7;CEDIF YURIMAGUAS;2025-12-17;1;1;1;No aplica;11
CD593;1;2022-02-10;4;2;PERÚ;3;10;7;CEDIF YURIMAGUAS;2025-12-17;1;1;1;No aplica;11
CD594;2;2019-08-31;6;3;PERÚ;3;10;7;CEDIF YURIMAGUAS;2025-12-19;1;1;1;No aplica;11
CD594;2;2013-10-28;12;4;PERÚ;3;10;7;CEDIF YURIMAGUAS;2025-12-19;1;1;1;No aplica;11
CD304;2;2022-06-22;3;2;PERÚ;3;10;7;CEDIF YURIMAGUAS;2026-01-05;3;1;1;No aplica;11
CD595;1;2013-11-20;12;4;PERÚ;3;10;7;CEDIF YURIMAGUAS;2026-01-05;1;1;1;No aplica;11
CD596;1;2017-09-29;8;3;PERÚ;3;10;7;CEDIF YURIMAGUAS;2026-01-05;1;1;1;No aplica;11
CD597;1;2012-10-19;13;4;PERÚ;3;10;7;CEDIF YURIMAGUAS;2026-01-07;1;2;1;No aplica;11
CD598;2;2018-06-11;7;3;PERÚ;3;10;7;CEDIF YURIMAGUAS;2026-01-07;1;1;1;No aplica;11
CD598;1;2021-05-08;4;2;PERÚ;3;10;7;CEDIF YURIMAGUAS;2026-01-07;1;1;1;No aplica;11
CD599;1;2018-07-04;7;3;PERÚ;3;10;7;CEDIF YURIMAGUAS;2026-01-09;1;1;1;No aplica;11
CD599;2;2015-08-26;10;3;PERÚ;3;10;7;CEDIF YURIMAGUAS;2026-01-09;1;1;1;No aplica;11
CD600;2;2018-06-25;7;3;PERÚ;3;10;7;CEDIF YURIMAGUAS;2026-01-12;1;1;1;No aplica;11
CD600;1;2022-08-24;3;2;PERÚ;3;10;7;CEDIF YURIMAGUAS;2026-01-12;1;1;1;No aplica;11
CD601;2;2022-12-13;3;2;PERÚ;3;10;7;CEDIF YURIMAGUAS;2026-01-12;1;1;1;No aplica;11
CD602;2;2017-09-04;8;3;PERÚ;3;10;7;CEDIF YURIMAGUAS;2026-01-12;1;1;1;No aplica;11
CD603;2;2018-09-22;7;3;PERÚ;3;10;7;CEDIF YURIMAGUAS;2026-01-13;1;1;1;No aplica;11
CD603;2;2020-06-26;5;2;PERÚ;3;10;7;CEDIF YURIMAGUAS;2026-01-13;1;1;1;No aplica;11
CD604;2;2017-05-22;8;3;PERÚ;3;10;7;CEDIF YURIMAGUAS;2026-01-14;1;1;1;No aplica;11
CD604;2;2011-10-05;14;4;PERÚ;3;10;7;CEDIF YURIMAGUAS;2026-01-14;1;1;1;No aplica;11
CD605;1;2015-10-03;10;3;PERÚ;3;10;7;CEDIF YURIMAGUAS;2026-01-14;1;1;1;No aplica;11
CD605;1;2019-01-17;7;3;PERÚ;3;10;7;CEDIF YURIMAGUAS;2026-01-14;1;1;1;No aplica;11
CD606;1;2015-06-14;10;3;PERÚ;3;10;7;CEDIF YURIMAGUAS;2026-01-15;1;1;1;No aplica;11
CD606;1;2016-10-11;9;3;PERÚ;3;10;7;CEDIF YURIMAGUAS;2026-01-15;1;1;1;No aplica;11
CD607;1;2016-02-13;10;3;PERÚ;3;10;7;CEDIF YURIMAGUAS;2026-01-19;1;1;1;No aplica;11
CD608;1;2021-05-08;4;2;PERÚ;3;10;7;CEDIF YURIMAGUAS;2026-01-19;1;1;1;No aplica;11
CD609;2;2011-07-14;14;4;PERÚ;3;10;7;CEDIF YURIMAGUAS;2026-01-19;1;1;1;No aplica;11
CD610;2;2013-08-09;12;4;PERÚ;3;10;7;CEDIF YURIMAGUAS;2026-01-19;1;1;1;No aplica;11
CD610;2;2020-01-20;6;3;PERÚ;3;10;7;CEDIF YURIMAGUAS;2026-01-19;1;1;1;No aplica;11
CD610;2;2014-01-29;12;4;PERÚ;3;10;7;CEDIF YURIMAGUAS;2026-01-19;1;1;1;No aplica;11
CD611;1;2017-10-16;8;3;PERÚ;3;10;7;CEDIF YURIMAGUAS;2026-01-19;1;1;1;No aplica;11
CD612;1;2022-12-01;3;2;PERÚ;3;10;7;CEDIF YURIMAGUAS;2026-01-19;1;2;1;No aplica;11
CD613;1;2017-12-17;8;3;PERÚ;3;10;7;CEDIF YURIMAGUAS;2026-01-28;1;1;1;No aplica;11
CD613;2;2015-04-01;10;3;PERÚ;3;10;7;CEDIF YURIMAGUAS;2026-01-28;1;1;1;No aplica;11
CD614;2;2019-05-25;6;3;PERÚ;3;10;7;CEDIF YURIMAGUAS;2026-01-29;1;1;1;No aplica;11
CD614;2;2022-11-08;3;2;PERÚ;3;10;7;CEDIF YURIMAGUAS;2026-01-29;1;1;1;No aplica;11
CD615;1;2022-12-31;3;2;PERÚ;3;10;7;CEDIF YURIMAGUAS;2026-01-29;1;1;1;No aplica;11
CRF03;2;2019-11-15;6;3;PERÚ;3;10;7;CEDIF YURIMAGUAS;2023-01-01;2;1;1;No aplica;11
CRF03;2;2012-12-16;13;4;PERÚ;3;10;7;CEDIF YURIMAGUAS;2019-01-01;2;1;1;No aplica;11
CRF08;2;2011-10-03;14;4;PERÚ;3;10;7;CEDIF YURIMAGUAS;2019-01-01;2;1;2;2026-02-02;10
CRF11;2;2013-10-01;12;4;PERÚ;3;10;7;CEDIF YURIMAGUAS;2019-01-02;2;1;1;No aplica;11
CRF11;2;2011-04-23;14;4;PERÚ;3;10;7;CEDIF YURIMAGUAS;2019-01-02;2;1;1;No aplica;11
CRF11;1;2007-09-28;18;5;PERÚ;3;10;7;CEDIF YURIMAGUAS;2016-01-02;2;1;2;2026-02-02;10
CRF13;1;2015-03-27;10;3;PERÚ;3;10;7;CEDIF YURIMAGUAS;2019-01-02;2;1;1;No aplica;11
CRF16;1;2019-03-22;6;3;PERÚ;3;10;7;CEDIF YURIMAGUAS;2023-01-02;2;1;1;No aplica;11
CRF18;1;2019-03-21;6;3;PERÚ;3;10;7;CEDIF YURIMAGUAS;2023-01-02;2;1;1;No aplica;11
CRF18;1;2012-10-13;13;4;PERÚ;3;10;7;CEDIF YURIMAGUAS;2023-01-02;2;1;1;No aplica;11
CRF21;1;2008-11-17;17;4;PERÚ;3;10;7;CEDIF YURIMAGUAS;2017-01-02;2;1;1;No aplica;11
CRF25;2;2010-08-27;15;4;PERÚ;3;10;7;CEDIF YURIMAGUAS;2021-01-02;2;1;1;No aplica;11
CRF21;1;2017-06-21;8;3;PERÚ;3;10;7;CEDIF YURIMAGUAS;2024-05-01;2;1;1;No aplica;11
CRF26;1;2020-04-02;5;2;PERÚ;3;10;7;CEDIF YURIMAGUAS;2023-01-02;2;1;1;No aplica;11
CRF27;1;2008-08-14;17;4;PERÚ;3;10;7;CEDIF YURIMAGUAS;2018-01-02;2;1;1;No aplica;11
CRF40;1;2012-05-08;13;4;PERÚ;3;10;7;CEDIF YURIMAGUAS;2015-01-01;2;1;1;No aplica;11
CRF40;1;2015-08-26;10;3;PERÚ;3;10;7;CEDIF YURIMAGUAS;2018-01-01;2;1;1;No aplica;11
CRF27;2;2018-01-11;8;3;PERÚ;3;10;7;CEDIF YURIMAGUAS;2022-01-02;2;1;1;No aplica;11
CRF40;2;2017-03-22;8;3;PERÚ;3;10;7;CEDIF YURIMAGUAS;2018-01-01;2;1;1;No aplica;11
CRF41;1;2012-12-09;13;4;PERÚ;3;10;7;CEDIF YURIMAGUAS;2024-03-11;2;1;2;2026-02-02;10
CRF41;2;2015-04-30;10;3;PERÚ;3;10;7;CEDIF YURIMAGUAS;2024-03-11;2;1;2;2026-02-02;10
CRF42;2;2015-12-27;10;3;PERÚ;3;10;7;CEDIF YURIMAGUAS;2024-03-08;2;1;2;2026-02-02;10
CRF40;1;2019-10-09;6;3;PERÚ;3;10;7;CEDIF YURIMAGUAS;2023-01-01;2;1;1;No aplica;11
CRF43;2;2007-06-15;18;5;PERÚ;3;10;7;CEDIF YURIMAGUAS;2024-03-08;2;1;2;2026-02-02;10
CRF43;1;2013-04-23;12;4;PERÚ;3;10;7;CEDIF YURIMAGUAS;2024-03-08;2;1;1;No aplica;11
CRF47;2;2015-06-27;10;3;PERÚ;3;10;7;CEDIF YURIMAGUAS;2024-03-05;2;1;2;2026-02-02;10
CRF43;1;2021-10-07;4;2;PERÚ;3;10;7;CEDIF YURIMAGUAS;2025-03-03;2;2;1;No aplica;11
CRF49;1;2013-08-28;12;4;PERÚ;3;10;7;CEDIF YURIMAGUAS;2024-03-01;2;1;2;2026-02-02;10
CRF49;1;2019-11-02;6;3;PERÚ;3;10;7;CEDIF YURIMAGUAS;2024-03-01;2;1;2;2026-02-02;10
CRF51;1;2013-09-01;12;4;PERÚ;3;10;7;CEDIF YURIMAGUAS;2024-03-08;2;1;2;2026-02-02;10
CRF52;2;2013-05-10;12;4;PERÚ;3;10;7;CEDIF YURIMAGUAS;2024-03-08;2;1;2;2026-02-02;10
CRF52;1;2016-09-08;9;3;PERÚ;3;10;7;CEDIF YURIMAGUAS;2024-03-08;2;1;2;2026-02-02;10
CRF50;1;2013-12-06;12;4;PERÚ;3;10;7;CEDIF YURIMAGUAS;2024-03-08;2;1;1;No aplica;11
CRF53;1;2017-01-23;9;3;PERÚ;3;10;7;CEDIF YURIMAGUAS;2024-03-08;2;1;2;2026-02-02;10
CRF53;1;2009-10-12;16;4;PERÚ;3;10;7;CEDIF YURIMAGUAS;2024-03-08;2;1;1;No aplica;11
CRF54;2;2016-02-25;10;3;PERÚ;3;10;7;CEDIF YURIMAGUAS;2024-03-08;2;1;1;No aplica;11
CRF54;2;2014-11-17;11;3;PERÚ;3;10;7;CEDIF YURIMAGUAS;2024-03-08;2;1;1;No aplica;11
CRF56;1;2017-05-14;8;3;PERÚ;3;10;7;CEDIF YURIMAGUAS;2024-03-11;2;1;1;No aplica;11
CRF57;1;2018-06-10;7;3;PERÚ;3;10;7;CEDIF YURIMAGUAS;2024-03-08;2;1;1;No aplica;11
CRF57;1;2015-08-31;10;3;PERÚ;3;10;7;CEDIF YURIMAGUAS;2024-03-08;2;1;1;No aplica;11
CRF65;2;2021-03-19;4;2;PERÚ;3;10;7;CEDIF YURIMAGUAS;2025-03-03;2;1;1;No aplica;11
CRF65;1;2016-09-26;9;3;PERÚ;3;10;7;CEDIF YURIMAGUAS;2024-05-01;2;1;1;No aplica;11
CRF62;2;2017-04-20;8;3;PERÚ;3;10;7;CEDIF YURIMAGUAS;2024-03-08;2;1;1;No aplica;11
CRF70;2;2016-01-21;10;3;PERÚ;3;10;7;CEDIF YURIMAGUAS;2024-05-02;2;1;1;No aplica;11
CRF71;2;2015-06-02;10;3;PERÚ;3;10;7;CEDIF YURIMAGUAS;2024-05-02;2;1;2;2026-02-02;10
CRF74;1;2012-06-11;13;4;PERÚ;3;10;7;CEDIF YURIMAGUAS;2024-05-02;2;1;2;2026-02-02;10
CRF75;2;2017-12-17;8;3;PERÚ;3;10;7;CEDIF YURIMAGUAS;2024-10-01;2;1;1;No aplica;11
CRF75;2;2019-11-25;6;3;PERÚ;3;10;7;CEDIF YURIMAGUAS;2024-10-01;2;1;1;No aplica;11
CRF76;2;2018-11-05;7;3;PERÚ;3;10;7;CEDIF YURIMAGUAS;2024-10-01;2;1;1;No aplica;11
CRF76;2;2021-03-28;4;2;PERÚ;3;10;7;CEDIF YURIMAGUAS;2024-10-01;2;1;1;No aplica;11
CRF78;1;2013-09-10;12;4;PERÚ;3;10;7;CEDIF YURIMAGUAS;2024-12-02;2;1;2;2026-02-02;10
CRF79;1;2016-12-26;9;3;PERÚ;3;10;7;CEDIF YURIMAGUAS;2024-12-02;2;1;1;No aplica;11
CRF80;1;2019-07-23;6;3;PERÚ;3;10;7;CEDIF YURIMAGUAS;2023-01-02;2;2;1;No aplica;11
CRF80;2;2021-01-23;5;2;PERÚ;3;10;7;CEDIF YURIMAGUAS;2024-12-02;2;2;1;No aplica;11
CRF82;1;2021-11-21;4;2;PERÚ;3;10;7;CEDIF YURIMAGUAS;2025-03-03;2;2;1;No aplica;11
CRF82;2;2018-12-21;7;3;PERÚ;3;10;7;CEDIF YURIMAGUAS;2025-03-03;2;2;1;No aplica;11
CRF83;2;2021-06-16;4;2;PERÚ;3;10;7;CEDIF YURIMAGUAS;2025-03-03;2;2;2;2026-02-02;10
CRF83;1;2019-03-04;6;3;PERÚ;3;10;7;CEDIF YURIMAGUAS;2025-03-03;2;2;2;2026-02-02;10
CRF85;2;2021-06-25;4;2;PERÚ;3;10;7;CEDIF YURIMAGUAS;2025-03-03;2;2;2;2026-02-02;10
CRF85;1;2018-02-01;8;3;PERÚ;3;10;7;CEDIF YURIMAGUAS;2025-03-03;2;2;1;No aplica;11
CRF86;2;2020-07-29;5;2;PERÚ;3;10;7;CEDIF YURIMAGUAS;2025-03-03;2;1;2;2026-02-02;10
CRF87;1;2019-09-27;6;3;PERÚ;3;10;7;CEDIF YURIMAGUAS;2025-03-03;2;1;1;No aplica;11
CRF87;2;2017-05-10;8;3;PERÚ;3;10;7;CEDIF YURIMAGUAS;2025-03-03;2;1;1;No aplica;11
CRF87;2;2014-11-08;11;3;PERÚ;3;10;7;CEDIF YURIMAGUAS;2025-03-03;2;1;1;No aplica;11
CRF88;2;2012-03-21;13;4;PERÚ;3;10;7;CEDIF YURIMAGUAS;2025-06-02;2;1;2;2026-02-02;10
CRF89;2;2011-02-11;15;4;PERÚ;3;10;7;CEDIF YURIMAGUAS;2025-06-04;2;1;2;2026-02-02;10
CRF90;1;2016-06-17;9;3;PERÚ;3;10;7;CEDIF YURIMAGUAS;2025-06-03;2;1;1;No aplica;11
CRF91;1;2014-05-19;11;3;PERÚ;3;10;7;CEDIF YURIMAGUAS;2025-06-02;2;1;1;No aplica;11
CRF92;1;2019-07-26;6;3;PERÚ;3;10;7;CEDIF YURIMAGUAS;2025-06-02;2;1;1;No aplica;11
CRF93;2;2019-12-05;6;3;PERÚ;3;10;7;CEDIF YURIMAGUAS;2025-06-02;2;1;1;No aplica;11
CRF94;1;2017-04-08;8;3;PERÚ;3;10;7;CEDIF YURIMAGUAS;2025-06-02;2;1;2;2026-02-02;10
CRF94;1;2015-04-04;10;3;PERÚ;3;10;7;CEDIF YURIMAGUAS;2025-06-02;2;1;2;2026-02-02;10
CRF95;2;2014-08-11;11;3;PERÚ;3;10;7;CEDIF YURIMAGUAS;2025-06-02;2;1;1;No aplica;11
120300153;1;2008-11-09;17;4;PERÚ;3;10;7;CEDIF LAS DALIAS;2017-02-01;1;2;1;No aplica;11
120300345;1;2016-04-17;9;3;PERÚ;3;10;7;CEDIF LAS DALIAS;2019-01-14;1;1;2;2026-01-05;5
120300370;1;2015-07-24;10;3;PERÚ;3;10;7;CEDIF LAS DALIAS;2019-03-18;1;1;2;2026-01-05;5
120300480;1;2014-03-26;11;3;PERÚ;3;10;7;CEDIF LAS DALIAS;2020-02-17;1;1;2;2026-02-02;1
120300535;1;2014-10-27;11;3;PERÚ;3;10;7;CEDIF LAS DALIAS;2021-02-11;2;1;1;No aplica;11
120300540;2;2014-01-17;12;4;PERÚ;3;10;7;CEDIF LAS DALIAS;2021-02-16;1;1;2;2026-01-05;5
120300540;1;2012-03-02;13;4;PERÚ;3;10;7;CEDIF LAS DALIAS;2021-02-16;1;1;2;2026-01-05;5
120300585;1;2013-02-08;13;4;PERÚ;3;10;7;CEDIF LAS DALIAS;2021-08-10;1;2;2;2026-01-05;5
120300589;1;2020-07-02;5;2;PERÚ;3;10;7;CEDIF LAS DALIAS;2022-02-07;1;1;2;2026-02-02;5
120300590;1;2021-01-07;5;2;PERÚ;3;10;7;CEDIF LAS DALIAS;2022-02-08;1;1;1;No aplica;11
120300590;2;2013-09-28;12;4;PERÚ;3;10;7;CEDIF LAS DALIAS;2022-02-08;1;1;1;No aplica;11
120300592;2;2019-07-08;6;3;PERÚ;3;10;7;CEDIF LAS DALIAS;2022-02-15;1;2;1;No aplica;11
120300592;2;2014-05-12;11;3;PERÚ;3;10;7;CEDIF LAS DALIAS;2022-02-15;1;2;1;No aplica;11
120300593;1;2014-02-03;12;4;PERÚ;3;10;7;CEDIF LAS DALIAS;2022-02-15;7;2;1;No aplica;11
120300600;1;2021-01-18;5;2;PERÚ;3;10;7;CEDIF LAS DALIAS;2022-03-01;1;1;1;No aplica;11
120300607;2;2020-04-18;5;2;PERÚ;3;10;7;CEDIF LAS DALIAS;2022-03-07;1;1;1;No aplica;11
120300612;1;2018-08-02;7;3;PERÚ;3;10;1;CEDIF LAS DALIAS;2022-04-01;1;1;1;No aplica;11
120300624;2;2017-08-02;8;3;PERÚ;3;10;7;CEDIF LAS DALIAS;2022-05-18;1;2;2;2026-01-05;5
120300624;1;2013-09-25;12;4;PERÚ;3;10;7;CEDIF LAS DALIAS;2022-05-18;1;2;2;2026-01-05;5
120300626;1;2017-09-23;8;3;PERÚ;3;10;7;CEDIF LAS DALIAS;2022-05-12;1;1;1;No aplica;11
120300626;2;2011-09-26;14;4;PERÚ;3;10;7;CEDIF LAS DALIAS;2022-05-12;1;1;2;2026-01-05;5
120300670;1;2021-09-09;4;2;PERÚ;3;10;7;CEDIF LAS DALIAS;2022-10-05;1;1;1;No aplica;11
120300687;1;2021-03-15;4;2;PERÚ;3;10;7;CEDIF LAS DALIAS;2023-02-01;3;1;1;No aplica;11
120300687;1;2014-01-21;12;4;PERÚ;3;10;7;CEDIF LAS DALIAS;2023-02-01;3;1;1;No aplica;11
120300699;1;2021-10-06;4;2;PERÚ;3;10;7;CEDIF LAS DALIAS;2022-03-01;1;2;1;No aplica;11
120300706;2;2020-01-05;6;3;PERÚ;3;10;7;CEDIF LAS DALIAS;2023-04-03;3;1;2;2026-01-05;5
120300706;1;2013-04-22;12;4;PERÚ;3;10;7;CEDIF LAS DALIAS;2023-04-03;3;1;2;2026-01-05;5
120300710;2;2014-09-05;11;3;PERÚ;3;10;7;CEDIF LAS DALIAS;2023-10-04;1;1;1;No aplica;11
120300713;1;2017-11-22;8;3;PERÚ;3;10;7;CEDIF LAS DALIAS;2023-04-13;3;1;1;No aplica;11
120300713;2;2014-06-15;11;3;PERÚ;3;10;7;CEDIF LAS DALIAS;2023-04-13;3;1;1;No aplica;11
120300713;1;2013-01-23;13;4;PERÚ;3;10;7;CEDIF LAS DALIAS;2023-04-13;3;1;1;No aplica;11
120300714;1;2021-04-25;4;2;PERÚ;3;10;7;CEDIF LAS DALIAS;2023-04-13;1;1;2;2026-02-02;4
120300714;1;2016-03-22;9;3;PERÚ;3;10;7;CEDIF LAS DALIAS;2023-04-13;1;1;2;2026-02-02;4
120300715;2;2021-01-05;5;2;PERÚ;3;10;7;CEDIF LAS DALIAS;2023-04-17;1;1;1;No aplica;11
120300715;2;2014-12-27;11;3;PERÚ;3;10;7;CEDIF LAS DALIAS;2023-04-17;1;1;1;No aplica;11
120300739;2;2022-04-07;3;2;PERÚ;3;10;7;CEDIF LAS DALIAS;2023-09-11;1;1;1;No aplica;11
120300748;1;2021-02-12;5;2;PERÚ;3;10;7;CEDIF LAS DALIAS;2024-02-05;1;1;1;No aplica;11
120300748;2;2019-02-08;7;3;PERÚ;3;10;7;CEDIF LAS DALIAS;2024-02-05;1;1;1;No aplica;11
120300750;2;2016-05-14;9;3;PERÚ;3;10;7;CEDIF LAS DALIAS;2024-02-06;2;1;2;2026-01-05;1
120300754;1;2021-09-29;4;2;PERÚ;3;10;7;CEDIF LAS DALIAS;2024-03-01;1;1;1;No aplica;11
120300756;1;2011-02-03;15;4;ARGENTINA;3;10;7;CEDIF LAS DALIAS;2024-03-11;1;1;2;2026-01-05;1
120300750;2;2011-03-01;14;4;PERÚ;3;10;7;CEDIF LAS DALIAS;2024-03-13;1;1;2;2026-01-05;1
120300750;2;2008-10-11;17;4;PERÚ;3;10;7;CEDIF LAS DALIAS;2024-03-13;1;1;2;2026-01-05;1
120300761;2;2022-06-16;3;2;PERÚ;3;10;7;CEDIF LAS DALIAS;2024-04-01;2;1;1;No aplica;11
120300761;2;2013-08-06;12;4;PERÚ;3;10;7;CEDIF LAS DALIAS;2024-04-01;2;1;1;No aplica;11
120300762;2;2015-11-16;10;3;PERÚ;3;10;7;CEDIF LAS DALIAS;2024-04-01;2;1;1;No aplica;11
120300762;1;2013-12-12;12;4;PERÚ;3;10;7;CEDIF LAS DALIAS;2024-04-01;2;1;1;No aplica;11
120300762;2;2009-10-23;16;4;PERÚ;3;10;7;CEDIF LAS DALIAS;2024-04-01;2;1;1;No aplica;11
120300763;1;2022-08-31;3;2;VENEZUELA;3;10;7;CEDIF LAS DALIAS;2024-04-01;1;1;1;No aplica;11
120300763;1;2015-10-30;10;3;VENEZUELA;3;10;7;CEDIF LAS DALIAS;2024-04-01;2;6;1;No aplica;11
120300766;2;2022-10-09;3;2;PERÚ;3;10;7;CEDIF LAS DALIAS;2024-04-10;1;1;2;2026-02-02;3
120300770;1;2021-01-09;5;2;PERÚ;3;10;6;CEDIF LAS DALIAS;2024-05-02;1;1;2;2026-02-02;3
120300773;1;2011-05-07;14;4;PERÚ;3;10;7;CEDIF LAS DALIAS;2024-05-07;7;1;2;2026-01-05;5
120300774;2;2017-11-22;8;3;PERÚ;3;10;7;CEDIF LAS DALIAS;2024-05-13;2;1;1;No aplica;11
120300774;1;2015-10-06;10;3;PERÚ;3;10;7;CEDIF LAS DALIAS;2024-05-13;2;1;2;2026-02-02;1
120300776;1;2021-04-24;4;2;PERÚ;3;10;7;CEDIF LAS DALIAS;2024-05-13;1;1;1;No aplica;11
120300776;1;2017-02-02;9;3;PERÚ;3;10;7;CEDIF LAS DALIAS;2024-05-13;1;1;1;No aplica;11
120300786;2;2019-04-22;6;3;PERÚ;3;10;7;CEDIF LAS DALIAS;2024-09-09;1;1;2;2026-02-02;1
120300999;1;2021-07-28;4;2;PERÚ;3;10;7;CEDIF LAS DALIAS;2024-09-23;1;1;2;2026-01-05;3
120300792;1;2023-03-29;2;2;PERÚ;3;10;7;CEDIF LAS DALIAS;2024-10-02;1;1;1;No aplica;11
120300792;1;2016-07-15;9;3;PERÚ;3;10;7;CEDIF LAS DALIAS;2024-10-02;1;1;1;No aplica;11
120300793;1;2023-05-15;2;2;PERÚ;3;10;7;CEDIF LAS DALIAS;2024-10-09;2;1;1;No aplica;11
120300795;1;2023-01-02;3;2;PERÚ;3;10;7;CEDIF LAS DALIAS;2024-10-14;1;2;1;No aplica;11
120300804;1;2021-01-31;5;2;PERÚ;3;10;7;CEDIF LAS DALIAS;2025-01-17;1;1;1;No aplica;11
120300804;2;2018-06-22;7;3;PERÚ;3;10;7;CEDIF LAS DALIAS;2025-01-17;1;1;1;No aplica;11
120300630;2;2022-03-20;3;2;PERÚ;3;10;7;CEDIF LAS DALIAS;2025-01-20;1;2;1;No aplica;11
120300786;2;2021-12-17;4;2;PERÚ;3;10;7;CEDIF LAS DALIAS;2025-01-21;1;1;2;2026-02-02;1
120300806;2;2023-03-24;2;2;PERÚ;3;10;7;CEDIF LAS DALIAS;2025-02-03;1;1;1;No aplica;11
120300806;2;2017-12-16;8;3;PERÚ;3;10;7;CEDIF LAS DALIAS;2025-02-03;1;1;1;No aplica;11
120300808;2;2022-04-21;3;2;PERÚ;3;10;7;CEDIF LAS DALIAS;2025-02-13;1;2;2;2026-01-05;3
120300809;1;2021-08-09;4;2;PERÚ;3;10;7;CEDIF LAS DALIAS;2025-02-17;1;1;1;No aplica;11
120300810;2;2021-07-18;4;2;PERÚ;3;10;1;CEDIF LAS DALIAS;2025-02-17;1;1;2;2026-01-05;1
120300812;1;2019-10-02;6;3;PERÚ;3;10;7;CEDIF LAS DALIAS;2025-02-18;1;1;2;2026-01-05;1
120300812;2;2015-01-20;11;3;PERÚ;3;10;7;CEDIF LAS DALIAS;2025-02-18;1;6;2;2026-02-02;1
120300812;1;2011-05-04;14;4;PERÚ;3;10;7;CEDIF LAS DALIAS;2025-02-18;1;6;2;2026-02-02;1
120300814;2;2023-06-02;2;2;PERÚ;3;10;7;CEDIF LAS DALIAS;2025-02-18;1;1;1;No aplica;11
120300815;2;2015-07-26;10;3;PERÚ;3;10;7;CEDIF LAS DALIAS;2025-03-03;1;2;2;2026-02-02;1
120300816;1;2022-06-24;3;2;PERÚ;3;10;7;CEDIF LAS DALIAS;2025-03-03;3;1;1;No aplica;11
120300817;1;2018-08-15;7;3;PERÚ;3;10;7;CEDIF LAS DALIAS;2025-03-03;1;1;2;2026-02-02;1
120300818;2;2021-05-09;4;2;PERÚ;3;10;7;CEDIF LAS DALIAS;2025-03-04;1;1;2;2026-02-02;1
120300818;2;2020-01-13;6;3;PERÚ;3;10;7;CEDIF LAS DALIAS;2025-03-04;1;1;2;2026-02-02;1
120300820;2;2016-03-09;9;3;PERÚ;3;10;7;CEDIF LAS DALIAS;2025-03-06;1;2;1;No aplica;11
120300821;2;2021-09-26;4;2;PERÚ;3;10;7;CEDIF LAS DALIAS;2025-03-17;1;1;1;No aplica;11
120300821;2;2022-01-30;4;2;PERÚ;3;10;7;CEDIF LAS DALIAS;2025-03-17;1;1;1;No aplica;11
120300822;1;2022-11-17;3;2;PERÚ;3;10;7;CEDIF LAS DALIAS;2025-03-17;1;1;1;No aplica;11
120300823;2;2022-06-01;3;2;PERÚ;3;10;7;CEDIF LAS DALIAS;2025-03-17;3;1;1;No aplica;11
120300825;2;2009-05-23;16;4;PERÚ;3;10;7;CEDIF LAS DALIAS;2025-03-20;1;1;2;2026-01-05;1
120300826;1;2020-03-18;5;2;PERÚ;3;10;7;CEDIF LAS DALIAS;2025-04-01;1;5;2;2026-02-02;1
120300821;2;2013-12-23;12;4;PERÚ;3;10;7;CEDIF LAS DALIAS;2025-04-01;1;1;1;No aplica;11
120300821;2;2009-07-06;16;4;PERÚ;3;10;7;CEDIF LAS DALIAS;2025-04-01;1;1;1;No aplica;11
120800827;1;2023-02-27;3;2;PERÚ;3;10;7;CEDIF LAS DALIAS;2025-04-07;1;1;1;No aplica;11
120300828;1;2022-12-07;3;2;PERÚ;3;10;7;CEDIF LAS DALIAS;2025-04-08;9;1;1;No aplica;11
120300829;2;2017-06-16;8;3;PERÚ;3;10;7;CEDIF LAS DALIAS;2025-04-08;1;1;2;2026-02-02;1
120300830;1;2016-05-18;9;3;PERÚ;3;10;7;CEDIF LAS DALIAS;2025-04-21;1;1;2;2026-01-05;1
120300545;1;2019-12-17;6;3;PERÚ;3;10;7;CEDIF LAS DALIAS;2025-05-05;1;1;2;2026-01-05;5
120300831;1;2022-04-25;3;2;PERÚ;3;10;7;CEDIF LAS DALIAS;2025-05-05;2;1;1;No aplica;11
120300733;1;2014-12-30;11;3;PERÚ;3;10;7;CEDIF LAS DALIAS;2025-06-02;2;1;2;2026-02-02;1
120300833;2;2015-12-04;10;3;PERÚ;3;10;7;CEDIF LAS DALIAS;2025-06-02;2;1;2;2026-02-02;1
120300834;2;2014-01-20;12;4;PERÚ;3;10;7;CEDIF LAS DALIAS;2025-06-10;2;1;1;No aplica;11
120300836;1;2023-07-31;2;2;PERÚ;3;10;7;CEDIF LAS DALIAS;2025-06-09;2;1;1;No aplica;11
120300836;1;2015-12-31;10;3;PERÚ;3;10;7;CEDIF LAS DALIAS;2025-06-09;2;1;1;No aplica;11
120300836;2;2010-07-06;15;4;PERÚ;3;10;7;CEDIF LAS DALIAS;2025-06-09;2;1;1;No aplica;11
120300837;1;2022-10-12;3;2;PERÚ;3;10;7;CEDIF LAS DALIAS;2025-06-10;2;1;1;No aplica;11
120300774;2;2023-12-08;2;2;PERÚ;3;10;7;CEDIF LAS DALIAS;2025-07-03;2;1;1;No aplica;11
120300838;1;2022-04-07;3;2;PERÚ;3;10;7;CEDIF LAS DALIAS;2025-07-09;1;1;1;No aplica;11
120300839;2;2022-03-02;3;2;PERÚ;3;10;7;CEDIF LAS DALIAS;2025-07-10;3;1;2;2026-01-05;2
120300840;2;2019-03-18;6;3;PERÚ;3;10;7;CEDIF LAS DALIAS;2025-08-07;3;1;1;No aplica;11
120300840;2;2017-03-02;8;3;PERÚ;3;10;7;CEDIF LAS DALIAS;2025-08-07;3;1;1;No aplica;11
120300841;2;2023-01-30;3;2;PERÚ;3;10;7;CEDIF LAS DALIAS;2025-08-15;1;1;1;No aplica;11
120300842;1;2024-03-04;1;2;PERÚ;3;10;7;CEDIF LAS DALIAS;2025-08-15;3;1;1;No aplica;11
120300843;2;2023-05-26;2;2;PERÚ;3;10;7;CEDIF LAS DALIAS;2025-09-01;3;1;1;No aplica;11
120300844;1;2023-04-28;2;2;PERÚ;3;10;7;CEDIF LAS DALIAS;2025-09-01;2;1;1;No aplica;11
120300846;1;2023-07-11;2;2;PERÚ;3;10;7;CEDIF LAS DALIAS;2025-09-02;1;1;1;No aplica;11
120300849;1;2022-03-13;3;2;PERÚ;3;10;7;CEDIF LAS DALIAS;2025-09-11;3;1;1;No aplica;11
120300841;2;2018-05-30;7;3;PERÚ;3;10;7;CEDIF LAS DALIAS;2025-09-16;3;1;1;No aplica;11
120300850;1;2022-05-07;3;2;PERÚ;3;10;7;CEDIF LAS DALIAS;2025-10-01;3;1;1;No aplica;11
120300851;2;2024-04-25;1;2;PERÚ;3;10;7;CEDIF LAS DALIAS;2025-10-07;3;1;1;No aplica;11
120300851;2;2018-04-23;7;3;PERÚ;3;10;7;CEDIF LAS DALIAS;2025-10-07;3;1;1;No aplica;11
120300852;2;2024-01-10;2;2;PERÚ;3;10;7;CEDIF LAS DALIAS;2025-10-09;5;1;1;No aplica;11
120300852;2;2021-05-03;4;2;PERÚ;3;10;7;CEDIF LAS DALIAS;2025-10-09;5;1;1;No aplica;11
120300853;2;2019-04-10;6;3;PERÚ;3;10;7;CEDIF LAS DALIAS;2025-10-13;1;1;1;No aplica;11
120300854;2;2024-04-18;1;2;PERÚ;3;10;7;CEDIF LAS DALIAS;2025-10-14;1;1;1;No aplica;11
120300855;2;2024-04-23;1;2;PERÚ;3;10;7;CEDIF LAS DALIAS;2025-10-20;2;1;1;No aplica;11
120300855;2;2023-01-26;3;2;PERÚ;3;10;7;CEDIF LAS DALIAS;2025-10-20;2;1;1;No aplica;11
120300856;1;2024-02-10;2;2;PERÚ;3;10;7;CEDIF LAS DALIAS;2025-10-20;1;1;1;No aplica;11
120300857;1;2019-09-21;6;3;PERÚ;3;10;7;CEDIF LAS DALIAS;2025-11-03;3;2;1;No aplica;11
120300857;1;2015-04-19;10;3;PERÚ;3;10;7;CEDIF LAS DALIAS;2025-11-03;3;2;1;No aplica;11
120300857;2;2013-01-23;13;4;PERÚ;3;10;7;CEDIF LAS DALIAS;2025-11-03;3;2;1;No aplica;11
120300858;1;2017-07-05;8;3;PERÚ;3;10;7;CEDIF LAS DALIAS;2025-11-03;1;1;1;No aplica;11
120300858;1;2016-03-21;9;3;PERÚ;3;10;7;CEDIF LAS DALIAS;2025-11-03;1;1;1;No aplica;11
120300859;2;2021-07-21;4;2;PERÚ;3;10;7;CEDIF LAS DALIAS;2025-11-17;1;1;2;2026-01-05;1
120300860;1;2014-11-11;11;3;PERÚ;3;10;7;CEDIF LAS DALIAS;2025-12-01;3;1;1;No aplica;11
120300861;2;2022-11-20;3;2;PERÚ;3;10;7;CEDIF LAS DALIAS;2026-01-13;3;1;1;No aplica;11
120300862;1;2017-09-17;8;3;PERÚ;3;10;7;CEDIF LAS DALIAS;2026-01-14;3;1;1;No aplica;11
120300863;1;2021-06-28;4;2;PERÚ;3;10;7;CEDIF LAS DALIAS;2023-04-03;1;2;1;No aplica;11
120300863;2;2018-04-10;7;3;PERÚ;3;10;7;CEDIF LAS DALIAS;2023-04-03;1;1;1;No aplica;11
120300864;2;2020-06-21;5;2;PERÚ;2;10;7;CEDIF LAS DALIAS;2026-01-16;3;1;1;No aplica;11
120300865;2;2024-05-24;1;2;PERÚ;3;10;7;CEDIF LAS DALIAS;2026-01-26;3;1;1;No aplica;11
120300866;2;2022-10-15;3;2;PERÚ;3;10;7;CEDIF LAS DALIAS;2026-01-26;3;1;1;No aplica;11
120301098;1;2017-11-03;8;3;PERÚ;3;10;7;CEDIF LAS DALIAS;2021-10-20;2;2;1;No aplica;11
120301118;1;2017-10-31;8;3;PERÚ;3;10;7;CEDIF LAS DALIAS;2021-06-23;3;1;1;No aplica;11
120301118;2;2015-03-23;10;3;PERÚ;3;10;7;CEDIF LAS DALIAS;2021-06-23;3;1;1;No aplica;11
120301118;2;2011-11-21;14;4;PERÚ;3;10;7;CEDIF LAS DALIAS;2021-06-23;3;1;1;No aplica;11
120301120;2;2019-11-04;6;3;PERÚ;3;10;7;CEDIF LAS DALIAS;2023-04-15;1;1;1;No aplica;11
120301120;2;2013-07-02;12;4;PERÚ;3;10;7;CEDIF LAS DALIAS;2021-06-23;1;2;1;No aplica;11
120301131;1;2014-10-12;11;3;PERÚ;3;10;7;CEDIF LAS DALIAS;2022-03-10;2;1;1;No aplica;11
120301131;1;2011-11-01;14;4;PERÚ;3;10;7;CEDIF LAS DALIAS;2022-03-10;2;1;1;No aplica;11
120301132;2;2013-01-30;13;4;PERÚ;3;10;7;CEDIF LAS DALIAS;2022-05-17;3;1;2;2026-01-16;1
120301132;1;2018-11-07;7;3;PERÚ;3;10;7;CEDIF LAS DALIAS;2022-05-17;3;1;2;2026-01-15;1
120301133;2;2015-04-28;10;3;PERÚ;3;10;7;CEDIF LAS DALIAS;2022-05-16;3;1;1;No aplica;11
120301133;1;2010-05-08;15;4;PERÚ;3;10;7;CEDIF LAS DALIAS;2022-05-16;3;1;1;No aplica;11
120301146;1;2016-01-28;10;3;PERÚ;3;10;7;CEDIF LAS DALIAS;2022-07-20;2;1;1;No aplica;11
120301146;1;2012-06-17;13;4;PERÚ;3;10;7;CEDIF LAS DALIAS;2022-07-20;2;1;1;No aplica;11
120301147;2;2015-11-30;10;3;PERÚ;3;10;7;CEDIF LAS DALIAS;2022-09-01;3;1;1;No aplica;11
120301147;1;2014-02-27;12;4;PERÚ;3;10;7;CEDIF LAS DALIAS;2022-09-01;3;1;1;No aplica;11
120301147;2;2011-04-21;14;4;PERÚ;3;10;7;CEDIF LAS DALIAS;2022-09-01;3;1;1;No aplica;11
120301175;1;2017-05-04;8;3;PERÚ;3;10;7;CEDIF LAS DALIAS;2023-05-15;2;1;1;No aplica;11
120301179;1;2013-02-14;13;4;PERÚ;3;10;7;CEDIF LAS DALIAS;2023-06-13;1;1;1;No aplica;11
120301180;1;2013-03-02;12;4;PERÚ;3;10;7;CEDIF LAS DALIAS;2023-06-13;2;1;1;No aplica;11
120301181;1;2017-08-30;8;3;PERÚ;3;10;7;CEDIF LAS DALIAS;2023-06-13;1;1;1;No aplica;11
120301181;1;2015-12-26;10;3;PERÚ;3;10;7;CEDIF LAS DALIAS;2023-06-13;1;1;1;No aplica;11
120301181;1;2013-07-10;12;4;PERÚ;3;10;7;CEDIF LAS DALIAS;2023-06-13;1;1;1;No aplica;11
120301181;1;2013-06-13;12;4;PERÚ;3;10;7;CEDIF LAS DALIAS;2023-06-13;1;1;1;No aplica;11
120301181;1;2011-07-08;14;4;PERÚ;3;10;7;CEDIF LAS DALIAS;2023-06-13;1;1;1;No aplica;11
120301183;2;2019-08-29;6;3;PERÚ;3;10;7;CEDIF LAS DALIAS;2023-07-02;1;1;1;No aplica;11
120301192;2;2011-08-10;14;4;PERÚ;3;10;7;CEDIF LAS DALIAS;2024-03-01;2;1;2;2026-01-15;1
120301192;1;2011-07-04;14;4;PERÚ;3;10;7;CEDIF LAS DALIAS;2024-03-01;2;1;2;2026-01-15;1
120301196;1;2016-08-12;9;3;PERÚ;3;10;7;CEDIF LAS DALIAS;2024-03-01;2;1;1;No aplica;11
120301196;2;2011-08-13;14;4;PERÚ;1;10;7;CEDIF LAS DALIAS;2024-03-01;2;1;1;No aplica;11
120301197;1;2015-09-11;10;3;PERÚ;3;10;7;CEDIF LAS DALIAS;2024-03-13;2;1;2;2026-02-12;1
120301197;2;2012-05-15;13;4;PERÚ;3;10;7;CEDIF LAS DALIAS;2024-03-13;2;1;2;2026-02-12;1
120301197;2;2010-10-21;15;4;PERÚ;3;10;7;CEDIF LAS DALIAS;2024-03-13;2;1;2;2026-02-12;1
120301203;2;2021-03-14;4;2;PERÚ;3;10;7;CEDIF LAS DALIAS;2024-05-01;1;1;1;No aplica;11
120301203;1;2007-11-30;18;5;PERÚ;3;10;7;CEDIF LAS DALIAS;2024-05-01;1;1;2;2026-02-12;1
120301001;2;2011-03-22;14;4;PERÚ;3;10;7;CEDIF LAS DALIAS;2025-06-04;1;1;2;2026-01-16;1
120301180;1;2022-07-02;3;2;PERÚ;3;10;7;CEDIF LAS DALIAS;2025-06-04;1;2;1;No aplica;11
120301216;1;2014-06-24;11;3;PERÚ;3;10;7;CEDIF LAS DALIAS;2025-06-03;1;1;2;2026-01-15;1
120301217;2;2019-04-26;6;3;PERÚ;3;10;7;CEDIF LAS DALIAS;2025-06-05;1;1;2;2026-01-15;1
120301220;2;2010-09-24;15;4;PERÚ;3;10;7;CEDIF LAS DALIAS;2025-07-09;2;1;1;No aplica;11
120301221;2;2022-07-25;3;2;PERÚ;3;10;7;CEDIF LAS DALIAS;2025-07-09;2;1;1;No aplica;11
120301222;2;2018-06-13;7;3;PERÚ;3;10;7;CEDIF LAS DALIAS;2025-09-02;2;1;1;No aplica;11
120301222;1;2018-06-13;7;3;PERÚ;3;10;7;CEDIF LAS DALIAS;2025-09-02;2;1;1;No aplica;11
120301222;1;2015-08-18;10;3;PERÚ;3;10;7;CEDIF LAS DALIAS;2025-09-02;2;1;1;No aplica;11
120301222;1;2014-02-20;12;4;PERÚ;3;10;7;CEDIF LAS DALIAS;2025-09-02;2;1;1;No aplica;11
120301222;1;2012-07-27;13;4;PERÚ;3;10;7;CEDIF LAS DALIAS;2025-09-02;2;1;1;No aplica;11
120301222;1;2010-03-07;15;4;PERÚ;3;10;7;CEDIF LAS DALIAS;2025-09-02;2;1;1;No aplica;11
120301222;1;2008-03-08;17;4;PERÚ;3;10;7;CEDIF LAS DALIAS;2025-09-02;2;1;1;No aplica;11
120301223;1;2022-05-17;3;2;PERÚ;3;10;7;CEDIF LAS DALIAS;2025-09-02;1;1;2;2026-02-12;1
120301223;2;2015-11-13;10;3;PERÚ;3;10;7;CEDIF LAS DALIAS;2025-09-02;1;2;2;2026-02-12;1
120301223;2;2010-04-06;15;4;PERÚ;3;10;7;CEDIF LAS DALIAS;2025-09-02;1;2;2;2026-02-12;1
120301224;2;2018-06-28;7;3;PERÚ;3;10;7;CEDIF LAS DALIAS;2025-09-03;1;1;2;2026-02-12;1
120301224;2;2014-07-09;11;3;PERÚ;3;10;7;CEDIF LAS DALIAS;2025-09-03;1;1;2;2026-02-12;1
120301225;2;2017-06-29;8;3;PERÚ;3;10;7;CEDIF LAS DALIAS;2025-09-10;2;1;1;No aplica;11
120301225;1;2012-09-19;13;4;PERÚ;3;10;7;CEDIF LAS DALIAS;2025-09-10;2;1;1;No aplica;11
120301227;1;2014-07-22;11;3;PERÚ;3;10;7;CEDIF LAS DALIAS;2025-11-18;2;1;1;No aplica;11
120301227;1;2012-10-16;13;4;PERÚ;2;10;7;CEDIF LAS DALIAS;2025-11-18;2;1;1;No aplica;11
120301228;2;2016-07-27;9;3;PERÚ;3;10;7;CEDIF LAS DALIAS;2025-11-18;2;1;1;No aplica;11
120301229;2;2012-04-26;13;4;PERÚ;3;10;7;CEDIF LAS DALIAS;2025-11-25;2;1;2;2026-02-12;1
120301230;2;2021-07-16;4;2;PERÚ;3;10;7;CEDIF LAS DALIAS;2025-11-25;1;2;2;2026-01-15;1
120301230;1;2010-12-21;15;4;PERÚ;3;10;7;CEDIF LAS DALIAS;2025-11-25;1;2;2;2026-01-15;1
120301231;1;2016-08-03;9;3;PERÚ;3;10;7;CEDIF LAS DALIAS;2025-11-25;1;2;2;2026-02-12;1
120301231;1;2014-11-11;11;3;PERÚ;3;10;7;CEDIF LAS DALIAS;2025-11-25;1;2;2;2026-02-12;1
120302086;1;2011-05-03;14;4;PERÚ;3;10;7;CEDIF LAS DALIAS;2024-03-01;2;1;1;No aplica;11
120302105;2;2017-09-26;8;3;PERÚ;3;10;7;CEDIF LAS DALIAS;2021-08-06;2;1;1;No aplica;11
120302105;2;2015-01-24;11;3;PERÚ;3;10;7;CEDIF LAS DALIAS;2021-08-06;2;1;1;No aplica;11
120302105;2;2013-06-05;12;4;PERÚ;3;10;7;CEDIF LAS DALIAS;2021-08-06;2;1;1;No aplica;11
120302230;2;2011-12-28;14;4;PERÚ;3;10;7;CEDIF LAS DALIAS;2022-06-15;1;1;2;2026-01-20;1
120302230;1;2009-08-16;16;4;PERÚ;3;10;7;CEDIF LAS DALIAS;2022-06-15;1;1;2;2026-01-20;1
120302243;2;2020-02-17;6;3;PERÚ;3;10;7;CEDIF LAS DALIAS;2023-03-17;2;1;1;No aplica;11
120302243;2;2016-11-19;9;3;PERÚ;3;10;7;CEDIF LAS DALIAS;2023-03-17;2;1;1;No aplica;11
120302243;2;2014-08-24;11;3;PERÚ;3;10;7;CEDIF LAS DALIAS;2023-03-17;2;1;1;No aplica;11
120302243;1;2012-09-13;13;4;PERÚ;3;10;7;CEDIF LAS DALIAS;2023-03-17;2;1;1;No aplica;11
120302243;1;2011-02-22;15;4;PERÚ;3;10;7;CEDIF LAS DALIAS;2023-03-17;2;1;1;No aplica;11
120302255;1;2014-12-29;11;3;PERÚ;3;10;7;CEDIF LAS DALIAS;2023-09-12;2;1;1;No aplica;11
120302256;1;2009-08-29;16;4;PERÚ;3;10;7;CEDIF LAS DALIAS;2023-09-12;2;1;1;No aplica;11
120302256;2;2018-08-25;7;3;PERÚ;3;10;7;CEDIF LAS DALIAS;2023-09-12;2;1;1;No aplica;11
12032264;1;2009-03-27;16;4;PERÚ;3;10;7;CEDIF LAS DALIAS;2024-03-01;2;1;2;2026-01-19;1
120302268;1;2009-07-31;16;4;PERÚ;3;10;7;CEDIF LAS DALIAS;2024-05-01;2;1;1;No aplica;11
120302269;2;2013-03-19;12;4;PERÚ;3;10;7;CEDIF LAS DALIAS;2024-05-01;2;1;1;No aplica;11
120302269;1;2011-08-01;14;4;PERÚ;3;10;7;CEDIF LAS DALIAS;2024-05-01;2;1;1;No aplica;11
120302270;1;2010-12-16;15;4;PERÚ;3;10;7;CEDIF LAS DALIAS;2024-05-01;2;1;1;No aplica;11
120302272;1;2018-01-22;8;3;PERÚ;3;10;7;CEDIF LAS DALIAS;2024-05-01;2;1;1;No aplica;11
120302272;1;2012-08-21;13;4;PERÚ;3;10;7;CEDIF LAS DALIAS;2024-05-01;2;1;1;No aplica;11
120302272;2;2010-07-22;15;4;PERÚ;3;10;7;CEDIF LAS DALIAS;2024-05-01;2;1;1;No aplica;11
120302289;2;2009-10-02;16;4;PERÚ;3;10;7;CEDIF LAS DALIAS;2024-07-15;2;1;1;No aplica;11
120302275;1;2021-01-01;5;2;PERÚ;3;10;7;CEDIF LAS DALIAS;2024-08-20;2;1;1;No aplica;11
120302275;1;2009-08-09;16;4;PERÚ;3;10;7;CEDIF LAS DALIAS;2024-08-20;2;1;1;No aplica;11
120302277;1;2021-04-06;4;2;PERÚ;3;10;7;CEDIF LAS DALIAS;2024-08-20;2;1;2;2026-01-19;1
120302278;2;2021-09-25;4;2;PERÚ;3;10;7;CEDIF LAS DALIAS;2024-09-03;2;1;1;No aplica;11
120302278;1;2018-11-28;7;3;PERÚ;3;10;7;CEDIF LAS DALIAS;2024-09-03;2;1;1;No aplica;11
120302278;1;2013-04-04;12;4;PERÚ;3;10;7;CEDIF LAS DALIAS;2024-09-03;2;1;1;No aplica;11
120302279;2;2021-08-24;4;2;PERÚ;3;10;7;CEDIF LAS DALIAS;2024-09-05;2;1;2;2026-02-20;1
120302279;1;2010-10-08;15;4;PERÚ;3;10;7;CEDIF LAS DALIAS;2024-09-05;2;1;2;2026-02-20;1
120302279;1;2009-02-28;17;4;PERÚ;3;10;7;CEDIF LAS DALIAS;2024-09-05;2;1;2;2026-02-20;1
120302283;2;2021-02-22;5;2;PERÚ;3;10;7;CEDIF LAS DALIAS;2024-11-12;2;1;1;No aplica;11
120302285;1;2015-11-23;10;3;PERÚ;3;10;7;CEDIF LAS DALIAS;2025-02-24;2;1;1;No aplica;11
120302287;2;2015-10-20;10;3;PERÚ;3;10;7;CEDIF LAS DALIAS;2025-02-24;2;1;1;No aplica;11
120302287;1;2010-05-13;15;4;PERÚ;3;10;7;CEDIF LAS DALIAS;2025-02-24;2;1;1;No aplica;11
120302287;2;2009-01-25;17;4;PERÚ;3;10;7;CEDIF LAS DALIAS;2025-02-24;2;1;1;No aplica;11
120302288;1;2014-01-24;12;4;PERÚ;3;10;7;CEDIF LAS DALIAS;2025-03-10;2;1;1;No aplica;11
120302288;2;2011-10-31;14;4;PERÚ;3;10;7;CEDIF LAS DALIAS;2025-03-10;2;1;1;No aplica;11
120302289;2;2014-01-22;12;4;PERÚ;3;10;7;CEDIF LAS DALIAS;2025-03-10;2;1;1;No aplica;11
120302290;1;2014-08-11;11;3;PERÚ;3;10;7;CEDIF LAS DALIAS;2025-03-10;2;1;2;2026-01-20;1
120302290;2;2011-03-02;14;4;PERÚ;3;10;7;CEDIF LAS DALIAS;2025-03-10;2;1;2;2026-01-19;1
120302291;1;2012-09-17;13;4;PERÚ;3;10;7;CEDIF LAS DALIAS;2025-04-01;2;2;1;No aplica;11
120302291;1;2010-06-23;15;4;PERÚ;3;10;7;CEDIF LAS DALIAS;2025-04-01;2;2;1;No aplica;11
120302292;1;2011-08-23;14;4;PERÚ;3;10;7;CEDIF LAS DALIAS;2025-04-01;2;2;2;2026-01-19;1
120302293;2;2018-12-18;7;3;PERÚ;3;10;7;CEDIF LAS DALIAS;2025-04-01;2;1;1;No aplica;11
120302293;1;2016-11-21;9;3;PERÚ;3;10;7;CEDIF LAS DALIAS;2025-04-01;2;1;1;No aplica;11
120302293;2;2014-11-16;11;3;PERÚ;3;10;7;CEDIF LAS DALIAS;2025-04-01;2;1;1;No aplica;11
120302293;1;2011-05-08;14;4;PERÚ;3;10;7;CEDIF LAS DALIAS;2025-04-01;2;1;1;No aplica;11
120302293;1;2008-12-20;17;4;PERÚ;3;10;7;CEDIF LAS DALIAS;2025-04-01;2;1;2;2026-01-19;1
120302295;2;2008-12-03;17;4;PERÚ;3;10;7;CEDIF LAS DALIAS;2025-06-06;3;1;2;2026-01-19;1
120302296;1;2017-06-28;8;3;PERÚ;3;10;7;CEDIF LAS DALIAS;2025-06-06;3;1;1;No aplica;11
120302296;2;2015-02-26;11;3;PERÚ;3;10;7;CEDIF LAS DALIAS;2025-06-06;3;1;1;No aplica;11
120302296;1;2012-08-16;13;4;PERÚ;3;10;7;CEDIF LAS DALIAS;2025-06-06;3;1;1;No aplica;11
120302297;2;2009-09-17;16;4;PERÚ;3;10;7;CEDIF LAS DALIAS;2025-06-06;1;1;1;No aplica;11
120302086;1;2013-08-27;12;4;PERÚ;3;10;7;CEDIF LAS DALIAS;2025-06-06;2;1;1;No aplica;11
120302086;1;2007-10-19;18;5;PERÚ;3;10;7;CEDIF LAS DALIAS;2025-06-06;2;1;2;2026-01-20;1
120302298;2;2015-07-06;10;3;PERÚ;3;10;7;CEDIF LAS DALIAS;2025-06-10;2;1;1;No aplica;11
120302301;1;2011-10-24;14;4;PERÚ;3;10;7;CEDIF LAS DALIAS;2025-07-11;2;1;1;No aplica;11
120302303;1;2014-05-28;11;3;PERÚ;3;10;7;CEDIF LAS DALIAS;2025-09-29;1;1;1;No aplica;11
120302303;1;2009-10-20;16;4;PERÚ;3;10;7;CEDIF LAS DALIAS;2025-09-29;1;1;1;No aplica;11
120302105;1;2008-08-22;17;4;PERÚ;3;10;7;CEDIF LAS DALIAS;2025-10-02;1;1;2;2026-01-19;1
120302291;2;2015-07-23;10;3;PERÚ;3;10;7;CEDIF LAS DALIAS;2025-11-19;1;2;1;No aplica;11
120302304;2;2009-07-31;16;4;PERÚ;3;10;7;CEDIF LAS DALIAS;2025-11-19;2;1;1;No aplica;11
120302305;2;2014-11-30;11;3;PERÚ;3;10;7;CEDIF LAS DALIAS;2025-11-19;1;1;2;2026-01-19;1
120302306;2;2016-09-04;9;3;PERÚ;3;10;7;CEDIF LAS DALIAS;2025-11-19;1;1;1;No aplica;11
CERMIT00022;1;2018-01-04;8;3;PERÚ;3;10;9;CEDIF TAHUANTINSUYO;2025-03-25;12;1;2;2026-01-02;10
CERMIT00026;1;2018-03-27;7;3;PERÚ;3;10;9;CEDIF TAHUANTINSUYO;2025-04-16;12;1;2;2026-01-02;10
CERMIT00040;1;2017-08-25;8;3;PERÚ;3;10;9;CEDIF TAHUANTINSUYO;2025-03-21;12;1;2;2026-01-02;10
CERMIT00096;2;2019-02-13;7;3;PERÚ;3;10;9;CEDIF TAHUANTINSUYO;2025-03-24;12;1;2;2026-01-02;10
CERMIT00112;2;2017-08-23;8;3;PERÚ;3;10;9;CEDIF TAHUANTINSUYO;2025-04-02;12;1;2;2026-01-02;10
CERMIT00113;2;2017-11-22;8;3;PERÚ;3;10;9;CEDIF TAHUANTINSUYO;2025-04-02;12;1;2;2026-01-02;10
CERMIT00116;2;2017-10-06;8;3;PERÚ;3;10;9;CEDIF TAHUANTINSUYO;2025-03-18;12;1;2;2026-01-02;10
CERMIT00128;2;2016-08-11;9;3;PERÚ;3;10;9;CEDIF TAHUANTINSUYO;2025-04-04;12;1;2;2026-01-02;10
CERMIT00134;2;2016-02-12;10;3;VENEZUELA;3;10;9;CEDIF TAHUANTINSUYO;2025-04-25;12;5;2;2026-01-02;10
CERMIT00150;2;2015-05-30;10;3;VENEZUELA;3;10;9;CEDIF TAHUANTINSUYO;2025-05-08;12;5;2;2026-01-02;10
CERMIT00343;2;2018-06-25;7;3;PERÚ;3;10;9;CEDIF TAHUANTINSUYO;2025-07-07;12;5;2;2026-01-02;10
CERMIT00016;1;2018-08-01;7;3;PERÚ;3;10;7;CEDIF TAHUANTINSUYO;2025-12-02;12;5;2;2026-01-02;10
CERMIT00039;1;2016-12-17;9;3;PERÚ;3;10;7;CEDIF TAHUANTINSUYO;2025-12-02;12;5;2;2026-01-02;10
CERMIT00067;1;2013-12-28;12;4;VENEZUELA;3;10;7;CEDIF TAHUANTINSUYO;2025-12-02;12;5;2;2026-01-02;10
CERMIT00106;2;2019-06-23;6;3;PERÚ;3;10;7;CEDIF TAHUANTINSUYO;2025-03-25;12;5;2;2026-01-02;10
CERMIT00109;2;2018-01-08;8;3;PERÚ;3;10;7;CEDIF TAHUANTINSUYO;2025-04-22;12;5;2;2026-01-02;10
CERMIT00124;2;2017-03-04;8;3;PERÚ;3;10;7;CEDIF TAHUANTINSUYO;2025-03-21;12;1;2;2026-01-02;10
CERMIT00127;2;2016-07-20;9;3;PERÚ;3;10;7;CEDIF TAHUANTINSUYO;2025-03-28;12;1;2;2026-01-02;10
CERMIT00129;2;2018-05-05;7;3;PERÚ;3;10;7;CEDIF TAHUANTINSUYO;2025-12-02;12;5;2;2026-01-02;10
CERMIT00130;2;2017-04-18;8;3;PERÚ;3;10;7;CEDIF TAHUANTINSUYO;2025-04-10;12;1;2;2026-01-02;10
CERMIT00162;1;2018-10-08;7;3;PERÚ;3;10;7;CEDIF TAHUANTINSUYO;2025-12-02;12;5;2;2026-01-02;10
CERMIT00174;2;2014-09-09;11;3;PERÚ;3;10;7;CEDIF TAHUANTINSUYO;2025-03-28;12;1;2;2026-01-02;10
CERMIT00183;1;2013-04-05;12;4;PERÚ;3;10;7;CEDIF TAHUANTINSUYO;2025-03-27;12;1;2;2026-01-02;10
CERMIT00191;2;2018-01-19;8;3;PERÚ;3;10;7;CEDIF TAHUANTINSUYO;2025-03-31;12;1;2;2026-01-02;10
CERMIT00194;2;2017-05-27;8;3;PERÚ;3;10;7;CEDIF TAHUANTINSUYO;2025-03-27;12;1;2;2026-01-02;10
CERMIT00196;2;2018-05-15;7;3;PERÚ;3;10;7;CEDIF TAHUANTINSUYO;2025-03-27;12;5;2;2026-01-02;10
CERMIT00323;1;2014-05-09;11;3;PERÚ;3;10;7;CEDIF TAHUANTINSUYO;2025-06-03;12;5;2;2026-01-02;10
CERMIT00345;2;2019-01-10;7;3;PERÚ;3;10;7;CEDIF TAHUANTINSUYO;2025-07-22;12;1;2;2026-01-02;10
CERMIT00361;2;2018-03-24;7;3;PERÚ;3;10;7;CEDIF TAHUANTINSUYO;2025-08-01;12;5;2;2026-01-02;10
CERMIT00388;1;2019-10-06;6;3;PERÚ;3;10;7;CEDIF TAHUANTINSUYO;2025-08-14;12;5;2;2026-01-02;10
SECAGUSTINO0001;2;2015-09-13;10;3;PERÚ;3;10;9;CEDIF ALEJANDRO SÁNCHEZ ARTEAGA;2025-06-02;12;1;1;No aplica;11
SECAGUSTINO0070;2;2009-08-24;16;4;PERÚ;3;10;9;CEDIF ALEJANDRO SÁNCHEZ ARTEAGA;2026-01-02;12;5;1;No aplica;11
SECAGUSTINO0070;1;2012-01-25;14;4;PERÚ;3;10;9;CEDIF ALEJANDRO SÁNCHEZ ARTEAGA;2026-01-02;12;5;1;No aplica;11
SECAGUSTINO0003;2;2015-02-11;11;3;VENEZUELA;3;10;9;CEDIF ALEJANDRO SÁNCHEZ ARTEAGA;2025-01-15;12;5;1;No aplica;11
SECAGUSTINO0004;1;2016-07-29;9;3;PERÚ;3;10;9;CEDIF ALEJANDRO SÁNCHEZ ARTEAGA;2025-04-29;12;1;1;No aplica;11
SECAGUSTINO0055;2;2017-01-27;9;3;PERÚ;3;10;9;CEDIF ALEJANDRO SÁNCHEZ ARTEAGA;2026-01-06;12;5;1;No aplica;11
SECAGUSTINO0057;1;2018-12-15;7;3;PERÚ;3;10;9;CEDIF ALEJANDRO SÁNCHEZ ARTEAGA;2026-01-06;12;5;1;No aplica;11
SECAGUSTINO0006;2;2014-07-04;11;3;PERÚ;3;10;9;CEDIF ALEJANDRO SÁNCHEZ ARTEAGA;2025-04-28;12;5;1;No aplica;11
SECAGUSTINO0007;2;2014-01-03;12;4;PERÚ;3;10;9;CEDIF ALEJANDRO SÁNCHEZ ARTEAGA;2024-01-03;12;1;1;No aplica;11
SECAGUSTINO0007;2;2017-09-04;8;3;PERÚ;3;10;9;CEDIF ALEJANDRO SÁNCHEZ ARTEAGA;2024-01-03;12;1;1;No aplica;11
SECAGUSTINO0009;2;2016-03-23;9;3;PERÚ;3;10;9;CEDIF ALEJANDRO SÁNCHEZ ARTEAGA;2024-05-13;12;1;1;No aplica;11
SECAGUSTINO0066;1;2011-07-12;14;4;PERÚ;3;10;9;CEDIF ALEJANDRO SÁNCHEZ ARTEAGA;2026-01-16;12;5;1;No aplica;11
SECAGUSTINO0044;2;2014-05-08;11;3;PERÚ;3;10;9;CEDIF ALEJANDRO SÁNCHEZ ARTEAGA;2025-11-11;12;5;1;No aplica;11
SECAGUSTINO0044;2;2014-05-08;11;3;PERÚ;3;10;9;CEDIF ALEJANDRO SÁNCHEZ ARTEAGA;2025-11-11;12;5;1;No aplica;11
SECAGUSTINO0008;2;2012-05-29;13;4;PERÚ;3;10;9;CEDIF ALEJANDRO SÁNCHEZ ARTEAGA;2025-04-22;12;1;1;No aplica;11
SECAGUSTINO0063;2;2014-06-28;11;3;PERÚ;3;10;9;CEDIF ALEJANDRO SÁNCHEZ ARTEAGA;2026-01-15;12;5;1;No aplica;11
SECAGUSTINO0049;2;2014-11-05;11;3;PERÚ;3;10;9;CEDIF ALEJANDRO SÁNCHEZ ARTEAGA;2025-11-25;12;5;1;No aplica;11
SECAGUSTINO0068;1;2013-11-07;12;4;PERÚ;3;10;9;CEDIF ALEJANDRO SÁNCHEZ ARTEAGA;2026-01-02;12;5;1;No aplica;11
SECAGUSTINO0043;2;2015-03-22;10;3;PERÚ;3;10;9;CEDIF ALEJANDRO SÁNCHEZ ARTEAGA;2025-11-11;12;5;1;No aplica;11
SECAGUSTINO0038;1;2019-10-10;6;3;PERÚ;3;10;9;CEDIF ALEJANDRO SÁNCHEZ ARTEAGA;2025-10-17;12;5;1;No aplica;11
SECAGUSTINO0012;2;2016-03-08;9;3;PERÚ;3;10;9;CEDIF ALEJANDRO SÁNCHEZ ARTEAGA;2025-06-03;12;1;1;No aplica;11
SECAGUSTINO0014;2;2011-07-09;14;4;PERÚ;3;10;9;CEDIF ALEJANDRO SÁNCHEZ ARTEAGA;2024-01-10;12;1;1;No aplica;11
SECAGUSTINO0047;1;2013-09-17;12;4;VENEZUELA;3;10;9;CEDIF ALEJANDRO SÁNCHEZ ARTEAGA;2025-11-03;12;5;1;No aplica;11
SECAGUSTINO0064;2;2014-09-08;11;3;PERÚ;3;10;9;CEDIF ALEJANDRO SÁNCHEZ ARTEAGA;2026-01-07;12;5;1;No aplica;11
SECAGUSTINO0062;2;2016-01-23;10;3;PERÚ;3;10;9;CEDIF ALEJANDRO SÁNCHEZ ARTEAGA;2026-01-07;12;5;1;No aplica;11
SECAGUSTINO0042;2;2014-08-08;11;3;PERÚ;3;10;9;CEDIF ALEJANDRO SÁNCHEZ ARTEAGA;2025-08-08;12;5;1;No aplica;11
SECAGUSTINO0016;1;2018-01-31;8;3;PERÚ;3;10;9;CEDIF ALEJANDRO SÁNCHEZ ARTEAGA;2025-04-24;12;1;1;No aplica;11
SECAGUSTINO0039;2;2010-05-04;15;4;PERÚ;3;10;9;CEDIF ALEJANDRO SÁNCHEZ ARTEAGA;2025-12-16;12;1;1;No aplica;11
SECAGUSTINO0060;1;2011-12-16;14;4;PERÚ;3;10;9;CEDIF ALEJANDRO SÁNCHEZ ARTEAGA;2026-01-07;12;5;1;No aplica;11
SECAGUSTINO0046;2;2014-09-16;11;3;PERÚ;3;10;9;CEDIF ALEJANDRO SÁNCHEZ ARTEAGA;2025-10-30;12;5;1;No aplica;11
SECAGUSTINO0036;2;2013-12-25;12;4;PERÚ;3;10;9;CEDIF ALEJANDRO SÁNCHEZ ARTEAGA;2025-02-15;12;1;1;No aplica;11
SECAGUSTINO0056;2;2018-02-02;8;3;PERÚ;3;10;9;CEDIF ALEJANDRO SÁNCHEZ ARTEAGA;2026-01-06;12;5;1;No aplica;11
SECAGUSTINO0003;1;2013-05-26;12;4;VENEZUELA;3;10;9;CEDIF ALEJANDRO SÁNCHEZ ARTEAGA;2025-01-10;12;5;1;No aplica;11
SECAGUSTINO0022;1;2012-10-23;13;4;PERÚ;3;10;9;CEDIF ALEJANDRO SÁNCHEZ ARTEAGA;2025-05-04;12;1;1;No aplica;11
SECAGUSTINO0053;1;2012-11-25;13;4;PERÚ;3;10;9;CEDIF ALEJANDRO SÁNCHEZ ARTEAGA;2026-01-02;12;5;1;No aplica;11
SECAGUSTINO0054;1;2011-12-25;14;4;PERÚ;3;10;9;CEDIF ALEJANDRO SÁNCHEZ ARTEAGA;2026-01-02;12;5;1;No aplica;11
SECAGUSTINO0054;2;2015-06-24;10;3;PERÚ;3;10;9;CEDIF ALEJANDRO SÁNCHEZ ARTEAGA;2026-01-02;12;5;1;No aplica;11
SECAGUSTINO0037;1;2017-06-30;8;3;PERÚ;3;10;9;CEDIF ALEJANDRO SÁNCHEZ ARTEAGA;2025-10-23;12;1;1;No aplica;11
SECAGUSTINO0067;2;2019-03-20;6;3;PERÚ;3;10;9;CEDIF ALEJANDRO SÁNCHEZ ARTEAGA;2026-01-08;12;5;1;No aplica;11
SECAGUSTINO0067;2;2009-06-26;16;4;PERÚ;3;10;9;CEDIF ALEJANDRO SÁNCHEZ ARTEAGA;2026-01-08;12;5;1;No aplica;11
SECAGUSTINO0067;2;2013-11-17;12;4;PERÚ;3;10;9;CEDIF ALEJANDRO SÁNCHEZ ARTEAGA;2026-01-08;12;5;1;No aplica;11
SECAGUSTINO0067;1;2016-04-29;9;3;PERÚ;3;10;9;CEDIF ALEJANDRO SÁNCHEZ ARTEAGA;2026-01-08;12;5;1;No aplica;11
SECAGUSTINO0058;1;2012-02-16;14;4;PERÚ;3;10;9;CEDIF ALEJANDRO SÁNCHEZ ARTEAGA;2026-01-07;12;5;1;No aplica;11
SECAGUSTINO0045;1;2012-05-16;13;4;PERÚ;3;10;9;CEDIF ALEJANDRO SÁNCHEZ ARTEAGA;2026-01-02;12;5;1;No aplica;11
SECAGUSTINO0026;2;2018-04-11;7;3;PERÚ;3;10;9;CEDIF ALEJANDRO SÁNCHEZ ARTEAGA;2025-01-15;12;1;1;No aplica;11
SECAGUSTINO0028;1;2015-07-24;10;3;PERÚ;3;10;9;CEDIF ALEJANDRO SÁNCHEZ ARTEAGA;2024-04-18;12;5;1;No aplica;11
SECAGUSTINO0061;1;2013-01-19;13;4;PERÚ;3;10;9;CEDIF ALEJANDRO SÁNCHEZ ARTEAGA;2026-01-05;12;5;1;No aplica;11
SECAGUSTINO0065;2;2012-08-14;13;4;PERÚ;3;10;9;CEDIF ALEJANDRO SÁNCHEZ ARTEAGA;2026-01-20;12;5;1;No aplica;11
SECAGUSTINO0039;1;2016-11-24;9;3;PERÚ;3;10;9;CEDIF ALEJANDRO SÁNCHEZ ARTEAGA;2025-12-16;12;1;1;No aplica;11
SECAGUSTINO0059;1;2013-03-26;12;4;PERÚ;3;10;9;CEDIF ALEJANDRO SÁNCHEZ ARTEAGA;2026-01-07;12;5;1;No aplica;11
SECAGUSTINO0040;2;2011-04-24;14;4;VENEZUELA;3;10;9;CEDIF ALEJANDRO SÁNCHEZ ARTEAGA;2025-10-15;12;5;1;No aplica;11
SECAGUSTINO0040;1;2014-01-23;12;4;VENEZUELA;3;10;9;CEDIF ALEJANDRO SÁNCHEZ ARTEAGA;2026-01-02;12;5;1;No aplica;11
SECAGUSTINO0040;1;2015-07-09;10;3;VENEZUELA;3;10;9;CEDIF ALEJANDRO SÁNCHEZ ARTEAGA;2026-01-02;12;5;1;No aplica;11
121200732;2;2020-10-01;5;2;PERÚ;3;10;7;CEDIF MAGDALENA ROBLES CANALES;2026-02-11;3;1;1;No aplica;11
121200734;2;2024-08-10;1;2;PERÚ;3;10;7;CEDIF MAGDALENA ROBLES CANALES;2026-02-03;13;1;1;No aplica;11
121200734;2;2018-08-19;7;3;PERÚ;3;10;7;CEDIF MAGDALENA ROBLES CANALES;2026-02-03;13;2;1;No aplica;11
121200735;2;2014-08-03;11;3;PERÚ;3;10;7;CEDIF MAGDALENA ROBLES CANALES;2026-02-11;13;1;1;No aplica;11
121200735;2;2021-01-26;5;2;PERÚ;3;10;7;CEDIF MAGDALENA ROBLES CANALES;2026-02-10;13;1;1;No aplica;11
672;2;2022-05-30;3;2;PERÚ;3;10;7;CEDIF BAGUA;2026-02-20;1;1;1;No aplica;11
673;1;2014-06-10;11;3;PERÚ;3;10;7;CEDIF BAGUA;2026-02-17;1;1;1;No aplica;11
673;2;2011-06-02;14;4;PERÚ;3;10;7;CEDIF BAGUA;2026-02-17;1;1;1;No aplica;11
674;2;2018-08-12;7;3;PERÚ;3;10;7;CEDIF BAGUA;2026-02-18;1;1;1;No aplica;11
645;2;2022-06-11;3;2;PERÚ;3;10;7;CEDIF BAGUA;2026-02-23;2;1;1;No aplica;11
675;2;2022-11-14;3;2;PERÚ;3;10;7;CEDIF BAGUA;2026-02-24;1;1;1;No aplica;11
676;1;2017-06-01;8;3;PERÚ;3;10;7;CEDIF BAGUA;2026-02-10;1;1;1;No aplica;11
677;1;2016-10-03;9;3;PERÚ;3;10;7;CEDIF BAGUA;2026-02-16;2;1;1;No aplica;11
678;2;2019-11-06;6;3;PERÚ;3;10;7;CEDIF BAGUA;2026-02-19;1;1;1;No aplica;11
545;2;2022-03-01;3;2;PERÚ;3;10;7;CEDIF BAGUA;2026-02-24;1;1;1;No aplica;11
679;2;2023-01-06;3;2;PERÚ;3;10;7;CEDIF BAGUA;2026-02-24;2;1;1;No aplica;11
12502677;2;2022-12-15;3;2;PERÚ;3;10;7;CEDIF PAMPLONA - PAPA LEÓN XIV;2026-02-04;1;1;1;No aplica;11
12502678;2;2025-03-27;0;1;PERÚ;3;10;7;CEDIF PAMPLONA - PAPA LEÓN XIV;2026-02-05;1;1;1;No aplica;11
12502679;1;2024-08-30;1;2;PERÚ;3;10;7;CEDIF PAMPLONA - PAPA LEÓN XIV;2026-02-09;1;1;1;No aplica;11
12502679;1;2016-12-18;9;3;PERÚ;3;10;7;CEDIF PAMPLONA - PAPA LEÓN XIV;2026-02-09;1;1;1;No aplica;11
12502680;1;2024-10-06;1;2;PERÚ;3;10;7;CEDIF PAMPLONA - PAPA LEÓN XIV;2026-02-05;1;1;1;No aplica;11
12502681;2;2013-07-29;12;4;PERÚ;3;10;7;CEDIF PAMPLONA - PAPA LEÓN XIV;2026-02-05;1;1;1;No aplica;11
12052637;2;2019-06-18;6;3;PERÚ;3;10;7;CEDIF PAMPLONA - PAPA LEÓN XIV;2026-02-05;1;1;1;No aplica;11
12502682;2;2023-01-03;3;2;PERÚ;3;10;7;CEDIF PAMPLONA - PAPA LEÓN XIV;2026-02-02;1;1;1;No aplica;11
12502683;2;2016-11-17;9;3;PERÚ;3;10;7;CEDIF PAMPLONA - PAPA LEÓN XIV;2026-02-09;1;1;1;No aplica;11
12502684;1;2019-08-19;6;3;PERÚ;3;10;7;CEDIF PAMPLONA - PAPA LEÓN XIV;2026-02-12;1;1;1;No aplica;11
12502684;1;2025-05-27;0;1;PERÚ;3;10;7;CEDIF PAMPLONA - PAPA LEÓN XIV;2026-02-12;1;1;1;No aplica;11
12502685;1;2024-06-13;1;2;PERÚ;3;10;7;CEDIF PAMPLONA - PAPA LEÓN XIV;2026-02-03;1;1;1;No aplica;11
12502686;2;2013-01-31;13;4;PERÚ;3;10;7;CEDIF PAMPLONA - PAPA LEÓN XIV;2026-02-12;1;1;1;No aplica;11
12502673;2;2015-02-15;11;3;PERÚ;3;10;7;CEDIF PAMPLONA - PAPA LEÓN XIV;2026-02-02;3;1;1;No aplica;11
CDFRCM00142;2;2020-08-30;5;2;PERÚ;3;10;2;CEDIF ROSA CODA DE MARTORELL;2026-02-02;4;1;1;No aplica;11
CDFRCM00142;2;2015-03-09;10;3;PERÚ;3;10;2;CEDIF ROSA CODA DE MARTORELL;2026-02-02;4;1;1;No aplica;11
CDFRCM00143;1;2012-04-05;13;4;PERÚ;3;10;2;CEDIF ROSA CODA DE MARTORELL;2026-02-11;1;1;1;No aplica;11
CDFRCM00144;1;2024-01-12;2;2;PERÚ;3;10;7;CEDIF ROSA CODA DE MARTORELL;2026-02-19;2;1;1;No aplica;11
CDFRCM00144;2;2014-05-13;11;3;VENEZUELA;3;10;7;CEDIF ROSA CODA DE MARTORELL;2026-02-19;2;1;1;No aplica;11
CDFRCM00145;2;2023-09-05;2;2;PERÚ;3;10;1;CEDIF ROSA CODA DE MARTORELL;2026-02-24;2;1;1;No aplica;11
CDFRCM00059;2;2023-09-07;2;2;PERÚ;3;10;7;CEDIF ROSA CODA DE MARTORELL;2026-02-24;4;1;1;No aplica;11
CDFRCM00146;1;2023-01-30;3;2;PERÚ;3;10;2;CEDIF ROSA CODA DE MARTORELL;2026-02-24;2;1;1;No aplica;11
CDFRCM00147;1;2022-09-09;3;2;PERÚ;3;10;2;CEDIF ROSA CODA DE MARTORELL;2026-02-24;2;1;1;No aplica;11
CDFRCM00148;1;2023-10-25;2;2;PERÚ;3;10;7;CEDIF ROSA CODA DE MARTORELL;2026-02-24;2;1;1;No aplica;11
CDFRCM00148;1;2021-07-08;4;2;PERÚ;3;10;7;CEDIF ROSA CODA DE MARTORELL;2026-02-24;2;1;1;No aplica;11
CDFRCM00149;1;2023-02-04;3;2;PERÚ;3;10;2;CEDIF ROSA CODA DE MARTORELL;2026-02-24;2;1;1;No aplica;11
CDFRCM00149;2;2019-11-17;6;3;PERÚ;3;10;2;CEDIF ROSA CODA DE MARTORELL;2026-02-24;2;1;1;No aplica;11
CDFRCM00089;1;2023-08-11;2;2;PERÚ;3;10;2;CEDIF ROSA CODA DE MARTORELL;2026-02-24;4;1;1;No aplica;11
CDFRCM00150;2;2022-07-12;3;2;PERÚ;3;10;2;CEDIF ROSA CODA DE MARTORELL;2026-02-24;2;1;1;No aplica;11
CDFRCM00151;2;2023-08-18;2;2;PERÚ;3;10;2;CEDIF ROSA CODA DE MARTORELL;2026-02-25;4;1;1;No aplica;11
CDFRCM00152;1;2023-01-01;3;2;PERÚ;3;10;2;CEDIF ROSA CODA DE MARTORELL;2026-02-25;2;1;1;No aplica;11
CDFRCM00073;1;2023-11-25;2;2;PERÚ;3;10;2;CEDIF ROSA CODA DE MARTORELL;2026-02-25;4;1;1;No aplica;11
CDFRCM00153;2;2022-08-19;3;2;PERÚ;3;10;2;CEDIF ROSA CODA DE MARTORELL;2026-02-25;2;1;1;No aplica;11
CDFRCM00138;2;2022-09-05;3;2;PERÚ;3;10;2;CEDIF ROSA CODA DE MARTORELL;2026-02-25;4;1;1;No aplica;11
686;2;2016-05-19;9;3;PERÚ;3;10;7;CEDIF CAJAMARCA;2026-02-27;1;2;1;No aplica;11
687;1;2018-10-08;7;3;PERÚ;3;10;7;CEDIF CAJAMARCA;2026-02-27;1;1;1;No aplica;11
688;2;2014-03-12;11;3;PERÚ;3;10;7;CEDIF CAJAMARCA;2026-02-27;3;1;1;No aplica;11
689;1;2018-10-20;7;3;PERÚ;3;10;7;CEDIF CAJAMARCA;2026-02-27;1;1;1;No aplica;11
689;1;2013-08-03;12;4;PERÚ;3;10;7;CEDIF CAJAMARCA;2026-02-27;1;1;1;No aplica;11
690;1;2015-05-03;10;3;PERÚ;3;10;7;CEDIF CAJAMARCA;2026-02-27;1;1;1;No aplica;11
690;1;2013-08-04;12;4;PERÚ;3;10;7;CEDIF CAJAMARCA;2026-02-27;3;1;1;No aplica;11
691;1;2020-11-26;5;2;PERÚ;3;10;7;CEDIF CAJAMARCA;2026-02-27;1;1;1;No aplica;11
692;1;2017-11-15;8;3;PERÚ;3;10;7;CEDIF CAJAMARCA;2026-02-27;1;1;1;No aplica;11
693;2;2014-05-03;11;3;PERÚ;3;10;7;CEDIF CAJAMARCA;2026-02-27;1;1;1;No aplica;11
13200104;1;2011-11-15;14;4;PERÚ;3;10;1;CEDIF CASTROVIRREYNA;2026-02-09;2;2;1;No aplica;11
13200139;1;2022-05-11;3;2;PERÚ;3;10;1;CEDIF CASTROVIRREYNA;2026-02-06;2;1;1;No aplica;11
13200140;2;2011-11-25;14;4;PERÚ;3;10;1;CEDIF CASTROVIRREYNA;2026-02-06;2;1;1;No aplica;11
13200542;1;2020-10-30;5;2;PERÚ;3;10;1;CEDIF CASTROVIRREYNA;2026-02-19;1;2;1;No aplica;11
0202 MENDOZA MENDOZA;1;2018-04-03;7;3;PERÚ;3;10;7;CEDIF SAN RAMÓN;2026-02-04;1;1;1;No aplica;11
0202 MENDOZA MENDOZA;2;2014-10-14;11;3;PERÚ;3;10;7;CEDIF SAN RAMÓN;2026-02-04;1;1;1;No aplica;11
0203 JARA BALBIN;1;2023-02-12;3;2;PERÚ;3;10;7;CEDIF SAN RAMÓN;2026-02-12;1;1;1;No aplica;11
121200348;2;2024-09-29;1;2;PERÚ;3;10;7;CEDIF LOS CABITOS;2026-02-02;4;1;1;No aplica;11
121200355;1;2024-08-20;1;2;PERÚ;3;10;7;CEDIF LOS CABITOS;2026-02-25;1;1;1;No aplica;11
121200342;1;2024-05-25;1;2;PERÚ;3;10;7;CEDIF LOS CABITOS;2026-02-02;1;1;1;No aplica;11
121200339;1;2024-10-06;1;2;PERÚ;3;10;2;CEDIF LOS CABITOS;2026-02-19;9;1;1;No aplica;11
121200341;2;2024-07-19;1;2;PERÚ;3;10;7;CEDIF LOS CABITOS;2026-02-02;1;1;1;No aplica;11
121200350;1;2025-02-24;1;2;PERÚ;3;10;7;CEDIF LOS CABITOS;2026-02-02;1;1;1;No aplica;11
121200351;2;2024-07-19;1;2;PERÚ;3;10;7;CEDIF LOS CABITOS;2026-02-02;1;1;1;No aplica;11
121200237;2;2024-09-08;1;2;PERÚ;3;10;7;CEDIF LOS CABITOS;2026-02-20;2;1;1;No aplica;11
121200343;1;2023-08-10;2;2;PERÚ;3;10;7;CEDIF LOS CABITOS;2026-02-12;1;1;1;No aplica;11
121200349;1;2023-10-26;2;2;PERÚ;3;10;7;CEDIF LOS CABITOS;2026-02-05;5;1;1;No aplica;11
121200346;2;2023-06-11;2;2;PERÚ;3;10;7;CEDIF LOS CABITOS;2026-02-02;9;1;1;No aplica;11
121200347;1;2024-01-31;2;2;PERÚ;3;10;7;CEDIF LOS CABITOS;2026-02-02;2;1;1;No aplica;11
121200336;1;2023-08-30;2;2;PERÚ;3;10;7;CEDIF LOS CABITOS;2026-02-12;2;1;1;No aplica;11
121200352;2;2023-11-30;2;2;CHILE;3;10;7;CEDIF LOS CABITOS;2026-02-02;1;1;1;No aplica;11
121200344;1;2022-06-29;3;2;PERÚ;3;10;7;CEDIF LOS CABITOS;2026-02-09;1;1;1;No aplica;11
121200353;2;2022-06-12;3;2;COLOMBIA;3;10;6;CEDIF LOS CABITOS;2026-02-12;4;1;1;No aplica;11
121200350;2;2022-09-09;3;2;PERÚ;3;10;7;CEDIF LOS CABITOS;2026-02-02;1;1;1;No aplica;11
121200354;1;2023-02-13;3;2;PERÚ;3;10;7;CEDIF LOS CABITOS;2026-02-16;5;1;1;No aplica;11
121200345;1;2022-06-26;3;2;PERÚ;3;10;7;CEDIF LOS CABITOS;2026-02-19;5;1;1;No aplica;11
121200338;2;2021-04-05;4;2;PERÚ;3;10;7;CEDIF LOS CABITOS;2026-02-09;4;1;1;No aplica;11
121200337;1;2021-07-05;4;2;PERÚ;3;10;7;CEDIF LOS CABITOS;2026-02-10;1;1;1;No aplica;11
121200340;1;2021-10-15;4;2;PERÚ;3;10;8;CEDIF LOS CABITOS;2026-02-02;2;1;1;No aplica;11
121200254;2;2021-08-28;4;2;PERÚ;3;15;7;CEDIF LOS CABITOS;2026-02-21;5;1;1;No aplica;11
121200349;1;2018-04-24;7;3;PERÚ;3;10;7;CEDIF LOS CABITOS;2026-02-05;5;1;1;No aplica;11
121200353;1;2016-08-15;9;3;VENEZUELA;3;10;7;CEDIF LOS CABITOS;2026-02-12;4;5;1;No aplica;11
121200351;1;2018-11-13;7;3;PERÚ;3;10;7;CEDIF LOS CABITOS;2026-02-02;1;1;1;No aplica;11
121200351;2;2016-09-22;9;3;CHILE;3;10;7;CEDIF LOS CABITOS;2026-02-02;1;1;1;No aplica;11
121200352;2;2010-03-14;15;4;PERÚ;3;10;7;CEDIF LOS CABITOS;2026-02-02;1;1;1;No aplica;11
120200698;2;2023-04-15;2;2;PERÚ;3;10;7;CEDIF COLLIQUE;2026-02-02;1;1;1;No aplica;11
120200698;2;2016-10-28;9;3;PERÚ;3;10;7;CEDIF COLLIQUE;2026-02-02;1;1;1;No aplica;11
120200698;1;2010-08-26;15;4;PERÚ;3;10;7;CEDIF COLLIQUE;2026-02-02;1;1;1;No aplica;11
120200699;2;2016-09-08;9;3;PERÚ;3;10;7;CEDIF COLLIQUE;2026-02-09;1;1;1;No aplica;11
120200700;2;2022-12-25;3;2;PERÚ;3;10;7;CEDIF COLLIQUE;2026-02-10;1;1;1;No aplica;11
120200700;1;2021-02-10;5;2;PERÚ;3;10;7;CEDIF COLLIQUE;2026-02-10;1;1;1;No aplica;11
120200700;1;2017-08-29;8;3;PERÚ;3;10;7;CEDIF COLLIQUE;2026-02-10;1;1;1;No aplica;11
120200642;2;2018-12-01;7;3;PERÚ;3;10;7;CEDIF COLLIQUE;2026-02-16;1;1;1;No aplica;11
120200701;2;2023-04-19;2;2;PERÚ;3;10;7;CEDIF COLLIQUE;2026-02-17;1;2;1;No aplica;11
120200702;1;2022-02-25;4;2;PERÚ;3;10;7;CEDIF COLLIQUE;2026-02-17;1;1;1;No aplica;11
756;2;2017-10-15;8;3;PERÚ;3;10;3;CEDIF HUARAZ;2026-02-05;3;1;1;No aplica;11
830;2;2014-04-21;11;3;PERÚ;3;10;3;CEDIF HUARAZ;2026-02-26;1;1;1;No aplica;11
831;1;2023-12-10;2;2;PERÚ;3;10;3;CEDIF HUARAZ;2026-02-25;1;1;1;No aplica;11
831;2;2017-12-09;8;3;PERÚ;3;10;3;CEDIF HUARAZ;2026-02-25;1;1;1;No aplica;11
831;1;2015-09-21;10;3;PERÚ;3;10;3;CEDIF HUARAZ;2026-02-25;1;1;1;No aplica;11
832;1;2018-06-29;7;3;PERÚ;3;10;3;CEDIF HUARAZ;2026-02-24;1;1;1;No aplica;11
833;2;2019-08-28;6;3;PERÚ;3;10;3;CEDIF HUARAZ;2026-02-18;1;1;1;No aplica;11
833;2;2024-07-21;1;2;PERÚ;3;10;3;CEDIF HUARAZ;2026-02-18;1;1;1;No aplica;11
834;1;2014-09-20;11;3;PERÚ;3;10;3;CEDIF HUARAZ;2026-02-12;1;1;1;No aplica;11
834;1;2016-07-07;9;3;PERÚ;3;10;3;CEDIF HUARAZ;2026-02-12;1;1;1;No aplica;11
835;2;2017-05-16;8;3;PERÚ;3;10;3;CEDIF HUARAZ;2026-02-12;1;1;1;No aplica;11
121200768;1;2013-04-08;12;4;PERÚ;3;2;2;CEDIF JULI;2026-02-02;1;1;1;No aplica;11
121200769;2;2022-11-12;3;2;PERÚ;3;2;2;CEDIF JULI;2026-02-02;1;1;1;No aplica;11
121200770;2;2016-03-01;9;3;PERÚ;3;2;2;CEDIF JULI;2026-02-02;1;1;1;No aplica;11
121200771;2;2019-12-21;6;3;PERÚ;3;2;2;CEDIF JULI;2026-02-02;1;1;1;No aplica;11
121200771;2;2019-12-21;6;3;PERÚ;3;2;2;CEDIF JULI;2026-02-02;1;1;1;No aplica;11
121200771;1;2018-06-10;7;3;PERÚ;3;2;2;CEDIF JULI;2026-02-02;1;1;1;No aplica;11
121200772;2;2021-07-16;4;2;PERÚ;3;2;2;CEDIF JULI;2026-02-02;1;2;1;No aplica;11
121200773;1;2020-12-30;5;2;PERÚ;3;2;2;CEDIF JULI;2026-02-02;1;1;1;No aplica;11
121200774;2;2019-06-27;6;3;PERÚ;3;2;2;CEDIF JULI;2026-02-02;1;1;1;No aplica;11
121200646;2;2015-09-17;10;3;PERÚ;3;2;2;CEDIF JULI;2026-02-02;1;1;1;No aplica;11
121200622;2;2010-08-30;15;4;PERÚ;3;2;2;CEDIF JULI;2026-02-02;1;1;1;No aplica;11
SB0070;1;2022-10-17;3;2;PERÚ;3;10;7;CEDIF SANTA BERNARDITA;2026-02-02;1;1;1;No aplica;11
SB0071;1;2021-09-01;4;2;PERÚ;3;10;7;CEDIF SANTA BERNARDITA;2026-02-02;1;1;1;No aplica;11
SB0071;1;2018-10-12;7;3;PERÚ;3;10;7;CEDIF SANTA BERNARDITA;2026-02-02;1;1;1;No aplica;11
SB0071;2;2015-05-27;10;3;PERÚ;3;10;7;CEDIF SANTA BERNARDITA;2026-02-02;1;1;1;No aplica;11
SB0071;2;2011-05-17;14;4;PERÚ;3;10;7;CEDIF SANTA BERNARDITA;2026-02-02;1;1;1;No aplica;11
SB0065;2;2023-12-08;2;2;PERÚ;3;10;7;CEDIF SANTA BERNARDITA;2026-02-03;4;1;1;No aplica;11
SB0072;1;2023-05-06;2;2;PERÚ;3;10;7;CEDIF SANTA BERNARDITA;2026-02-03;1;1;1;No aplica;11
SB0073;2;2023-02-10;3;2;PERÚ;3;10;7;CEDIF SANTA BERNARDITA;2026-02-04;3;2;1;No aplica;11
SB0073;2;2014-11-23;11;3;PERÚ;3;10;7;CEDIF SANTA BERNARDITA;2026-02-04;3;2;1;No aplica;11
SB0016;1;2024-01-27;2;2;PERÚ;3;10;6;CEDIF SANTA BERNARDITA;2026-02-04;4;1;1;No aplica;11
SB0074;2;2024-02-06;2;2;PERÚ;3;10;7;CEDIF SANTA BERNARDITA;2026-02-06;7;2;1;No aplica;11
SB0074;1;2009-07-12;16;4;PERÚ;3;10;7;CEDIF SANTA BERNARDITA;2026-02-06;7;2;1;No aplica;11
SB0075;2;2023-12-27;2;2;PERÚ;3;10;7;CEDIF SANTA BERNARDITA;2026-02-18;4;1;1;No aplica;11
SB0075;2;2015-03-24;10;3;PERÚ;3;10;7;CEDIF SANTA BERNARDITA;2026-02-18;4;1;1;No aplica;11
475;1;2014-10-27;11;3;PERÚ;3;10;7;CEDIF PESTALOZZI;2026-02-04;1;2;1;No aplica;11
476;2;2023-06-15;2;2;VENEZUELA;3;10;8;CEDIF PESTALOZZI;2026-02-05;3;5;1;No aplica;11
481;1;2023-03-29;2;2;PERÚ;3;10;7;CEDIF PESTALOZZI;2026-02-25;1;1;1;No aplica;11
474;2;2023-08-21;2;2;CHILE;3;10;8;CEDIF PESTALOZZI;2026-02-03;3;5;1;No aplica;11
481;2;2015-11-20;10;3;PERÚ;3;10;7;CEDIF PESTALOZZI;2026-02-25;1;1;1;No aplica;11
479;2;2023-08-17;2;2;PERÚ;3;10;7;CEDIF PESTALOZZI;2026-02-19;3;1;1;No aplica;11
480;2;2024-01-15;2;2;PERÚ;3;10;7;CEDIF PESTALOZZI;2026-02-25;1;1;1;No aplica;11
480;1;2020-07-01;5;2;PERÚ;3;10;7;CEDIF PESTALOZZI;2026-02-25;1;1;1;No aplica;11
473;1;2020-04-07;5;2;PERÚ;3;10;7;CEDIF PESTALOZZI;2026-02-03;1;1;2;6/02/2026;1
478;2;2019-09-15;6;3;PERÚ;3;10;7;CEDIF PESTALOZZI;2026-02-10;1;1;1;No aplica;11
477;1;2023-05-23;2;2;PERÚ;3;10;7;CEDIF PESTALOZZI;2026-02-10;3;1;1;No aplica;11
120100127;2;2024-08-20;1;2;Perú;3;10;6;CEDIF AÑO NUEVO;2026-02-16;1;1;1;No aplica;11
120100128;1;2024-08-09;1;2;Perú;3;10;6;CEDIF AÑO NUEVO;2026-02-16;1;1;1;No aplica;11
120100124;2;2023-07-11;2;2;Perú;3;10;6;CEDIF AÑO NUEVO;2026-02-16;1;1;1;No aplica;11
120100129;1;2023-09-07;2;2;Perú;3;10;6;CEDIF AÑO NUEVO;2026-02-16;1;1;1;No aplica;11
120100134;1;2024-01-05;2;2;Perú;3;10;6;CEDIF AÑO NUEVO;2026-02-16;1;1;1;No aplica;11
120100135;2;2023-08-23;2;2;Perú;3;10;6;CEDIF AÑO NUEVO;2026-02-16;1;1;1;No aplica;11
120100131;2;2022-11-25;3;2;Perú;3;10;6;CEDIF AÑO NUEVO;2026-02-16;1;1;1;No aplica;11
120100125;1;2022-03-02;3;2;Perú;3;10;6;CEDIF AÑO NUEVO;2026-02-16;1;1;1;No aplica;11
120100126;1;2022-01-24;4;2;Perú;3;10;6;CEDIF AÑO NUEVO;2026-02-16;1;1;1;No aplica;11
120100134;1;2022-02-04;4;2;Perú;3;10;6;CEDIF AÑO NUEVO;2026-02-16;1;1;1;No aplica;11
120100123;2;2020-08-03;5;2;Perú;3;10;6;CEDIF AÑO NUEVO;2026-02-16;1;1;1;No aplica;11
120100117;1;2019-06-07;6;3;Perú;3;10;6;CEDIF AÑO NUEVO;2026-02-16;1;1;1;No aplica;11
120100117;1;2017-08-01;8;3;Perú;3;10;6;CEDIF AÑO NUEVO;2026-02-16;1;1;1;No aplica;11
120100122;2;2019-11-15;6;3;Perú;3;10;6;CEDIF AÑO NUEVO;2026-02-16;1;1;1;No aplica;11
120100130;2;2019-06-05;6;3;Perú;3;10;6;CEDIF AÑO NUEVO;2026-02-16;1;1;1;No aplica;11
120100131;2;2018-08-02;7;3;Perú;3;10;6;CEDIF AÑO NUEVO;2026-02-16;1;1;1;No aplica;11
120100132;2;2018-01-04;8;3;Perú;3;10;6;CEDIF AÑO NUEVO;2026-02-16;1;1;1;No aplica;11
120100133;1;2020-03-19;5;2;Perú;3;10;6;CEDIF AÑO NUEVO;2026-02-16;1;1;1;No aplica;11
120100136;2;2018-01-18;8;3;Perú;3;10;6;CEDIF AÑO NUEVO;2026-02-16;1;1;1;No aplica;11
120100125;1;2016-07-22;9;3;Perú;3;10;6;CEDIF AÑO NUEVO;2026-02-16;1;1;1;No aplica;11
CDFASA00059;2;2022-05-06;3;2;PERÚ;3;10;7;CEDIF ALEJANDRO SÁNCHEZ ARTEAGA;2026-02-03;1;1;1;No aplica;11
CDFASA00062;2;2022-07-22;3;2;PERÚ;3;10;7;CEDIF ALEJANDRO SÁNCHEZ ARTEAGA;2026-02-16;1;1;1;No aplica;11
CDFASA00058;1;2021-11-17;4;2;PERÚ;3;10;7;CEDIF ALEJANDRO SÁNCHEZ ARTEAGA;2026-02-02;1;1;1;No aplica;11
CDFASA00060;2;2021-03-17;4;2;PERÚ;3;10;7;CEDIF ALEJANDRO SÁNCHEZ ARTEAGA;2026-02-03;1;1;1;No aplica;11
CDFASA00061;2;2020-05-23;5;2;PERÚ;3;10;7;CEDIF ALEJANDRO SÁNCHEZ ARTEAGA;2026-02-12;1;1;1;No aplica;11
CDFASA00060;2;2019-02-17;7;3;PERÚ;3;10;7;CEDIF ALEJANDRO SÁNCHEZ ARTEAGA;2026-02-03;1;1;1;No aplica;11
CDFASA00063;2;2019-07-17;6;3;VENEZUELA;3;10;6;CEDIF ALEJANDRO SÁNCHEZ ARTEAGA;2026-02-16;1;1;1;No aplica;11
CDFASA00061;1;2015-10-27;10;3;PERÚ;3;10;7;CEDIF ALEJANDRO SÁNCHEZ ARTEAGA;2026-02-12;1;1;1;No aplica;11
CDFASA00061;2;2014-08-05;11;3;PERÚ;3;10;7;CEDIF ALEJANDRO SÁNCHEZ ARTEAGA;2026-02-12;1;1;1;No aplica;11
CDFASA00064;2;2016-11-12;9;3;PERÚ;3;10;6;CEDIF ALEJANDRO SÁNCHEZ ARTEAGA;2026-02-24;1;1;1;No aplica;11
219;1;2012-06-18;13;4;PERÚ;3;1;1;CEDIF AYACUCHO;2026-02-04;1;1;1;No aplica;11
219;1;2014-06-22;11;3;PERÚ;3;1;1;CEDIF AYACUCHO;2026-02-04;1;1;1;No aplica;11
220;1;2018-02-17;8;3;PERÚ;3;1;1;CEDIF AYACUCHO;2026-02-11;1;1;1;No aplica;11
220;1;2020-05-30;5;2;PERÚ;3;1;1;CEDIF AYACUCHO;2026-02-11;1;1;1;No aplica;11
121300695;1;2019-10-22;6;3;PERÚ;3;10;7;CEDIF VILLA HERMOSA;2026-02-02;1;1;1;No aplica;11
121300769;2;2015-10-01;10;3;PERÚ;3;10;7;CEDIF VILLA HERMOSA;2026-02-02;2;1;1;No aplica;11
121300769;1;2017-09-03;8;3;PERÚ;3;10;7;CEDIF VILLA HERMOSA;2026-02-02;2;1;1;No aplica;11
121300770;1;2017-11-25;8;3;PERÚ;3;10;7;CEDIF VILLA HERMOSA;2026-02-02;3;1;1;No aplica;11
121300770;2;2012-05-30;13;4;PERÚ;3;10;7;CEDIF VILLA HERMOSA;2026-02-02;3;1;1;No aplica;11
121300760;2;2022-09-28;3;2;PERÚ;3;10;7;CEDIF VILLA HERMOSA;2026-02-09;1;2;1;No aplica;11
121300771;1;2013-04-15;12;4;PERÚ;3;10;7;CEDIF VILLA HERMOSA;2026-02-11;1;1;1;No aplica;11
121300771;2;2017-05-08;8;3;PERÚ;3;10;7;CEDIF VILLA HERMOSA;2026-02-11;1;1;1;No aplica;11
121300772;2;2024-01-27;2;2;PERÚ;3;10;7;CEDIF VILLA HERMOSA;2026-02-02;1;1;1;No aplica;11
121300773;2;2015-10-27;10;3;PERÚ;3;10;7;CEDIF VILLA HERMOSA;2026-02-10;1;1;1;No aplica;11
121300773;2;2023-07-17;2;2;PERÚ;3;10;7;CEDIF VILLA HERMOSA;2026-02-10;1;1;1;No aplica;11
121300773;1;2023-07-17;2;2;PERÚ;3;10;7;CEDIF VILLA HERMOSA;2026-02-25;1;1;1;No aplica;11
121300774;1;2022-09-04;3;2;PERÚ;3;10;7;CEDIF VILLA HERMOSA;2026-02-10;1;1;1;No aplica;11
121300775;2;2016-08-01;9;3;PERÚ;3;10;7;CEDIF VILLA HERMOSA;2026-02-23;1;1;1;No aplica;11
121300775;2;2016-08-01;9;3;PERÚ;3;10;7;CEDIF VILLA HERMOSA;2026-02-23;1;1;1;No aplica;11
121300776;2;2018-11-28;7;3;PERÚ;3;10;7;CEDIF VILLA HERMOSA;2026-02-25;1;1;1;No aplica;11
121300776;2;2016-10-13;9;3;PERÚ;3;10;7;CEDIF VILLA HERMOSA;2026-02-25;1;1;1;No aplica;11
121300776;2;2015-06-29;10;3;PERÚ;3;10;7;CEDIF VILLA HERMOSA;2026-02-25;1;1;1;No aplica;11
121300776;1;2013-02-18;13;4;PERÚ;3;10;7;CEDIF VILLA HERMOSA;2026-02-25;1;1;1;No aplica;11
121300775;1;2020-06-01;5;2;PERÚ;3;10;7;CEDIF VILLA HERMOSA;2026-02-25;1;1;1;No aplica;11
CDFSJT00027;1;2010-05-26;15;4;PERÚ;3;10;7;CEDIF SAN JUDAS TADEO;2026-02-07;1;1;1;No aplica;11
CDFSJT00106;2;2024-09-14;1;2;PERÚ;3;10;7;CEDIF SAN JUDAS TADEO;2026-02-04;1;1;1;No aplica;11
CDFSJT00107;1;2024-03-06;1;2;PERÚ;3;10;7;CEDIF SAN JUDAS TADEO;2026-02-03;1;1;1;No aplica;11
CDFSJT00107;1;2021-10-04;4;2;PERÚ;3;10;7;CEDIF SAN JUDAS TADEO;2026-02-03;1;2;1;No aplica;11
CDFSJT00108;1;2024-06-10;1;2;PERÚ;3;10;7;CEDIF SAN JUDAS TADEO;2026-02-02;1;1;1;No aplica;11
CDFSJT00109;2;2013-02-14;13;4;PERÚ;3;10;7;CEDIF SAN JUDAS TADEO;2026-02-05;1;1;1;No aplica;11
CDFSJT00109;1;2024-08-06;1;2;PERÚ;3;10;7;CEDIF SAN JUDAS TADEO;2026-02-05;1;1;1;No aplica;11
CDFSJT00110;1;2022-02-13;4;2;PERÚ;3;10;7;CEDIF SAN JUDAS TADEO;2026-02-05;1;1;1;No aplica;11
CDFSJT00111;2;2022-02-09;4;2;PERÚ;3;10;7;CEDIF SAN JUDAS TADEO;2026-02-04;1;1;1;No aplica;11
CDFSJT00112;1;2024-05-02;1;2;PERÚ;3;10;7;CEDIF SAN JUDAS TADEO;2026-02-06;1;1;1;No aplica;11
CDFSJT00112;2;2015-10-18;10;3;PERÚ;3;10;7;CEDIF SAN JUDAS TADEO;2026-02-06;1;1;1;No aplica;11
CDFSJT00113;1;2025-01-02;1;2;PERÚ;3;10;7;CEDIF SAN JUDAS TADEO;2026-02-06;1;2;1;No aplica;11
CDFSJT00113;2;2018-09-02;7;3;PERÚ;3;10;7;CEDIF SAN JUDAS TADEO;2026-02-06;1;2;1;No aplica;11
CDFSJT00114;2;2024-12-30;1;2;PERÚ;3;10;7;CEDIF SAN JUDAS TADEO;2026-02-09;1;1;1;No aplica;11
CDFSJT00115;2;2023-06-09;2;2;PERÚ;3;10;7;CEDIF SAN JUDAS TADEO;2026-02-17;1;1;1;No aplica;11
CDFSJT00115;2;2019-03-18;6;3;PERÚ;3;10;7;CEDIF SAN JUDAS TADEO;2026-02-17;1;1;1;No aplica;11
CDFSJT00116;1;2023-01-27;3;2;PERÚ;3;10;7;CEDIF SAN JUDAS TADEO;2026-02-19;1;1;1;No aplica;11
CDFSJT00117;1;2022-05-11;3;2;PERÚ;3;10;7;CEDIF SAN JUDAS TADEO;2026-02-22;1;1;1;No aplica;11
CDFSJT00118;2;2018-10-22;7;3;PERÚ;3;10;7;CEDIF SAN JUDAS TADEO;2026-02-17;1;1;1;No aplica;11
CDFSJT00118;2;2021-06-28;4;2;PERÚ;3;10;7;CEDIF SAN JUDAS TADEO;2026-02-17;1;1;1;No aplica;11
CDFSJT00119;1;2023-08-06;2;2;PERÚ;3;10;7;CEDIF SAN JUDAS TADEO;2026-02-02;1;1;1;No aplica;11
CDFSJT00120;2;2015-04-05;10;3;PERÚ;3;10;7;CEDIF SAN JUDAS TADEO;2026-02-23;1;1;1;No aplica;11
CDFSJT00121;2;2024-06-27;1;2;PERÚ;3;10;7;CEDIF SAN JUDAS TADEO;2026-02-26;1;1;1;No aplica;11
121000584;2;2022-01-18;4;2;PERÚ;3;10;7;CEDIF TAHUANTINSUYO;2026-02-02;1;1;2;20/02/2026;5
121000812;1;2015-09-28;10;3;PERÚ;3;10;7;CEDIF TAHUANTINSUYO;2026-02-03;1;1;1;No aplica;11
121000812;2;2022-04-22;3;2;PERÚ;3;10;7;CEDIF TAHUANTINSUYO;2026-02-03;1;1;1;No aplica;11
121000812;2;2017-04-24;8;3;PERÚ;3;10;7;CEDIF TAHUANTINSUYO;2026-02-03;1;1;1;No aplica;11
121000813;1;2016-01-15;10;3;PERÚ;3;10;7;CEDIF TAHUANTINSUYO;2026-02-02;1;1;1;No aplica;11
121000813;2;2018-05-03;7;3;PERÚ;3;10;7;CEDIF TAHUANTINSUYO;2026-02-02;1;1;1;No aplica;11
121000814;2;2023-08-31;2;2;PERÚ;3;10;7;CEDIF TAHUANTINSUYO;2026-02-02;1;1;1;No aplica;11
121000814;1;2020-04-30;5;2;PERÚ;3;10;7;CEDIF TAHUANTINSUYO;2026-02-02;1;1;1;No aplica;11
121000815;1;2022-04-01;3;2;PERÚ;3;10;7;CEDIF TAHUANTINSUYO;2026-02-03;1;2;1;No aplica;11
121000815;2;2011-04-23;14;4;PERÚ;3;10;7;CEDIF TAHUANTINSUYO;2026-02-03;1;1;1;No aplica;11
121000816;1;2023-07-08;2;2;PERÚ;3;10;7;CEDIF TAHUANTINSUYO;2026-02-06;1;1;1;No aplica;11
121000817;2;2022-04-06;3;2;PERÚ;3;10;7;CEDIF TAHUANTINSUYO;2026-02-02;1;1;1;No aplica;11
121000818;2;2013-12-06;12;4;PERÚ;3;10;7;CEDIF TAHUANTINSUYO;2026-02-06;1;1;1;No aplica;11
121000819;1;2023-12-29;2;2;PERÚ;3;10;7;CEDIF TAHUANTINSUYO;2026-02-03;1;1;1;No aplica;11
121001242;2;2012-07-10;13;4;PERÚ;3;10;7;CEDIF TAHUANTINSUYO;2026-02-02;1;1;1;No aplica;11
120300803;1;2024-06-24;1;2;PERÚ;3;10;7;CEDIF LAS DALIAS;2026-02-03;1;2;1;No aplica;11
120300866;1;2013-06-25;12;4;PERÚ;2;10;7;CEDIF LAS DALIAS;2026-02-04;1;1;1;No aplica;11
120300866;2;2017-06-11;8;3;PERÚ;3;10;7;CEDIF LAS DALIAS;2026-02-04;1;1;1;No aplica;11
120300867;1;2021-12-24;4;2;PERÚ;3;10;7;CEDIF LAS DALIAS;2026-02-04;1;2;1;No aplica;11
120300868;2;2023-11-13;2;2;PERÚ;3;10;7;CEDIF LAS DALIAS;2026-02-11;1;1;1;No aplica;11
120300869;1;2021-11-23;4;2;PERÚ;3;10;7;CEDIF LAS DALIAS;2026-02-12;3;1;1;No aplica;11
CD616;1;2020-03-29;5;2;Perú;3;10;7;CEDIF YURIMAGUAS;2026-02-03;1;1;1;No aplica;11
CD617;2;2019-09-02;6;3;Perú;3;10;7;CEDIF YURIMAGUAS;2026-02-09;1;1;1;No aplica;11
CD618;2;2019-01-04;7;3;Perú;3;10;7;CEDIF YURIMAGUAS;2026-02-17;1;1;1;No aplica;11
CD618;2;2020-11-11;5;2;Perú;3;10;7;CEDIF YURIMAGUAS;2026-02-17;1;1;1;No aplica;11
CD618;1;2012-11-10;13;4;Perú;3;10;7;CEDIF YURIMAGUAS;2026-02-17;1;1;1;No aplica;11
CD258;1;2022-05-04;3;2;Perú;3;10;7;CEDIF YURIMAGUAS;2026-02-18;1;1;1;No aplica;11
CD619;2;2020-09-27;5;2;Perú;3;10;7;CEDIF YURIMAGUAS;2026-02-18;1;1;1;No aplica;11
CD619;2;2016-02-21;10;3;Perú;3;10;7;CEDIF YURIMAGUAS;2026-02-18;1;1;1;No aplica;11
CD620;2;2020-01-03;6;3;Perú;3;10;7;CEDIF YURIMAGUAS;2026-02-19;1;1;1;No aplica;11
CD621;2;2015-03-27;10;3;Perú;3;10;7;CEDIF YURIMAGUAS;2026-02-19;1;1;1;No aplica;11
CD621;1;2016-10-12;9;3;Perú;3;10;7;CEDIF YURIMAGUAS;2026-02-19;1;1;1;No aplica;11
CD621;1;2021-04-10;4;2;Perú;3;10;7;CEDIF YURIMAGUAS;2026-02-19;1;1;1;No aplica;11
CD622;1;2020-11-15;5;2;Perú;3;10;7;CEDIF YURIMAGUAS;2026-02-25;2;1;1;No aplica;11
IQUITOS003;1;2009-01-12;17;4;PERÚ;3;10;7;CEDIF YURIMAGUAS;2026-02-02;2;1;1;No aplica;11
IQUITOS010;2;2013-09-29;12;4;PERÚ;3;10;7;CEDIF YURIMAGUAS;2026-02-02;2;1;1;No aplica;11
IQUITOS012;2;2013-01-29;13;4;PERÚ;3;10;7;CEDIF YURIMAGUAS;2026-02-02;2;1;1;No aplica;11
IQUITOS018;2;2018-05-27;7;3;PERÚ;3;10;7;CEDIF YURIMAGUAS;2026-02-02;2;1;1;No aplica;11
IQUITOS020;2;2015-06-28;10;3;PERÚ;3;10;7;CEDIF YURIMAGUAS;2026-02-02;2;1;1;No aplica;11
120400048;2;2022-05-17;3;2;PERÚ;3;10;7;CEDIF ROSA DE LIMA;2026-02-10;1;2;1;No aplica;11
120400049;1;2020-08-21;5;2;PERÚ;3;10;7;CEDIF ROSA DE LIMA;2026-02-03;1;1;1;No aplica;11
120400049;1;2020-08-21;5;2;PERÚ;3;10;7;CEDIF ROSA DE LIMA;2026-02-03;1;1;1;No aplica;11
120400050;1;2022-05-26;3;2;PERÚ;3;10;7;CEDIF ROSA DE LIMA;2026-02-04;1;1;1;No aplica;11
120400051;1;2020-10-15;5;2;PERÚ;3;10;7;CEDIF ROSA DE LIMA;2026-02-03;1;1;1;No aplica;11
ROSALI0077;1;2024-05-20;1;2;PERÚ;3;10;7;CEDIF ROSA DE LIMA;2026-02-03;1;1;1;No aplica;11
ROSALI0147;2;2024-05-10;1;2;PERÚ;3;10;7;CEDIF ROSA DE LIMA;2026-02-05;1;1;1;No aplica;11
ROSALI0066;2;2015-08-11;10;3;PERÚ;3;10;7;CEDIF ROSA DE LIMA;2026-02-11;1;1;1;No aplica;11
ROSALI0010;1;2024-02-12;2;2;PERÚ;3;10;7;CEDIF ROSA DE LIMA;2026-02-02;1;1;1;No aplica;11
ROSALI0136;2;2022-01-24;4;2;PERÚ;3;10;7;CEDIF ROSA DE LIMA;2026-02-02;1;1;1;No aplica;11
ROSALI0136;1;2016-04-02;9;3;PERÚ;3;10;7;CEDIF ROSA DE LIMA;2026-02-02;1;1;1;No aplica;11
ROSALI0087;2;2023-04-11;2;2;PERÚ;3;10;7;CEDIF ROSA DE LIMA;2026-02-05;1;5;1;No aplica;11
ROSALI0085;2;2022-09-05;3;2;PERÚ;3;10;7;CEDIF ROSA DE LIMA;2026-02-05;1;1;1;No aplica;11
ROSALI0061;2;2024-06-02;1;2;PERÚ;3;10;7;CEDIF ROSA DE LIMA;2026-02-05;1;1;1;No aplica;11
ROSALI0044;2;2023-02-19;3;2;PERÚ;3;10;7;CEDIF ROSA DE LIMA;2026-02-05;1;1;1;No aplica;11
ROSALI0089;1;2022-09-23;3;2;PERÚ;3;10;7;CEDIF ROSA DE LIMA;2026-02-02;1;1;1;No aplica;11
ROSALI0029;2;2023-07-08;2;2;PERÚ;3;10;7;CEDIF ROSA DE LIMA;2026-02-04;1;1;1;No aplica;11
ROSALI0069;2;2023-03-24;2;2;PERÚ;3;10;7;CEDIF ROSA DE LIMA;2026-02-06;1;1;1;No aplica;11
ROSALI0058;2;2012-10-25;13;4;PERÚ;3;10;7;CEDIF ROSA DE LIMA;2026-02-06;1;1;1;No aplica;11
ROSALI0062;1;2018-05-10;7;3;PERÚ;3;10;7;CEDIF ROSA DE LIMA;2026-02-09;1;1;1;No aplica;11
ROSALI0062;2;2024-01-10;2;2;PERÚ;3;10;7;CEDIF ROSA DE LIMA;2026-02-09;1;1;1;No aplica;11
ROSALI0056;1;2023-05-13;2;2;PERÚ;3;10;7;CEDIF ROSA DE LIMA;2026-02-09;1;1;1;No aplica;11
ROSALI0081;1;2023-01-22;3;2;PERÚ;3;10;7;CEDIF ROSA DE LIMA;2026-02-09;1;1;1;No aplica;11
ROSALI0031;1;2019-05-01;6;3;VENEZUELA;3;10;7;CEDIF ROSA DE LIMA;2026-02-02;1;5;1;No aplica;11
ROSALI0031;1;2016-08-18;9;3;VENEZUELA;3;10;7;CEDIF ROSA DE LIMA;2026-02-02;1;5;1;No aplica;11
ROSALI0026;1;2013-09-29;12;4;PERÚ;3;10;7;CEDIF ROSA DE LIMA;2026-02-03;1;1;1;No aplica;11
ROSALI0121;1;2015-07-02;10;3;PERÚ;3;10;7;CEDIF ROSA DE LIMA;2026-02-06;1;1;1;No aplica;11
ROSALI0024;2;2024-02-15;2;2;PERÚ;3;10;7;CEDIF ROSA DE LIMA;2026-02-11;1;1;1;No aplica;11
ROSALI0037;2;2024-01-25;2;2;PERÚ;3;10;7;CEDIF ROSA DE LIMA;2026-02-13;1;1;1;No aplica;11
ROSALI0122;1;2022-10-20;3;2;PERÚ;3;10;7;CEDIF ROSA DE LIMA;2026-02-13;1;1;1;No aplica;11
ROSALI0140;1;2020-12-24;5;2;PERÚ;3;10;7;CEDIF ROSA DE LIMA;2026-02-16;1;1;1;No aplica;11
ROSALI0153;2;2024-06-18;1;2;PERÚ;3;10;7;CEDIF ROSA DE LIMA;2026-02-18;1;1;1;No aplica;11
ROSALI0067;2;2023-02-09;3;2;PERÚ;3;10;7;CEDIF ROSA DE LIMA;2026-02-18;1;1;1;No aplica;11
ROSALI0158;1;2022-08-27;3;2;PERÚ;3;10;7;CEDIF ROSA DE LIMA;2026-02-03;1;1;1;No aplica;11
ROSALI0158;2;2023-06-19;2;2;PERÚ;3;10;7;CEDIF ROSA DE LIMA;2026-02-03;1;1;1;No aplica;11
ROSALI0132;1;2023-03-05;2;2;PERÚ;3;10;7;CEDIF ROSA DE LIMA;2026-02-02;1;1;1;No aplica;11
ROSALI0167;2;2022-03-26;3;2;PERÚ;3;10;7;CEDIF ROSA DE LIMA;2026-02-02;1;1;1;No aplica;11
TURQ 307;1;2018-04-14;7;3;Perú;3;10;7;CEDIF TURQUEZAS;2026-02-12;1;1;1;No aplica;11
TURQ 308;1;2016-12-20;9;3;Perú;3;10;7;CEDIF TURQUEZAS;2026-02-17;1;1;1;No aplica;11
TURQ 308;2;2019-01-12;7;3;Perú;3;10;7;CEDIF TURQUEZAS;2026-02-17;1;1;1;No aplica;11
TURQ 309;1;2017-05-17;8;3;Perú;3;10;7;CEDIF TURQUEZAS;2026-02-13;1;1;1;No aplica;11
TURQ 309;2;2014-11-02;11;3;Perú;3;10;7;CEDIF TURQUEZAS;2026-02-13;1;1;1;No aplica;11
JB 106;2;2017-08-25;8;3;Perú;3;10;7;CEDIF TURQUEZAS;2026-02-12;1;1;1;No aplica;11
JB 106;2;2015-08-29;10;3;Perú;3;10;7;CEDIF TURQUEZAS;2026-02-12;1;1;1;No aplica;11
JB 107;1;2019-10-18;6;3;Perú;3;10;7;CEDIF TURQUEZAS;2026-02-12;1;1;1;No aplica;11
JB 106;2;2021-07-03;4;2;Perú;3;10;7;CEDIF TURQUEZAS;2026-02-12;1;1;1;No aplica;11
JB 107;2;2024-04-22;1;2;Perú;3;10;7;CEDIF TURQUEZAS;2026-02-12;1;1;1;No aplica;11
JB 108;2;2024-03-10;1;2;Perú;3;10;7;CEDIF TURQUEZAS;2026-02-12;1;1;1;No aplica;11
JB 109;2;2023-09-01;2;2;Perú;3;10;7;CEDIF TURQUEZAS;2026-02-12;1;1;1;No aplica;11
JB 110;1;2023-08-19;2;2;Perú;3;10;7;CEDIF TURQUEZAS;2026-02-12;1;1;1;No aplica;11
JB 111;1;2024-02-18;2;2;Perú;3;10;7;CEDIF TURQUEZAS;2026-02-12;1;1;1;No aplica;11
JB 112;2;2023-08-30;2;2;Perú;3;10;7;CEDIF TURQUEZAS;2026-02-12;1;1;1;No aplica;11
MC 110;1;2012-05-30;13;4;PERÚ;3;10;7;CEDIF TURQUEZAS;2026-02-12;2;1;1;No aplica;11
MC 111;1;2021-12-15;4;2;PERÚ;3;10;7;CEDIF TURQUEZAS;2026-02-12;2;1;1;No aplica;11
MC 112;2;2020-11-14;5;2;PERÚ;3;10;7;CEDIF TURQUEZAS;2026-02-12;2;1;1;No aplica;11
MC 112;1;2017-11-11;8;3;PERÚ;3;10;7;CEDIF TURQUEZAS;2026-02-12;2;1;1;No aplica;11
MC 112;1;2014-07-18;11;3;PERÚ;3;10;7;CEDIF TURQUEZAS;2026-02-12;2;1;1;No aplica;11
S-N 103;1;2022-11-28;3;2;Perú;3;10;7;CEDIF TURQUEZAS;2026-02-16;2;1;1;No aplica;11
S-N 104;1;2020-04-27;5;2;Perú;3;10;7;CEDIF TURQUEZAS;2026-02-16;2;1;1;No aplica;11
121200197;2;2010-06-05;15;4;PERÚ;3;10;1;CEDIF TAMBOPATA;2026-02-02;1;1;1;No aplica;11
121200200;1;2019-12-29;6;3;PERÚ;3;10;3;CEDIF TAMBOPATA;2026-02-02;1;1;1;No aplica;11
121200203;1;2021-07-21;4;2;PERÚ;3;10;3;CEDIF TAMBOPATA;2026-02-02;3;1;1;No aplica;11
121200208;2;2018-03-15;7;3;PERÚ;3;10;3;CEDIF TAMBOPATA;2026-02-02;3;1;1;No aplica;11
121200209;1;2014-08-15;11;3;PERÚ;3;10;1;CEDIF TAMBOPATA;2026-02-02;3;1;1;No aplica;11
;;;;;;;;;;;;;;;
;;;;;;;;;;;;;;;
;;;;;;;;;;;;;;;
;;;;;;;;;;;;;;;
;;;;;;;;;;;;;;;
;;;;;;;;;;;;;;;
;;;;;;;;;;;;;;;
;;;;;;;;;;;;;;;
;;;;;;;;;;;;;;;
;;;;;;;;;;;;;;;
;;;;;;;;;;;;;;;
;;;;;;;;;;;;;;;
;;;;;;;;;;;;;;;
;;;;;;;;;;;;;;;
;;;;;;;;;;;;;;;
;;;;;;;;;;;;;;;
;;;;;;;;;;;;;;;
;;;;;;;;;;;;;;;
;;;;;;;;;;;;;;;
;;;;;;;;;;;;;;;
;;;;;;;;;;;;;;;
;;;;;;;;;;;;;;;
;;;;;;;;;;;;;;;
;;;;;;;;;;;;;;;
;;;;;;;;;;;;;;;
;;;;;;;;;;;;;;;
;;;;;;;;;;;;;;;
;;;;;;;;;;;;;;;
;;;;;;;;;;;;;;;
;;;;;;;;;;;;;;;
;;;;;;;;;;;;;;;
;;;;;;;;;;;;;;;
;;;;;;;;;;;;;;;
;;;;;;;;;;;;;;;
;;;;;;;;;;;;;;;
;;;;;;;;;;;;;;;
;;;;;;;;;;;;;;;
;;;;;;;;;;;;;;;
;;;;;;;;;;;;;;;
;;;;;;;;;;;;;;;
;;;;;;;;;;;;;;;
;;;;;;;;;;;;;;;
;;;;;;;;;;;;;;;
;;;;;;;;;;;;;;;
;;;;;;;;;;;;;;;
;;;;;;;;;;;;;;;
;;;;;;;;;;;;;;;
;;;;;;;;;;;;;;;
;;;;;;;;;;;;;;;
;;;;;;;;;;;;;;;
;;;;;;;;;;;;;;;
;;;;;;;;;;;;;;;
;;;;;;;;;;;;;;;
;;;;;;;;;;;;;;;
;;;;;;;;;;;;;;;
;;;;;;;;;;;;;;;
;;;;;;;;;;;;;;;
;;;;;;;;;;;;;;;
;;;;;;;;;;;;;;;
;;;;;;;;;;;;;;;
;;;;;;;;;;;;;;;
;;;;;;;;;;;;;;;
;;;;;;;;;;;;;;;
;;;;;;;;;;;;;;;
;;;;;;;;;;;;;;;
;;;;;;;;;;;;;;;
;;;;;;;;;;;;;;;
;;;;;;;;;;;;;;;
;;;;;;;;;;;;;;;
;;;;;;;;;;;;;;;
;;;;;;;;;;;;;;;
;;;;;;;;;;;;;;;
;;;;;;;;;;;;;;;
;;;;;;;;;;;;;;;
;;;;;;;;;;;;;;;
;;;;;;;;;;;;;;;
;;;;;;;;;;;;;;;
;;;;;;;;;;;;;;;
;;;;;;;;;;;;;;;
;;;;;;;;;;;;;;;
;;;;;;;;;;;;;;;
;;;;;;;;;;;;;;;
;;;;;;;;;;;;;;;
;;;;;;;;;;;;;;;
;;;;;;;;;;;;;;;
;;;;;;;;;;;;;;;
;;;;;;;;;;;;;;;
;;;;;;;;;;;;;;;
;;;;;;;;;;;;;;;
;;;;;;;;;;;;;;;
;;;;;;;;;;;;;;;
;;;;;;;;;;;;;;;
;;;;;;;;;;;;;;;
;;;;;;;;;;;;;;;
;;;;;;;;;;;;;;;
;;;;;;;;;;;;;;;
;;;;;;;;;;;;;;;
;;;;;;;;;;;;;;;
;;;;;;;;;;;;;;;
;;;;;;;;;;;;;;;
;;;;;;;;;;;;;;;
;;;;;;;;;;;;;;;
;;;;;;;;;;;;;;;
;;;;;;;;;;;;;;;
;;;;;;;;;;;;;;;
;;;;;;;;;;;;;;;
;;;;;;;;;;;;;;;
;;;;;;;;;;;;;;;
;;;;;;;;;;;;;;;
;;;;;;;;;;;;;;;
;;;;;;;;;;;;;;;
;;;;;;;;;;;;;;;
;;;;;;;;;;;;;;;
;;;;;;;;;;;;;;;
;;;;;;;;;;;;;;;
;;;;;;;;;;;;;;;
;;;;;;;;;;;;;;;
;;;;;;;;;;;;;;;
;;;;;;;;;;;;;;;
;;;;;;;;;;;;;;;
;;;;;;;;;;;;;;;
;;;;;;;;;;;;;;;
;;;;;;;;;;;;;;;
;;;;;;;;;;;;;;;
;;;;;;;;;;;;;;;
;;;;;;;;;;;;;;;
;;;;;;;;;;;;;;;
;;;;;;;;;;;;;;;
;;;;;;;;;;;;;;;
;;;;;;;;;;;;;;;
;;;;;;;;;;;;;;;
;;;;;;;;;;;;;;;
;;;;;;;;;;;;;;;
;;;;;;;;;;;;;;;
;;;;;;;;;;;;;;;
;;;;;;;;;;;;;;;
;;;;;;;;;;;;;;;
;;;;;;;;;;;;;;;
;;;;;;;;;;;;;;;
;;;;;;;;;;;;;;;
;;;;;;;;;;;;;;;
;;;;;;;;;;;;;;;
;;;;;;;;;;;;;;;
;;;;;;;;;;;;;;;
;;;;;;;;;;;;;;;
;;;;;;;;;;;;;;;
;;;;;;;;;;;;;;;
;;;;;;;;;;;;;;;
;;;;;;;;;;;;;;;
;;;;;;;;;;;;;;;
;;;;;;;;;;;;;;;
;;;;;;;;;;;;;;;
;;;;;;;;;;;;;;;
;;;;;;;;;;;;;;;
;;;;;;;;;;;;;;;
;;;;;;;;;;;;;;;
;;;;;;;;;;;;;;;
;;;;;;;;;;;;;;;
;;;;;;;;;;;;;;;
;;;;;;;;;;;;;;;
;;;;;;;;;;;;;;;
;;;;;;;;;;;;;;;
;;;;;;;;;;;;;;;
;;;;;;;;;;;;;;;
;;;;;;;;;;;;;;;
;;;;;;;;;;;;;;;
;;;;;;;;;;;;;;;
;;;;;;;;;;;;;;;
;;;;;;;;;;;;;;;
;;;;;;;;;;;;;;;
;;;;;;;;;;;;;;;
;;;;;;;;;;;;;;;
;;;;;;;;;;;;;;;
;;;;;;;;;;;;;;;
;;;;;;;;;;;;;;;
;;;;;;;;;;;;;;;
;;;;;;;;;;;;;;;
;;;;;;;;;;;;;;;
;;;;;;;;;;;;;;;
;;;;;;;;;;;;;;;
;;;;;;;;;;;;;;;
;;;;;;;;;;;;;;;
;;;;;;;;;;;;;;;
;;;;;;;;;;;;;;;
;;;;;;;;;;;;;;;
;;;;;;;;;;;;;;;
;;;;;;;;;;;;;;;
;;;;;;;;;;;;;;;
;;;;;;;;;;;;;;;
;;;;;;;;;;;;;;;
;;;;;;;;;;;;;;;
;;;;;;;;;;;;;;;
;;;;;;;;;;;;;;;
;;;;;;;;;;;;;;;
;;;;;;;;;;;;;;;
;;;;;;;;;;;;;;;
;;;;;;;;;;;;;;;
;;;;;;;;;;;;;;;
;;;;;;;;;;;;;;;
;;;;;;;;;;;;;;;
;;;;;;;;;;;;;;;
;;;;;;;;;;;;;;;
;;;;;;;;;;;;;;;
;;;;;;;;;;;;;;;
;;;;;;;;;;;;;;;
;;;;;;;;;;;;;;;
;;;;;;;;;;;;;;;
;;;;;;;;;;;;;;;
;;;;;;;;;;;;;;;
;;;;;;;;;;;;;;;
;;;;;;;;;;;;;;;
;;;;;;;;;;;;;;;
;;;;;;;;;;;;;;;
;;;;;;;;;;;;;;;
;;;;;;;;;;;;;;;
;;;;;;;;;;;;;;;
;;;;;;;;;;;;;;;
;;;;;;;;;;;;;;;
;;;;;;;;;;;;;;;
;;;;;;;;;;;;;;;
;;;;;;;;;;;;;;;
;;;;;;;;;;;;;;;
;;;;;;;;;;;;;;;
;;;;;;;;;;;;;;;
;;;;;;;;;;;;;;;
;;;;;;;;;;;;;;;
;;;;;;;;;;;;;;;
;;;;;;;;;;;;;;;
;;;;;;;;;;;;;;;
;;;;;;;;;;;;;;;
;;;;;;;;;;;;;;;
;;;;;;;;;;;;;;;
;;;;;;;;;;;;;;;
;;;;;;;;;;;;;;;
;;;;;;;;;;;;;;;
;;;;;;;;;;;;;;;
;;;;;;;;;;;;;;;
;;;;;;;;;;;;;;;
;;;;;;;;;;;;;;;
;;;;;;;;;;;;;;;
;;;;;;;;;;;;;;;
;;;;;;;;;;;;;;;
;;;;;;;;;;;;;;;
;;;;;;;;;;;;;;;
;;;;;;;;;;;;;;;
;;;;;;;;;;;;;;;
;;;;;;;;;;;;;;;
;;;;;;;;;;;;;;;
;;;;;;;;;;;;;;;
;;;;;;;;;;;;;;;
;;;;;;;;;;;;;;;
;;;;;;;;;;;;;;;
;;;;;;;;;;;;;;;
;;;;;;;;;;;;;;;
;;;;;;;;;;;;;;;
;;;;;;;;;;;;;;;
;;;;;;;;;;;;;;;
;;;;;;;;;;;;;;;
;;;;;;;;;;;;;;;
;;;;;;;;;;;;;;;
;;;;;;;;;;;;;;;
;;;;;;;;;;;;;;;
;;;;;;;;;;;;;;;
;;;;;;;;;;;;;;;
;;;;;;;;;;;;;;;
;;;;;;;;;;;;;;;
;;;;;;;;;;;;;;;
;;;;;;;;;;;;;;;
;;;;;;;;;;;;;;;
;;;;;;;;;;;;;;;
;;;;;;;;;;;;;;;
;;;;;;;;;;;;;;;
;;;;;;;;;;;;;;;
;;;;;;;;;;;;;;;
;;;;;;;;;;;;;;;
;;;;;;;;;;;;;;;
;;;;;;;;;;;;;;;
;;;;;;;;;;;;;;;
;;;;;;;;;;;;;;;
;;;;;;;;;;;;;;;
;;;;;;;;;;;;;;;
;;;;;;;;;;;;;;;
;;;;;;;;;;;;;;;
;;;;;;;;;;;;;;;
;;;;;;;;;;;;;;;
;;;;;;;;;;;;;;;
;;;;;;;;;;;;;;;
;;;;;;;;;;;;;;;
;;;;;;;;;;;;;;;
;;;;;;;;;;;;;;;
;;;;;;;;;;;;;;;
;;;;;;;;;;;;;;;
;;;;;;;;;;;;;;;
;;;;;;;;;;;;;;;
;;;;;;;;;;;;;;;
;;;;;;;;;;;;;;;
;;;;;;;;;;;;;;;
;;;;;;;;;;;;;;;
;;;;;;;;;;;;;;;
;;;;;;;;;;;;;;;
;;;;;;;;;;;;;;;
;;;;;;;;;;;;;;;
;;;;;;;;;;;;;;;
;;;;;;;;;;;;;;;
;;;;;;;;;;;;;;;
;;;;;;;;;;;;;;;
;;;;;;;;;;;;;;;
;;;;;;;;;;;;;;;
;;;;;;;;;;;;;;;
;;;;;;;;;;;;;;;
;;;;;;;;;;;;;;;
;;;;;;;;;;;;;;;
;;;;;;;;;;;;;;;
;;;;;;;;;;;;;;;
;;;;;;;;;;;;;;;
;;;;;;;;;;;;;;;
;;;;;;;;;;;;;;;
;;;;;;;;;;;;;;;
;;;;;;;;;;;;;;;
;;;;;;;;;;;;;;;
;;;;;;;;;;;;;;;
;;;;;;;;;;;;;;;
;;;;;;;;;;;;;;;
;;;;;;;;;;;;;;;
;;;;;;;;;;;;;;;
;;;;;;;;;;;;;;;
;;;;;;;;;;;;;;;
;;;;;;;;;;;;;;;
;;;;;;;;;;;;;;;
;;;;;;;;;;;;;;;
;;;;;;;;;;;;;;;
;;;;;;;;;;;;;;;
;;;;;;;;;;;;;;;
;;;;;;;;;;;;;;;
;;;;;;;;;;;;;;;
;;;;;;;;;;;;;;;
;;;;;;;;;;;;;;;
;;;;;;;;;;;;;;;
;;;;;;;;;;;;;;;
;;;;;;;;;;;;;;;
;;;;;;;;;;;;;;;
;;;;;;;;;;;;;;;
;;;;;;;;;;;;;;;
;;;;;;;;;;;;;;;
;;;;;;;;;;;;;;;
;;;;;;;;;;;;;;;
;;;;;;;;;;;;;;;
;;;;;;;;;;;;;;;
;;;;;;;;;;;;;;;
;;;;;;;;;;;;;;;
;;;;;;;;;;;;;;;
;;;;;;;;;;;;;;;
;;;;;;;;;;;;;;;
;;;;;;;;;;;;;;;
;;;;;;;;;;;;;;;
;;;;;;;;;;;;;;;
;;;;;;;;;;;;;;;
;;;;;;;;;;;;;;;
;;;;;;;;;;;;;;;
;;;;;;;;;;;;;;;
;;;;;;;;;;;;;;;
;;;;;;;;;;;;;;;
;;;;;;;;;;;;;;;
;;;;;;;;;;;;;;;
;;;;;;;;;;;;;;;
;;;;;;;;;;;;;;;
;;;;;;;;;;;;;;;
;;;;;;;;;;;;;;;
;;;;;;;;;;;;;;;
;;;;;;;;;;;;;;;
;;;;;;;;;;;;;;;
;;;;;;;;;;;;;;;
;;;;;;;;;;;;;;;
;;;;;;;;;;;;;;;
;;;;;;;;;;;;;;;
;;;;;;;;;;;;;;;
;;;;;;;;;;;;;;;
;;;;;;;;;;;;;;;
;;;;;;;;;;;;;;;
;;;;;;;;;;;;;;;
;;;;;;;;;;;;;;;
;;;;;;;;;;;;;;;
;;;;;;;;;;;;;;;
;;;;;;;;;;;;;;;
;;;;;;;;;;;;;;;
;;;;;;;;;;;;;;;
;;;;;;;;;;;;;;;
;;;;;;;;;;;;;;;
;;;;;;;;;;;;;;;
;;;;;;;;;;;;;;;
;;;;;;;;;;;;;;;
;;;;;;;;;;;;;;;
;;;;;;;;;;;;;;;
;;;;;;;;;;;;;;;
;;;;;;;;;;;;;;;
;;;;;;;;;;;;;;;
;;;;;;;;;;;;;;;
;;;;;;;;;;;;;;;
;;;;;;;;;;;;;;;
;;;;;;;;;;;;;;;
;;;;;;;;;;;;;;;
;;;;;;;;;;;;;;;
;;;;;;;;;;;;;;;
;;;;;;;;;;;;;;;
;;;;;;;;;;;;;;;
;;;;;;;;;;;;;;;
;;;;;;;;;;;;;;;
;;;;;;;;;;;;;;;
;;;;;;;;;;;;;;;
;;;;;;;;;;;;;;;
;;;;;;;;;;;;;;;
;;;;;;;;;;;;;;;
;;;;;;;;;;;;;;;
;;;;;;;;;;;;;;;
;;;;;;;;;;;;;;;
;;;;;;;;;;;;;;;
;;;;;;;;;;;;;;;
;;;;;;;;;;;;;;;
;;;;;;;;;;;;;;;
;;;;;;;;;;;;;;;
;;;;;;;;;;;;;;;
;;;;;;;;;;;;;;;
;;;;;;;;;;;;;;;
;;;;;;;;;;;;;;;
;;;;;;;;;;;;;;;
;;;;;;;;;;;;;;;
;;;;;;;;;;;;;;;
;;;;;;;;;;;;;;;
;;;;;;;;;;;;;;;
;;;;;;;;;;;;;;;
;;;;;;;;;;;;;;;
;;;;;;;;;;;;;;;
;;;;;;;;;;;;;;;
;;;;;;;;;;;;;;;
;;;;;;;;;;;;;;;
;;;;;;;;;;;;;;;
;;;;;;;;;;;;;;;
;;;;;;;;;;;;;;;
;;;;;;;;;;;;;;;
;;;;;;;;;;;;;;;
;;;;;;;;;;;;;;;
;;;;;;;;;;;;;;;
;;;;;;;;;;;;;;;
;;;;;;;;;;;;;;;
;;;;;;;;;;;;;;;
;;;;;;;;;;;;;;;
;;;;;;;;;;;;;;;
;;;;;;;;;;;;;;;
;;;;;;;;;;;;;;;
;;;;;;;;;;;;;;;
;;;;;;;;;;;;;;;
;;;;;;;;;;;;;;;
;;;;;;;;;;;;;;;
;;;;;;;;;;;;;;;
;;;;;;;;;;;;;;;
;;;;;;;;;;;;;;;
;;;;;;;;;;;;;;;
;;;;;;;;;;;;;;;
;;;;;;;;;;;;;;;
;;;;;;;;;;;;;;;
;;;;;;;;;;;;;;;
;;;;;;;;;;;;;;;
;;;;;;;;;;;;;;;
;;;;;;;;;;;;;;;
;;;;;;;;;;;;;;;
;;;;;;;;;;;;;;;
;;;;;;;;;;;;;;;
;;;;;;;;;;;;;;;
;;;;;;;;;;;;;;;
;;;;;;;;;;;;;;;
;;;;;;;;;;;;;;;
;;;;;;;;;;;;;;;
;;;;;;;;;;;;;;;
;;;;;;;;;;;;;;;
;;;;;;;;;;;;;;;
;;;;;;;;;;;;;;;
;;;;;;;;;;;;;;;
;;;;;;;;;;;;;;;
;;;;;;;;;;;;;;;
;;;;;;;;;;;;;;;
;;;;;;;;;;;;;;;
;;;;;;;;;;;;;;;
;;;;;;;;;;;;;;;
;;;;;;;;;;;;;;;
;;;;;;;;;;;;;;;
;;;;;;;;;;;;;;;
;;;;;;;;;;;;;;;
;;;;;;;;;;;;;;;
;;;;;;;;;;;;;;;
;;;;;;;;;;;;;;;
;;;;;;;;;;;;;;;
;;;;;;;;;;;;;;;
;;;;;;;;;;;;;;;
;;;;;;;;;;;;;;;
;;;;;;;;;;;;;;;
;;;;;;;;;;;;;;;
;;;;;;;;;;;;;;;
;;;;;;;;;;;;;;;
;;;;;;;;;;;;;;;
;;;;;;;;;;;;;;;
;;;;;;;;;;;;;;;
;;;;;;;;;;;;;;;
;;;;;;;;;;;;;;;
;;;;;;;;;;;;;;;
;;;;;;;;;;;;;;;
;;;;;;;;;;;;;;;
;;;;;;;;;;;;;;;
;;;;;;;;;;;;;;;
;;;;;;;;;;;;;;;
;;;;;;;;;;;;;;;
;;;;;;;;;;;;;;;
;;;;;;;;;;;;;;;
;;;;;;;;;;;;;;;
;;;;;;;;;;;;;;;
;;;;;;;;;;;;;;;
;;;;;;;;;;;;;;;
;;;;;;;;;;;;;;;
;;;;;;;;;;;;;;;
;;;;;;;;;;;;;;;
;;;;;;;;;;;;;;;
;;;;;;;;;;;;;;;
;;;;;;;;;;;;;;;
;;;;;;;;;;;;;;;
;;;;;;;;;;;;;;;
;;;;;;;;;;;;;;;
;;;;;;;;;;;;;;;
;;;;;;;;;;;;;;;
;;;;;;;;;;;;;;;
;;;;;;;;;;;;;;;
;;;;;;;;;;;;;;;
;;;;;;;;;;;;;;;
;;;;;;;;;;;;;;;
;;;;;;;;;;;;;;;
;;;;;;;;;;;;;;;
;;;;;;;;;;;;;;;
;;;;;;;;;;;;;;;
;;;;;;;;;;;;;;;
;;;;;;;;;;;;;;;
;;;;;;;;;;;;;;;
;;;;;;;;;;;;;;;
;;;;;;;;;;;;;;;
;;;;;;;;;;;;;;;
;;;;;;;;;;;;;;;
;;;;;;;;;;;;;;;
;;;;;;;;;;;;;;;
;;;;;;;;;;;;;;;
;;;;;;;;;;;;;;;
;;;;;;;;;;;;;;;
;;;;;;;;;;;;;;;
;;;;;;;;;;;;;;;
;;;;;;;;;;;;;;;
;;;;;;;;;;;;;;;
;;;;;;;;;;;;;;;
;;;;;;;;;;;;;;;
;;;;;;;;;;;;;;;
;;;;;;;;;;;;;;;
;;;;;;;;;;;;;;;
;;;;;;;;;;;;;;;
;;;;;;;;;;;;;;;
;;;;;;;;;;;;;;;
;;;;;;;;;;;;;;;
;;;;;;;;;;;;;;;
;;;;;;;;;;;;;;;
;;;;;;;;;;;;;;;
;;;;;;;;;;;;;;;
;;;;;;;;;;;;;;;
;;;;;;;;;;;;;;;
;;;;;;;;;;;;;;;
;;;;;;;;;;;;;;;
;;;;;;;;;;;;;;;
;;;;;;;;;;;;;;;
;;;;;;;;;;;;;;;
;;;;;;;;;;;;;;;
;;;;;;;;;;;;;;;
;;;;;;;;;;;;;;;
;;;;;;;;;;;;;;;
;;;;;;;;;;;;;;;
;;;;;;;;;;;;;;;
;;;;;;;;;;;;;;;
;;;;;;;;;;;;;;;
;;;;;;;;;;;;;;;
;;;;;;;;;;;;;;;
;;;;;;;;;;;;;;;
;;;;;;;;;;;;;;;
;;;;;;;;;;;;;;;
;;;;;;;;;;;;;;;
;;;;;;;;;;;;;;;
;;;;;;;;;;;;;;;
;;;;;;;;;;;;;;;
;;;;;;;;;;;;;;;
;;;;;;;;;;;;;;;
;;;;;;;;;;;;;;;
;;;;;;;;;;;;;;;
;;;;;;;;;;;;;;;
;;;;;;;;;;;;;;;
;;;;;;;;;;;;;;;
;;;;;;;;;;;;;;;
;;;;;;;;;;;;;;;
;;;;;;;;;;;;;;;
;;;;;;;;;;;;;;;
;;;;;;;;;;;;;;;
;;;;;;;;;;;;;;;
;;;;;;;;;;;;;;;
;;;;;;;;;;;;;;;
;;;;;;;;;;;;;;;
;;;;;;;;;;;;;;;
;;;;;;;;;;;;;;;
;;;;;;;;;;;;;;;
;;;;;;;;;;;;;;;
;;;;;;;;;;;;;;;
;;;;;;;;;;;;;;;
;;;;;;;;;;;;;;;
;;;;;;;;;;;;;;;
;;;;;;;;;;;;;;;
;;;;;;;;;;;;;;;
;;;;;;;;;;;;;;;
;;;;;;;;;;;;;;;
;;;;;;;;;;;;;;;
;;;;;;;;;;;;;;;
;;;;;;;;;;;;;;;
;;;;;;;;;;;;;;;
;;;;;;;;;;;;;;;
;;;;;;;;;;;;;;;
;;;;;;;;;;;;;;;
;;;;;;;;;;;;;;;
;;;;;;;;;;;;;;;
;;;;;;;;;;;;;;;
;;;;;;;;;;;;;;;
;;;;;;;;;;;;;;;
;;;;;;;;;;;;;;;
;;;;;;;;;;;;;;;
;;;;;;;;;;;;;;;
;;;;;;;;;;;;;;;
;;;;;;;;;;;;;;;
;;;;;;;;;;;;;;;
;;;;;;;;;;;;;;;
;;;;;;;;;;;;;;;
;;;;;;;;;;;;;;;
;;;;;;;;;;;;;;;
;;;;;;;;;;;;;;;
;;;;;;;;;;;;;;;
;;;;;;;;;;;;;;;
;;;;;;;;;;;;;;;
;;;;;;;;;;;;;;;
;;;;;;;;;;;;;;;
;;;;;;;;;;;;;;;
;;;;;;;;;;;;;;;
;;;;;;;;;;;;;;;
;;;;;;;;;;;;;;;
;;;;;;;;;;;;;;;
;;;;;;;;;;;;;;;
;;;;;;;;;;;;;;;
;;;;;;;;;;;;;;;
;;;;;;;;;;;;;;;
;;;;;;;;;;;;;;;
;;;;;;;;;;;;;;;
;;;;;;;;;;;;;;;
;;;;;;;;;;;;;;;
;;;;;;;;;;;;;;;
;;;;;;;;;;;;;;;
;;;;;;;;;;;;;;;
;;;;;;;;;;;;;;;
;;;;;;;;;;;;;;;
;;;;;;;;;;;;;;;
;;;;;;;;;;;;;;;
;;;;;;;;;;;;;;;
;;;;;;;;;;;;;;;
;;;;;;;;;;;;;;;
;;;;;;;;;;;;;;;
;;;;;;;;;;;;;;;
;;;;;;;;;;;;;;;
;;;;;;;;;;;;;;;
;;;;;;;;;;;;;;;
;;;;;;;;;;;;;;;
;;;;;;;;;;;;;;;
;;;;;;;;;;;;;;;
;;;;;;;;;;;;;;;
;;;;;;;;;;;;;;;
;;;;;;;;;;;;;;;
;;;;;;;;;;;;;;;
;;;;;;;;;;;;;;;
;;;;;;;;;;;;;;;
;;;;;;;;;;;;;;;
;;;;;;;;;;;;;;;
;;;;;;;;;;;;;;;
;;;;;;;;;;;;;;;
;;;;;;;;;;;;;;;
;;;;;;;;;;;;;;;
;;;;;;;;;;;;;;;
;;;;;;;;;;;;;;;
;;;;;;;;;;;;;;;
;;;;;;;;;;;;;;;
;;;;;;;;;;;;;;;
;;;;;;;;;;;;;;;
;;;;;;;;;;;;;;;
;;;;;;;;;;;;;;;
;;;;;;;;;;;;;;;
;;;;;;;;;;;;;;;
;;;;;;;;;;;;;;;
;;;;;;;;;;;;;;;
;;;;;;;;;;;;;;;
;;;;;;;;;;;;;;;
;;;;;;;;;;;;;;;
;;;;;;;;;;;;;;;
;;;;;;;;;;;;;;;
;;;;;;;;;;;;;;;
;;;;;;;;;;;;;;;
;;;;;;;;;;;;;;;
;;;;;;;;;;;;;;;
;;;;;;;;;;;;;;;
;;;;;;;;;;;;;;;
;;;;;;;;;;;;;;;
;;;;;;;;;;;;;;;
;;;;;;;;;;;;;;;
;;;;;;;;;;;;;;;
;;;;;;;;;;;;;;;
;;;;;;;;;;;;;;;
;;;;;;;;;;;;;;;
;;;;;;;;;;;;;;;
;;;;;;;;;;;;;;;
;;;;;;;;;;;;;;;
;;;;;;;;;;;;;;;
;;;;;;;;;;;;;;;
;;;;;;;;;;;;;;;
;;;;;;;;;;;;;;;
;;;;;;;;;;;;;;;
;;;;;;;;;;;;;;;
;;;;;;;;;;;;;;;
;;;;;;;;;;;;;;;
;;;;;;;;;;;;;;;
;;;;;;;;;;;;;;;
;;;;;;;;;;;;;;;
;;;;;;;;;;;;;;;
;;;;;;;;;;;;;;;
;;;;;;;;;;;;;;;
;;;;;;;;;;;;;;;
;;;;;;;;;;;;;;;
;;;;;;;;;;;;;;;
;;;;;;;;;;;;;;;
;;;;;;;;;;;;;;;
;;;;;;;;;;;;;;;
;;;;;;;;;;;;;;;
;;;;;;;;;;;;;;;
;;;;;;;;;;;;;;;
;;;;;;;;;;;;;;;
;;;;;;;;;;;;;;;
;;;;;;;;;;;;;;;
;;;;;;;;;;;;;;;
;;;;;;;;;;;;;;;
;;;;;;;;;;;;;;;
;;;;;;;;;;;;;;;
;;;;;;;;;;;;;;;
;;;;;;;;;;;;;;;
;;;;;;;;;;;;;;;
;;;;;;;;;;;;;;;
;;;;;;;;;;;;;;;
;;;;;;;;;;;;;;;
;;;;;;;;;;;;;;;
;;;;;;;;;;;;;;;
;;;;;;;;;;;;;;;
;;;;;;;;;;;;;;;
;;;;;;;;;;;;;;;
;;;;;;;;;;;;;;;
;;;;;;;;;;;;;;;
;;;;;;;;;;;;;;;
;;;;;;;;;;;;;;;
;;;;;;;;;;;;;;;
;;;;;;;;;;;;;;;
;;;;;;;;;;;;;;;
;;;;;;;;;;;;;;;
;;;;;;;;;;;;;;;
;;;;;;;;;;;;;;;
;;;;;;;;;;;;;;;
;;;;;;;;;;;;;;;
;;;;;;;;;;;;;;;
;;;;;;;;;;;;;;;
;;;;;;;;;;;;;;;
;;;;;;;;;;;;;;;
;;;;;;;;;;;;;;;
;;;;;;;;;;;;;;;
;;;;;;;;;;;;;;;
;;;;;;;;;;;;;;;
;;;;;;;;;;;;;;;
;;;;;;;;;;;;;;;
;;;;;;;;;;;;;;;
;;;;;;;;;;;;;;;
;;;;;;;;;;;;;;;
;;;;;;;;;;;;;;;
;;;;;;;;;;;;;;;
;;;;;;;;;;;;;;;
;;;;;;;;;;;;;;;
;;;;;;;;;;;;;;;
;;;;;;;;;;;;;;;
;;;;;;;;;;;;;;;
;;;;;;;;;;;;;;;
;;;;;;;;;;;;;;;
;;;;;;;;;;;;;;;
;;;;;;;;;;;;;;;
;;;;;;;;;;;;;;;
;;;;;;;;;;;;;;;
;;;;;;;;;;;;;;;
;;;;;;;;;;;;;;;
;;;;;;;;;;;;;;;
;;;;;;;;;;;;;;;
;;;;;;;;;;;;;;;
;;;;;;;;;;;;;;;
;;;;;;;;;;;;;;;
;;;;;;;;;;;;;;;
;;;;;;;;;;;;;;;
;;;;;;;;;;;;;;;
;;;;;;;;;;;;;;;
;;;;;;;;;;;;;;;
;;;;;;;;;;;;;;;
;;;;;;;;;;;;;;;
;;;;;;;;;;;;;;;
;;;;;;;;;;;;;;;
;;;;;;;;;;;;;;;
;;;;;;;;;;;;;;;
;;;;;;;;;;;;;;;
;;;;;;;;;;;;;;;
;;;;;;;;;;;;;;;
;;;;;;;;;;;;;;;
;;;;;;;;;;;;;;;
;;;;;;;;;;;;;;;
;;;;;;;;;;;;;;;
;;;;;;;;;;;;;;;
;;;;;;;;;;;;;;;
;;;;;;;;;;;;;;;
;;;;;;;;;;;;;;;
;;;;;;;;;;;;;;;
;;;;;;;;;;;;;;;
;;;;;;;;;;;;;;;
;;;;;;;;;;;;;;;
;;;;;;;;;;;;;;;
;;;;;;;;;;;;;;;
;;;;;;;;;;;;;;;
;;;;;;;;;;;;;;;
;;;;;;;;;;;;;;;
;;;;;;;;;;;;;;;
;;;;;;;;;;;;;;;
;;;;;;;;;;;;;;;
;;;;;;;;;;;;;;;
;;;;;;;;;;;;;;;
;;;;;;;;;;;;;;;
;;;;;;;;;;;;;;;
;;;;;;;;;;;;;;;
;;;;;;;;;;;;;;;
;;;;;;;;;;;;;;;
;;;;;;;;;;;;;;;
;;;;;;;;;;;;;;;
;;;;;;;;;;;;;;;
;;;;;;;;;;;;;;;
;;;;;;;;;;;;;;;
;;;;;;;;;;;;;;;
;;;;;;;;;;;;;;;
;;;;;;;;;;;;;;;
;;;;;;;;;;;;;;;
;;;;;;;;;;;;;;;
;;;;;;;;;;;;;;;
;;;;;;;;;;;;;;;
;;;;;;;;;;;;;;;
;;;;;;;;;;;;;;;
;;;;;;;;;;;;;;;
;;;;;;;;;;;;;;;
;;;;;;;;;;;;;;;
;;;;;;;;;;;;;;;
;;;;;;;;;;;;;;;
;;;;;;;;;;;;;;;
;;;;;;;;;;;;;;;
;;;;;;;;;;;;;;;
;;;;;;;;;;;;;;;
;;;;;;;;;;;;;;;
;;;;;;;;;;;;;;;
;;;;;;;;;;;;;;;
;;;;;;;;;;;;;;;
;;;;;;;;;;;;;;;
;;;;;;;;;;;;;;;
;;;;;;;;;;;;;;;
;;;;;;;;;;;;;;;
;;;;;;;;;;;;;;;
;;;;;;;;;;;;;;;
;;;;;;;;;;;;;;;
;;;;;;;;;;;;;;;
;;;;;;;;;;;;;;;
;;;;;;;;;;;;;;;
;;;;;;;;;;;;;;;
;;;;;;;;;;;;;;;
;;;;;;;;;;;;;;;
;;;;;;;;;;;;;;;
;;;;;;;;;;;;;;;
;;;;;;;;;;;;;;;
;;;;;;;;;;;;;;;
;;;;;;;;;;;;;;;
;;;;;;;;;;;;;;;
;;;;;;;;;;;;;;;
;;;;;;;;;;;;;;;
;;;;;;;;;;;;;;;
;;;;;;;;;;;;;;;
;;;;;;;;;;;;;;;
;;;;;;;;;;;;;;;
;;;;;;;;;;;;;;;
;;;;;;;;;;;;;;;
;;;;;;;;;;;;;;;
;;;;;;;;;;;;;;;
;;;;;;;;;;;;;;;
;;;;;;;;;;;;;;;
;;;;;;;;;;;;;;;
;;;;;;;;;;;;;;;
;;;;;;;;;;;;;;;
;;;;;;;;;;;;;;;
;;;;;;;;;;;;;;;
;;;;;;;;;;;;;;;
;;;;;;;;;;;;;;;
;;;;;;;;;;;;;;;
;;;;;;;;;;;;;;;
;;;;;;;;;;;;;;;
;;;;;;;;;;;;;;;
;;;;;;;;;;;;;;;
;;;;;;;;;;;;;;;
;;;;;;;;;;;;;;;
;;;;;;;;;;;;;;;
;;;;;;;;;;;;;;;
;;;;;;;;;;;;;;;
;;;;;;;;;;;;;;;
;;;;;;;;;;;;;;;
;;;;;;;;;;;;;;;
;;;;;;;;;;;;;;;
;;;;;;;;;;;;;;;
;;;;;;;;;;;;;;;
;;;;;;;;;;;;;;;
;;;;;;;;;;;;;;;
;;;;;;;;;;;;;;;
;;;;;;;;;;;;;;;
;;;;;;;;;;;;;;;
;;;;;;;;;;;;;;;
;;;;;;;;;;;;;;;
;;;;;;;;;;;;;;;
;;;;;;;;;;;;;;;
;;;;;;;;;;;;;;;
;;;;;;;;;;;;;;;
;;;;;;;;;;;;;;;
;;;;;;;;;;;;;;;
;;;;;;;;;;;;;;;
;;;;;;;;;;;;;;;
;;;;;;;;;;;;;;;
;;;;;;;;;;;;;;;
;;;;;;;;;;;;;;;
;;;;;;;;;;;;;;;
;;;;;;;;;;;;;;;
;;;;;;;;;;;;;;;
;;;;;;;;;;;;;;;
;;;;;;;;;;;;;;;
;;;;;;;;;;;;;;;
;;;;;;;;;;;;;;;
;;;;;;;;;;;;;;;
;;;;;;;;;;;;;;;
;;;;;;;;;;;;;;;
;;;;;;;;;;;;;;;
;;;;;;;;;;;;;;;
;;;;;;;;;;;;;;;
;;;;;;;;;;;;;;;
;;;;;;;;;;;;;;;
;;;;;;;;;;;;;;;
;;;;;;;;;;;;;;;
;;;;;;;;;;;;;;;
;;;;;;;;;;;;;;;
;;;;;;;;;;;;;;;
;;;;;;;;;;;;;;;
;;;;;;;;;;;;;;;
;;;;;;;;;;;;;;;
;;;;;;;;;;;;;;;
;;;;;;;;;;;;;;;
;;;;;;;;;;;;;;;
;;;;;;;;;;;;;;;
;;;;;;;;;;;;;;;
;;;;;;;;;;;;;;;
;;;;;;;;;;;;;;;
;;;;;;;;;;;;;;;
;;;;;;;;;;;;;;;
;;;;;;;;;;;;;;;
;;;;;;;;;;;;;;;
;;;;;;;;;;;;;;;
;;;;;;;;;;;;;;;
;;;;;;;;;;;;;;;
;;;;;;;;;;;;;;;
;;;;;;;;;;;;;;;
;;;;;;;;;;;;;;;
;;;;;;;;;;;;;;;
;;;;;;;;;;;;;;;
;;;;;;;;;;;;;;;
;;;;;;;;;;;;;;;
;;;;;;;;;;;;;;;
;;;;;;;;;;;;;;;
;;;;;;;;;;;;;;;
;;;;;;;;;;;;;;;
;;;;;;;;;;;;;;;
;;;;;;;;;;;;;;;
;;;;;;;;;;;;;;;
;;;;;;;;;;;;;;;
;;;;;;;;;;;;;;;
;;;;;;;;;;;;;;;
;;;;;;;;;;;;;;;
;;;;;;;;;;;;;;;
;;;;;;;;;;;;;;;
;;;;;;;;;;;;;;;
;;;;;;;;;;;;;;;
;;;;;;;;;;;;;;;
;;;;;;;;;;;;;;;
;;;;;;;;;;;;;;;
;;;;;;;;;;;;;;;
;;;;;;;;;;;;;;;
;;;;;;;;;;;;;;;
;;;;;;;;;;;;;;;
;;;;;;;;;;;;;;;
;;;;;;;;;;;;;;;
;;;;;;;;;;;;;;;
;;;;;;;;;;;;;;;
;;;;;;;;;;;;;;;
;;;;;;;;;;;;;;;
;;;;;;;;;;;;;;;
;;;;;;;;;;;;;;;
;;;;;;;;;;;;;;;
;;;;;;;;;;;;;;;
;;;;;;;;;;;;;;;
;;;;;;;;;;;;;;;
;;;;;;;;;;;;;;;
;;;;;;;;;;;;;;;
;;;;;;;;;;;;;;;
;;;;;;;;;;;;;;;
;;;;;;;;;;;;;;;
;;;;;;;;;;;;;;;
;;;;;;;;;;;;;;;
;;;;;;;;;;;;;;;
;;;;;;;;;;;;;;;
;;;;;;;;;;;;;;;
;;;;;;;;;;;;;;;
;;;;;;;;;;;;;;;
;;;;;;;;;;;;;;;
;;;;;;;;;;;;;;;
;;;;;;;;;;;;;;;
;;;;;;;;;;;;;;;
;;;;;;;;;;;;;;;
;;;;;;;;;;;;;;;
;;;;;;;;;;;;;;;
;;;;;;;;;;;;;;;
;;;;;;;;;;;;;;;
;;;;;;;;;;;;;;;
;;;;;;;;;;;;;;;
;;;;;;;;;;;;;;;
;;;;;;;;;;;;;;;
;;;;;;;;;;;;;;;
;;;;;;;;;;;;;;;
;;;;;;;;;;;;;;;
;;;;;;;;;;;;;;;
;;;;;;;;;;;;;;;
;;;;;;;;;;;;;;;
;;;;;;;;;;;;;;;
;;;;;;;;;;;;;;;
;;;;;;;;;;;;;;;
;;;;;;;;;;;;;;;
;;;;;;;;;;;;;;;
;;;;;;;;;;;;;;;
;;;;;;;;;;;;;;;
;;;;;;;;;;;;;;;
;;;;;;;;;;;;;;;
;;;;;;;;;;;;;;;
;;;;;;;;;;;;;;;
;;;;;;;;;;;;;;;
;;;;;;;;;;;;;;;
;;;;;;;;;;;;;;;
;;;;;;;;;;;;;;;
;;;;;;;;;;;;;;;
;;;;;;;;;;;;;;;
;;;;;;;;;;;;;;;
;;;;;;;;;;;;;;;
;;;;;;;;;;;;;;;
;;;;;;;;;;;;;;;
;;;;;;;;;;;;;;;
;;;;;;;;;;;;;;;
;;;;;;;;;;;;;;;
;;;;;;;;;;;;;;;
;;;;;;;;;;;;;;;
;;;;;;;;;;;;;;;
;;;;;;;;;;;;;;;
;;;;;;;;;;;;;;;
;;;;;;;;;;;;;;;
;;;;;;;;;;;;;;;
;;;;;;;;;;;;;;;
;;;;;;;;;;;;;;;
;;;;;;;;;;;;;;;
;;;;;;;;;;;;;;;
;;;;;;;;;;;;;;;
;;;;;;;;;;;;;;;
;;;;;;;;;;;;;;;
;;;;;;;;;;;;;;;
;;;;;;;;;;;;;;;
;;;;;;;;;;;;;;;
;;;;;;;;;;;;;;;
;;;;;;;;;;;;;;;
;;;;;;;;;;;;;;;
;;;;;;;;;;;;;;;
;;;;;;;;;;;;;;;
;;;;;;;;;;;;;;;
;;;;;;;;;;;;;;;
;;;;;;;;;;;;;;;
;;;;;;;;;;;;;;;
;;;;;;;;;;;;;;;
;;;;;;;;;;;;;;;
;;;;;;;;;;;;;;;
;;;;;;;;;;;;;;;
;;;;;;;;;;;;;;;
;;;;;;;;;;;;;;;
;;;;;;;;;;;;;;;
;;;;;;;;;;;;;;;
;;;;;;;;;;;;;;;
;;;;;;;;;;;;;;;
;;;;;;;;;;;;;;;
;;;;;;;;;;;;;;;
;;;;;;;;;;;;;;;
;;;;;;;;;;;;;;;
;;;;;;;;;;;;;;;
;;;;;;;;;;;;;;;
;;;;;;;;;;;;;;;
;;;;;;;;;;;;;;;
;;;;;;;;;;;;;;;
;;;;;;;;;;;;;;;
;;;;;;;;;;;;;;;
;;;;;;;;;;;;;;;
;;;;;;;;;;;;;;;
;;;;;;;;;;;;;;;
;;;;;;;;;;;;;;;
;;;;;;;;;;;;;;;
;;;;;;;;;;;;;;;
;;;;;;;;;;;;;;;
;;;;;;;;;;;;;;;
;;;;;;;;;;;;;;;
;;;;;;;;;;;;;;;
;;;;;;;;;;;;;;;
;;;;;;;;;;;;;;;
;;;;;;;;;;;;;;;
;;;;;;;;;;;;;;;
;;;;;;;;;;;;;;;
;;;;;;;;;;;;;;;
;;;;;;;;;;;;;;;
;;;;;;;;;;;;;;;
;;;;;;;;;;;;;;;
;;;;;;;;;;;;;;;
;;;;;;;;;;;;;;;
;;;;;;;;;;;;;;;
;;;;;;;;;;;;;;;
;;;;;;;;;;;;;;;
;;;;;;;;;;;;;;;
;;;;;;;;;;;;;;;
;;;;;;;;;;;;;;;
;;;;;;;;;;;;;;;
;;;;;;;;;;;;;;;
;;;;;;;;;;;;;;;
;;;;;;;;;;;;;;;
;;;;;;;;;;;;;;;
;;;;;;;;;;;;;;;
;;;;;;;;;;;;;;;
;;;;;;;;;;;;;;;
;;;;;;;;;;;;;;;
;;;;;;;;;;;;;;;
;;;;;;;;;;;;;;;
;;;;;;;;;;;;;;;
;;;;;;;;;;;;;;;
;;;;;;;;;;;;;;;
;;;;;;;;;;;;;;;
;;;;;;;;;;;;;;;
;;;;;;;;;;;;;;;
;;;;;;;;;;;;;;;
;;;;;;;;;;;;;;;
;;;;;;;;;;;;;;;
;;;;;;;;;;;;;;;
;;;;;;;;;;;;;;;
;;;;;;;;;;;;;;;
;;;;;;;;;;;;;;;
;;;;;;;;;;;;;;;
;;;;;;;;;;;;;;;
;;;;;;;;;;;;;;;
;;;;;;;;;;;;;;;
;;;;;;;;;;;;;;;
;;;;;;;;;;;;;;;
;;;;;;;;;;;;;;;
;;;;;;;;;;;;;;;
;;;;;;;;;;;;;;;
;;;;;;;;;;;;;;;
;;;;;;;;;;;;;;;
;;;;;;;;;;;;;;;
;;;;;;;;;;;;;;;
;;;;;;;;;;;;;;;
;;;;;;;;;;;;;;;
;;;;;;;;;;;;;;;
;;;;;;;;;;;;;;;
;;;;;;;;;;;;;;;
;;;;;;;;;;;;;;;
;;;;;;;;;;;;;;;
;;;;;;;;;;;;;;;
;;;;;;;;;;;;;;;
;;;;;;;;;;;;;;;
;;;;;;;;;;;;;;;
;;;;;;;;;;;;;;;
;;;;;;;;;;;;;;;
;;;;;;;;;;;;;;;
;;;;;;;;;;;;;;;
;;;;;;;;;;;;;;;
;;;;;;;;;;;;;;;
;;;;;;;;;;;;;;;
;;;;;;;;;;;;;;;
;;;;;;;;;;;;;;;
;;;;;;;;;;;;;;;
;;;;;;;;;;;;;;;
;;;;;;;;;;;;;;;
;;;;;;;;;;;;;;;
;;;;;;;;;;;;;;;
;;;;;;;;;;;;;;;
;;;;;;;;;;;;;;;
;;;;;;;;;;;;;;;
;;;;;;;;;;;;;;;
;;;;;;;;;;;;;;;
;;;;;;;;;;;;;;;
;;;;;;;;;;;;;;;
;;;;;;;;;;;;;;;
;;;;;;;;;;;;;;;
;;;;;;;;;;;;;;;
;;;;;;;;;;;;;;;
;;;;;;;;;;;;;;;
;;;;;;;;;;;;;;;
;;;;;;;;;;;;;;;
;;;;;;;;;;;;;;;
;;;;;;;;;;;;;;;
;;;;;;;;;;;;;;;
;;;;;;;;;;;;;;;
;;;;;;;;;;;;;;;
;;;;;;;;;;;;;;;
;;;;;;;;;;;;;;;
;;;;;;;;;;;;;;;
;;;;;;;;;;;;;;;
;;;;;;;;;;;;;;;
;;;;;;;;;;;;;;;
;;;;;;;;;;;;;;;
;;;;;;;;;;;;;;;
;;;;;;;;;;;;;;;
;;;;;;;;;;;;;;;
;;;;;;;;;;;;;;;
;;;;;;;;;;;;;;;
;;;;;;;;;;;;;;;
;;;;;;;;;;;;;;;
;;;;;;;;;;;;;;;
;;;;;;;;;;;;;;;
;;;;;;;;;;;;;;;
;;;;;;;;;;;;;;;
;;;;;;;;;;;;;;;
;;;;;;;;;;;;;;;
;;;;;;;;;;;;;;;
;;;;;;;;;;;;;;;
;;;;;;;;;;;;;;;
;;;;;;;;;;;;;;;
;;;;;;;;;;;;;;;
;;;;;;;;;;;;;;;
;;;;;;;;;;;;;;;
;;;;;;;;;;;;;;;
;;;;;;;;;;;;;;;
;;;;;;;;;;;;;;;
;;;;;;;;;;;;;;;
;;;;;;;;;;;;;;;
;;;;;;;;;;;;;;;
;;;;;;;;;;;;;;;
;;;;;;;;;;;;;;;
;;;;;;;;;;;;;;;
;;;;;;;;;;;;;;;
;;;;;;;;;;;;;;;
;;;;;;;;;;;;;;;
;;;;;;;;;;;;;;;
;;;;;;;;;;;;;;;
;;;;;;;;;;;;;;;
;;;;;;;;;;;;;;;
;;;;;;;;;;;;;;;
;;;;;;;;;;;;;;;
;;;;;;;;;;;;;;;
;;;;;;;;;;;;;;;
;;;;;;;;;;;;;;;
;;;;;;;;;;;;;;;
;;;;;;;;;;;;;;;
;;;;;;;;;;;;;;;
;;;;;;;;;;;;;;;
;;;;;;;;;;;;;;;
;;;;;;;;;;;;;;;
;;;;;;;;;;;;;;;
;;;;;;;;;;;;;;;
;;;;;;;;;;;;;;;
;;;;;;;;;;;;;;;
;;;;;;;;;;;;;;;
;;;;;;;;;;;;;;;
;;;;;;;;;;;;;;;
;;;;;;;;;;;;;;;
;;;;;;;;;;;;;;;
;;;;;;;;;;;;;;;
;;;;;;;;;;;;;;;
;;;;;;;;;;;;;;;
;;;;;;;;;;;;;;;
;;;;;;;;;;;;;;;
;;;;;;;;;;;;;;;
;;;;;;;;;;;;;;;
;;;;;;;;;;;;;;;
;;;;;;;;;;;;;;;
;;;;;;;;;;;;;;;
;;;;;;;;;;;;;;;
;;;;;;;;;;;;;;;
;;;;;;;;;;;;;;;
;;;;;;;;;;;;;;;
;;;;;;;;;;;;;;;
;;;;;;;;;;;;;;;
;;;;;;;;;;;;;;;
;;;;;;;;;;;;;;;
;;;;;;;;;;;;;;;
;;;;;;;;;;;;;;;
;;;;;;;;;;;;;;;
;;;;;;;;;;;;;;;
;;;;;;;;;;;;;;;
;;;;;;;;;;;;;;;
;;;;;;;;;;;;;;;
;;;;;;;;;;;;;;;
;;;;;;;;;;;;;;;
;;;;;;;;;;;;;;;
;;;;;;;;;;;;;;;
;;;;;;;;;;;;;;;
;;;;;;;;;;;;;;;
;;;;;;;;;;;;;;;
;;;;;;;;;;;;;;;
;;;;;;;;;;;;;;;
;;;;;;;;;;;;;;;
;;;;;;;;;;;;;;;
;;;;;;;;;;;;;;;
;;;;;;;;;;;;;;;
;;;;;;;;;;;;;;;
;;;;;;;;;;;;;;;
;;;;;;;;;;;;;;;
;;;;;;;;;;;;;;;
;;;;;;;;;;;;;;;
;;;;;;;;;;;;;;;
;;;;;;;;;;;;;;;
;;;;;;;;;;;;;;;
;;;;;;;;;;;;;;;
;;;;;;;;;;;;;;;
;;;;;;;;;;;;;;;
;;;;;;;;;;;;;;;
;;;;;;;;;;;;;;;
;;;;;;;;;;;;;;;
;;;;;;;;;;;;;;;
;;;;;;;;;;;;;;;
;;;;;;;;;;;;;;;
;;;;;;;;;;;;;;;
;;;;;;;;;;;;;;;
;;;;;;;;;;;;;;;
;;;;;;;;;;;;;;;
;;;;;;;;;;;;;;;
;;;;;;;;;;;;;;;
;;;;;;;;;;;;;;;
;;;;;;;;;;;;;;;
;;;;;;;;;;;;;;;
;;;;;;;;;;;;;;;
;;;;;;;;;;;;;;;
;;;;;;;;;;;;;;;
;;;;;;;;;;;;;;;
;;;;;;;;;;;;;;;
;;;;;;;;;;;;;;;
;;;;;;;;;;;;;;;
;;;;;;;;;;;;;;;
;;;;;;;;;;;;;;;
;;;;;;;;;;;;;;;
;;;;;;;;;;;;;;;
;;;;;;;;;;;;;;;
;;;;;;;;;;;;;;;
;;;;;;;;;;;;;;;
;;;;;;;;;;;;;;;
;;;;;;;;;;;;;;;
;;;;;;;;;;;;;;;
;;;;;;;;;;;;;;;
;;;;;;;;;;;;;;;
;;;;;;;;;;;;;;;
;;;;;;;;;;;;;;;
;;;;;;;;;;;;;;;
;;;;;;;;;;;;;;;
;;;;;;;;;;;;;;;
;;;;;;;;;;;;;;;
;;;;;;;;;;;;;;;
;;;;;;;;;;;;;;;
;;;;;;;;;;;;;;;
;;;;;;;;;;;;;;;
;;;;;;;;;;;;;;;
;;;;;;;;;;;;;;;
;;;;;;;;;;;;;;;
;;;;;;;;;;;;;;;
;;;;;;;;;;;;;;;
;;;;;;;;;;;;;;;
;;;;;;;;;;;;;;;
;;;;;;;;;;;;;;;
;;;;;;;;;;;;;;;
;;;;;;;;;;;;;;;
;;;;;;;;;;;;;;;
;;;;;;;;;;;;;;;
;;;;;;;;;;;;;;;
;;;;;;;;;;;;;;;
;;;;;;;;;;;;;;;
;;;;;;;;;;;;;;;
;;;;;;;;;;;;;;;
;;;;;;;;;;;;;;;
;;;;;;;;;;;;;;;
;;;;;;;;;;;;;;;
;;;;;;;;;;;;;;;
;;;;;;;;;;;;;;;
;;;;;;;;;;;;;;;
;;;;;;;;;;;;;;;
;;;;;;;;;;;;;;;
;;;;;;;;;;;;;;;
;;;;;;;;;;;;;;;
;;;;;;;;;;;;;;;
;;;;;;;;;;;;;;;
;;;;;;;;;;;;;;;
;;;;;;;;;;;;;;;
;;;;;;;;;;;;;;;
;;;;;;;;;;;;;;;
;;;;;;;;;;;;;;;
;;;;;;;;;;;;;;;
;;;;;;;;;;;;;;;
;;;;;;;;;;;;;;;
;;;;;;;;;;;;;;;
;;;;;;;;;;;;;;;
;;;;;;;;;;;;;;;
;;;;;;;;;;;;;;;
;;;;;;;;;;;;;;;
;;;;;;;;;;;;;;;
;;;;;;;;;;;;;;;
;;;;;;;;;;;;;;;
;;;;;;;;;;;;;;;
;;;;;;;;;;;;;;;
;;;;;;;;;;;;;;;
;;;;;;;;;;;;;;;
;;;;;;;;;;;;;;;
;;;;;;;;;;;;;;;
;;;;;;;;;;;;;;;
;;;;;;;;;;;;;;;
;;;;;;;;;;;;;;;
;;;;;;;;;;;;;;;
;;;;;;;;;;;;;;;
;;;;;;;;;;;;;;;
;;;;;;;;;;;;;;;
;;;;;;;;;;;;;;;
;;;;;;;;;;;;;;;
;;;;;;;;;;;;;;;
;;;;;;;;;;;;;;;
;;;;;;;;;;;;;;;
;;;;;;;;;;;;;;;
;;;;;;;;;;;;;;;
;;;;;;;;;;;;;;;
;;;;;;;;;;;;;;;
;;;;;;;;;;;;;;;
;;;;;;;;;;;;;;;
;;;;;;;;;;;;;;;
;;;;;;;;;;;;;;;
;;;;;;;;;;;;;;;
;;;;;;;;;;;;;;;
;;;;;;;;;;;;;;;
;;;;;;;;;;;;;;;
;;;;;;;;;;;;;;;
;;;;;;;;;;;;;;;
;;;;;;;;;;;;;;;
;;;;;;;;;;;;;;;
;;;;;;;;;;;;;;;
;;;;;;;;;;;;;;;
;;;;;;;;;;;;;;;
;;;;;;;;;;;;;;;
;;;;;;;;;;;;;;;
;;;;;;;;;;;;;;;
;;;;;;;;;;;;;;;
;;;;;;;;;;;;;;;
;;;;;;;;;;;;;;;
;;;;;;;;;;;;;;;
;;;;;;;;;;;;;;;
;;;;;;;;;;;;;;;
;;;;;;;;;;;;;;;
;;;;;;;;;;;;;;;
;;;;;;;;;;;;;;;
;;;;;;;;;;;;;;;
;;;;;;;;;;;;;;;
;;;;;;;;;;;;;;;
;;;;;;;;;;;;;;;
;;;;;;;;;;;;;;;
;;;;;;;;;;;;;;;
;;;;;;;;;;;;;;;
;;;;;;;;;;;;;;;
;;;;;;;;;;;;;;;
;;;;;;;;;;;;;;;
;;;;;;;;;;;;;;;
;;;;;;;;;;;;;;;
;;;;;;;;;;;;;;;
;;;;;;;;;;;;;;;
;;;;;;;;;;;;;;;
;;;;;;;;;;;;;;;
;;;;;;;;;;;;;;;
;;;;;;;;;;;;;;;
;;;;;;;;;;;;;;;
;;;;;;;;;;;;;;;
;;;;;;;;;;;;;;;
;;;;;;;;;;;;;;;
;;;;;;;;;;;;;;;
;;;;;;;;;;;;;;;
;;;;;;;;;;;;;;;
;;;;;;;;;;;;;;;
;;;;;;;;;;;;;;;
;;;;;;;;;;;;;;;
;;;;;;;;;;;;;;;
;;;;;;;;;;;;;;;
;;;;;;;;;;;;;;;
;;;;;;;;;;;;;;;
;;;;;;;;;;;;;;;
;;;;;;;;;;;;;;;
;;;;;;;;;;;;;;;
;;;;;;;;;;;;;;;
;;;;;;;;;;;;;;;
;;;;;;;;;;;;;;;
;;;;;;;;;;;;;;;
;;;;;;;;;;;;;;;
;;;;;;;;;;;;;;;
;;;;;;;;;;;;;;;
;;;;;;;;;;;;;;;
;;;;;;;;;;;;;;;
;;;;;;;;;;;;;;;
;;;;;;;;;;;;;;;
;;;;;;;;;;;;;;;
;;;;;;;;;;;;;;;
;;;;;;;;;;;;;;;
;;;;;;;;;;;;;;;
;;;;;;;;;;;;;;;
;;;;;;;;;;;;;;;
;;;;;;;;;;;;;;;
;;;;;;;;;;;;;;;
;;;;;;;;;;;;;;;
;;;;;;;;;;;;;;;
;;;;;;;;;;;;;;;
;;;;;;;;;;;;;;;
;;;;;;;;;;;;;;;
;;;;;;;;;;;;;;;
;;;;;;;;;;;;;;;
;;;;;;;;;;;;;;;
;;;;;;;;;;;;;;;
;;;;;;;;;;;;;;;
;;;;;;;;;;;;;;;
;;;;;;;;;;;;;;;
;;;;;;;;;;;;;;;
;;;;;;;;;;;;;;;
;;;;;;;;;;;;;;;
;;;;;;;;;;;;;;;
;;;;;;;;;;;;;;;
;;;;;;;;;;;;;;;
;;;;;;;;;;;;;;;
;;;;;;;;;;;;;;;
;;;;;;;;;;;;;;;
;;;;;;;;;;;;;;;
;;;;;;;;;;;;;;;
;;;;;;;;;;;;;;;
;;;;;;;;;;;;;;;
;;;;;;;;;;;;;;;
;;;;;;;;;;;;;;;
;;;;;;;;;;;;;;;
;;;;;;;;;;;;;;;
;;;;;;;;;;;;;;;
;;;;;;;;;;;;;;;
;;;;;;;;;;;;;;;
;;;;;;;;;;;;;;;
;;;;;;;;;;;;;;;
;;;;;;;;;;;;;;;
;;;;;;;;;;;;;;;
;;;;;;;;;;;;;;;
;;;;;;;;;;;;;;;
;;;;;;;;;;;;;;;
;;;;;;;;;;;;;;;
;;;;;;;;;;;;;;;
;;;;;;;;;;;;;;;
;;;;;;;;;;;;;;;
;;;;;;;;;;;;;;;
;;;;;;;;;;;;;;;
;;;;;;;;;;;;;;;
;;;;;;;;;;;;;;;
;;;;;;;;;;;;;;;
;;;;;;;;;;;;;;;
;;;;;;;;;;;;;;;
;;;;;;;;;;;;;;;
;;;;;;;;;;;;;;;
;;;;;;;;;;;;;;;
;;;;;;;;;;;;;;;
;;;;;;;;;;;;;;;
;;;;;;;;;;;;;;;
;;;;;;;;;;;;;;;
;;;;;;;;;;;;;;;
;;;;;;;;;;;;;;;
;;;;;;;;;;;;;;;
;;;;;;;;;;;;;;;
;;;;;;;;;;;;;;;
;;;;;;;;;;;;;;;
;;;;;;;;;;;;;;;
;;;;;;;;;;;;;;;
;;;;;;;;;;;;;;;
;;;;;;;;;;;;;;;
;;;;;;;;;;;;;;;
;;;;;;;;;;;;;;;
;;;;;;;;;;;;;;;
;;;;;;;;;;;;;;;
;;;;;;;;;;;;;;;
;;;;;;;;;;;;;;;
;;;;;;;;;;;;;;;
;;;;;;;;;;;;;;;
;;;;;;;;;;;;;;;
;;;;;;;;;;;;;;;
;;;;;;;;;;;;;;;
;;;;;;;;;;;;;;;
;;;;;;;;;;;;;;;
;;;;;;;;;;;;;;;
;;;;;;;;;;;;;;;
;;;;;;;;;;;;;;;
;;;;;;;;;;;;;;;
;;;;;;;;;;;;;;;
;;;;;;;;;;;;;;;
;;;;;;;;;;;;;;;
;;;;;;;;;;;;;;;
;;;;;;;;;;;;;;;
;;;;;;;;;;;;;;;
;;;;;;;;;;;;;;;
;;;;;;;;;;;;;;;
;;;;;;;;;;;;;;;
;;;;;;;;;;;;;;;
;;;;;;;;;;;;;;;
;;;;;;;;;;;;;;;
;;;;;;;;;;;;;;;
;;;;;;;;;;;;;;;
;;;;;;;;;;;;;;;
;;;;;;;;;;;;;;;
;;;;;;;;;;;;;;;
;;;;;;;;;;;;;;;
;;;;;;;;;;;;;;;
;;;;;;;;;;;;;;;
;;;;;;;;;;;;;;;
;;;;;;;;;;;;;;;
;;;;;;;;;;;;;;;
;;;;;;;;;;;;;;;
;;;;;;;;;;;;;;;
;;;;;;;;;;;;;;;
;;;;;;;;;;;;;;;
;;;;;;;;;;;;;;;
;;;;;;;;;;;;;;;
;;;;;;;;;;;;;;;
;;;;;;;;;;;;;;;
;;;;;;;;;;;;;;;
;;;;;;;;;;;;;;;
;;;;;;;;;;;;;;;
;;;;;;;;;;;;;;;
;;;;;;;;;;;;;;;
;;;;;;;;;;;;;;;
;;;;;;;;;;;;;;;
;;;;;;;;;;;;;;;
;;;;;;;;;;;;;;;
;;;;;;;;;;;;;;;
;;;;;;;;;;;;;;;
;;;;;;;;;;;;;;;
;;;;;;;;;;;;;;;
;;;;;;;;;;;;;;;
;;;;;;;;;;;;;;;
;;;;;;;;;;;;;;;
;;;;;;;;;;;;;;;
;;;;;;;;;;;;;;;
;;;;;;;;;;;;;;;
;;;;;;;;;;;;;;;
;;;;;;;;;;;;;;;
;;;;;;;;;;;;;;;
;;;;;;;;;;;;;;;
;;;;;;;;;;;;;;;
;;;;;;;;;;;;;;;
;;;;;;;;;;;;;;;
;;;;;;;;;;;;;;;
;;;;;;;;;;;;;;;
;;;;;;;;;;;;;;;
;;;;;;;;;;;;;;;
;;;;;;;;;;;;;;;
;;;;;;;;;;;;;;;
;;;;;;;;;;;;;;;
;;;;;;;;;;;;;;;
;;;;;;;;;;;;;;;
;;;;;;;;;;;;;;;
;;;;;;;;;;;;;;;
;;;;;;;;;;;;;;;
;;;;;;;;;;;;;;;
;;;;;;;;;;;;;;;
;;;;;;;;;;;;;;;
;;;;;;;;;;;;;;;
;;;;;;;;;;;;;;;
;;;;;;;;;;;;;;;
;;;;;;;;;;;;;;;
;;;;;;;;;;;;;;;
;;;;;;;;;;;;;;;
;;;;;;;;;;;;;;;
;;;;;;;;;;;;;;;
;;;;;;;;;;;;;;;
;;;;;;;;;;;;;;;
;;;;;;;;;;;;;;;
;;;;;;;;;;;;;;;
;;;;;;;;;;;;;;;
;;;;;;;;;;;;;;;
;;;;;;;;;;;;;;;
;;;;;;;;;;;;;;;
;;;;;;;;;;;;;;;
;;;;;;;;;;;;;;;
;;;;;;;;;;;;;;;
;;;;;;;;;;;;;;;
;;;;;;;;;;;;;;;
;;;;;;;;;;;;;;;
;;;;;;;;;;;;;;;
;;;;;;;;;;;;;;;
;;;;;;;;;;;;;;;
;;;;;;;;;;;;;;;
;;;;;;;;;;;;;;;
;;;;;;;;;;;;;;;
;;;;;;;;;;;;;;;
;;;;;;;;;;;;;;;
;;;;;;;;;;;;;;;
;;;;;;;;;;;;;;;
;;;;;;;;;;;;;;;
;;;;;;;;;;;;;;;
;;;;;;;;;;;;;;;
;;;;;;;;;;;;;;;
;;;;;;;;;;;;;;;
;;;;;;;;;;;;;;;
;;;;;;;;;;;;;;;
;;;;;;;;;;;;;;;
;;;;;;;;;;;;;;;
;;;;;;;;;;;;;;;
;;;;;;;;;;;;;;;
;;;;;;;;;;;;;;;
;;;;;;;;;;;;;;;
;;;;;;;;;;;;;;;
;;;;;;;;;;;;;;;
;;;;;;;;;;;;;;;
;;;;;;;;;;;;;;;
;;;;;;;;;;;;;;;
;;;;;;;;;;;;;;;
;;;;;;;;;;;;;;;
;;;;;;;;;;;;;;;
;;;;;;;;;;;;;;;
;;;;;;;;;;;;;;;
;;;;;;;;;;;;;;;
;;;;;;;;;;;;;;;
;;;;;;;;;;;;;;;
;;;;;;;;;;;;;;;
;;;;;;;;;;;;;;;
;;;;;;;;;;;;;;;
;;;;;;;;;;;;;;;
;;;;;;;;;;;;;;;
;;;;;;;;;;;;;;;
;;;;;;;;;;;;;;;
;;;;;;;;;;;;;;;
;;;;;;;;;;;;;;;
;;;;;;;;;;;;;;;
;;;;;;;;;;;;;;;
;;;;;;;;;;;;;;;
;;;;;;;;;;;;;;;
;;;;;;;;;;;;;;;
;;;;;;;;;;;;;;;
;;;;;;;;;;;;;;;
;;;;;;;;;;;;;;;
;;;;;;;;;;;;;;;
;;;;;;;;;;;;;;;
;;;;;;;;;;;;;;;
;;;;;;;;;;;;;;;
;;;;;;;;;;;;;;;
;;;;;;;;;;;;;;;
;;;;;;;;;;;;;;;
;;;;;;;;;;;;;;;
;;;;;;;;;;;;;;;
;;;;;;;;;;;;;;;
;;;;;;;;;;;;;;;
;;;;;;;;;;;;;;;
;;;;;;;;;;;;;;;
;;;;;;;;;;;;;;;
;;;;;;;;;;;;;;;
;;;;;;;;;;;;;;;
;;;;;;;;;;;;;;;
;;;;;;;;;;;;;;;
;;;;;;;;;;;;;;;
;;;;;;;;;;;;;;;
;;;;;;;;;;;;;;;
;;;;;;;;;;;;;;;
;;;;;;;;;;;;;;;
;;;;;;;;;;;;;;;
;;;;;;;;;;;;;;;
;;;;;;;;;;;;;;;
;;;;;;;;;;;;;;;
;;;;;;;;;;;;;;;
;;;;;;;;;;;;;;;
;;;;;;;;;;;;;;;
;;;;;;;;;;;;;;;
;;;;;;;;;;;;;;;
;;;;;;;;;;;;;;;
;;;;;;;;;;;;;;;
;;;;;;;;;;;;;;;
;;;;;;;;;;;;;;;
;;;;;;;;;;;;;;;
;;;;;;;;;;;;;;;
;;;;;;;;;;;;;;;
;;;;;;;;;;;;;;;
;;;;;;;;;;;;;;;
;;;;;;;;;;;;;;;
;;;;;;;;;;;;;;;
;;;;;;;;;;;;;;;
;;;;;;;;;;;;;;;
;;;;;;;;;;;;;;;
;;;;;;;;;;;;;;;
;;;;;;;;;;;;;;;
;;;;;;;;;;;;;;;
;;;;;;;;;;;;;;;
;;;;;;;;;;;;;;;
;;;;;;;;;;;;;;;
;;;;;;;;;;;;;;;
;;;;;;;;;;;;;;;
;;;;;;;;;;;;;;;
;;;;;;;;;;;;;;;
;;;;;;;;;;;;;;;
;;;;;;;;;;;;;;;
;;;;;;;;;;;;;;;
;;;;;;;;;;;;;;;
;;;;;;;;;;;;;;;
;;;;;;;;;;;;;;;
;;;;;;;;;;;;;;;
;;;;;;;;;;;;;;;
;;;;;;;;;;;;;;;
;;;;;;;;;;;;;;;
;;;;;;;;;;;;;;;
;;;;;;;;;;;;;;;
;;;;;;;;;;;;;;;
;;;;;;;;;;;;;;;
;;;;;;;;;;;;;;;
;;;;;;;;;;;;;;;
;;;;;;;;;;;;;;;
;;;;;;;;;;;;;;;
;;;;;;;;;;;;;;;
;;;;;;;;;;;;;;;
;;;;;;;;;;;;;;;
;;;;;;;;;;;;;;;
;;;;;;;;;;;;;;;
;;;;;;;;;;;;;;;
;;;;;;;;;;;;;;;
;;;;;;;;;;;;;;;
;;;;;;;;;;;;;;;
;;;;;;;;;;;;;;;
;;;;;;;;;;;;;;;
;;;;;;;;;;;;;;;
;;;;;;;;;;;;;;;
;;;;;;;;;;;;;;;
;;;;;;;;;;;;;;;
;;;;;;;;;;;;;;;
;;;;;;;;;;;;;;;
;;;;;;;;;;;;;;;
;;;;;;;;;;;;;;;
;;;;;;;;;;;;;;;
;;;;;;;;;;;;;;;
;;;;;;;;;;;;;;;
;;;;;;;;;;;;;;;
;;;;;;;;;;;;;;;
;;;;;;;;;;;;;;;
;;;;;;;;;;;;;;;
;;;;;;;;;;;;;;;
;;;;;;;;;;;;;;;
;;;;;;;;;;;;;;;
;;;;;;;;;;;;;;;
;;;;;;;;;;;;;;;
;;;;;;;;;;;;;;;
;;;;;;;;;;;;;;;
;;;;;;;;;;;;;;;
;;;;;;;;;;;;;;;
;;;;;;;;;;;;;;;
;;;;;;;;;;;;;;;
;;;;;;;;;;;;;;;
;;;;;;;;;;;;;;;
;;;;;;;;;;;;;;;
;;;;;;;;;;;;;;;
;;;;;;;;;;;;;;;
;;;;;;;;;;;;;;;
;;;;;;;;;;;;;;;
;;;;;;;;;;;;;;;
;;;;;;;;;;;;;;;
;;;;;;;;;;;;;;;
;;;;;;;;;;;;;;;
;;;;;;;;;;;;;;;
;;;;;;;;;;;;;;;
;;;;;;;;;;;;;;;
;;;;;;;;;;;;;;;
;;;;;;;;;;;;;;;
;;;;;;;;;;;;;;;
;;;;;;;;;;;;;;;
;;;;;;;;;;;;;;;
;;;;;;;;;;;;;;;
;;;;;;;;;;;;;;;
;;;;;;;;;;;;;;;
;;;;;;;;;;;;;;;
;;;;;;;;;;;;;;;
;;;;;;;;;;;;;;;
;;;;;;;;;;;;;;;
;;;;;;;;;;;;;;;
;;;;;;;;;;;;;;;
;;;;;;;;;;;;;;;
;;;;;;;;;;;;;;;
;;;;;;;;;;;;;;;
;;;;;;;;;;;;;;;
;;;;;;;;;;;;;;;
;;;;;;;;;;;;;;;
;;;;;;;;;;;;;;;
;;;;;;;;;;;;;;;
;;;;;;;;;;;;;;;
;;;;;;;;;;;;;;;
;;;;;;;;;;;;;;;
;;;;;;;;;;;;;;;
;;;;;;;;;;;;;;;
;;;;;;;;;;;;;;;
;;;;;;;;;;;;;;;
;;;;;;;;;;;;;;;
;;;;;;;;;;;;;;;
;;;;;;;;;;;;;;;
;;;;;;;;;;;;;;;
;;;;;;;;;;;;;;;
;;;;;;;;;;;;;;;
;;;;;;;;;;;;;;;
;;;;;;;;;;;;;;;
;;;;;;;;;;;;;;;
;;;;;;;;;;;;;;;
;;;;;;;;;;;;;;;
;;;;;;;;;;;;;;;
;;;;;;;;;;;;;;;
;;;;;;;;;;;;;;;
;;;;;;;;;;;;;;;
;;;;;;;;;;;;;;;
;;;;;;;;;;;;;;;
;;;;;;;;;;;;;;;
;;;;;;;;;;;;;;;
;;;;;;;;;;;;;;;
;;;;;;;;;;;;;;;
;;;;;;;;;;;;;;;
;;;;;;;;;;;;;;;
;;;;;;;;;;;;;;;
;;;;;;;;;;;;;;;
;;;;;;;;;;;;;;;
;;;;;;;;;;;;;;;
;;;;;;;;;;;;;;;
;;;;;;;;;;;;;;;
;;;;;;;;;;;;;;;
;;;;;;;;;;;;;;;
;;;;;;;;;;;;;;;
;;;;;;;;;;;;;;;
;;;;;;;;;;;;;;;
;;;;;;;;;;;;;;;
;;;;;;;;;;;;;;;
;;;;;;;;;;;;;;;
;;;;;;;;;;;;;;;
;;;;;;;;;;;;;;;
;;;;;;;;;;;;;;;
;;;;;;;;;;;;;;;
;;;;;;;;;;;;;;;
;;;;;;;;;;;;;;;
;;;;;;;;;;;;;;;
;;;;;;;;;;;;;;;
;;;;;;;;;;;;;;;
;;;;;;;;;;;;;;;
;;;;;;;;;;;;;;;
;;;;;;;;;;;;;;;
;;;;;;;;;;;;;;;
;;;;;;;;;;;;;;;
;;;;;;;;;;;;;;;
;;;;;;;;;;;;;;;
;;;;;;;;;;;;;;;
;;;;;;;;;;;;;;;
;;;;;;;;;;;;;;;
;;;;;;;;;;;;;;;
;;;;;;;;;;;;;;;
;;;;;;;;;;;;;;;
;;;;;;;;;;;;;;;
;;;;;;;;;;;;;;;
;;;;;;;;;;;;;;;
;;;;;;;;;;;;;;;
;;;;;;;;;;;;;;;
;;;;;;;;;;;;;;;
;;;;;;;;;;;;;;;
;;;;;;;;;;;;;;;
;;;;;;;;;;;;;;;
;;;;;;;;;;;;;;;
;;;;;;;;;;;;;;;
;;;;;;;;;;;;;;;
;;;;;;;;;;;;;;;
;;;;;;;;;;;;;;;
;;;;;;;;;;;;;;;
;;;;;;;;;;;;;;;
;;;;;;;;;;;;;;;
;;;;;;;;;;;;;;;
;;;;;;;;;;;;;;;
;;;;;;;;;;;;;;;
;;;;;;;;;;;;;;;
;;;;;;;;;;;;;;;
;;;;;;;;;;;;;;;
;;;;;;;;;;;;;;;
;;;;;;;;;;;;;;;
;;;;;;;;;;;;;;;
;;;;;;;;;;;;;;;
;;;;;;;;;;;;;;;
;;;;;;;;;;;;;;;
;;;;;;;;;;;;;;;
;;;;;;;;;;;;;;;
;;;;;;;;;;;;;;;
;;;;;;;;;;;;;;;
;;;;;;;;;;;;;;;
;;;;;;;;;;;;;;;
;;;;;;;;;;;;;;;
;;;;;;;;;;;;;;;
;;;;;;;;;;;;;;;
;;;;;;;;;;;;;;;
;;;;;;;;;;;;;;;
;;;;;;;;;;;;;;;
;;;;;;;;;;;;;;;
;;;;;;;;;;;;;;;
;;;;;;;;;;;;;;;
;;;;;;;;;;;;;;;
;;;;;;;;;;;;;;;
;;;;;;;;;;;;;;;
;;;;;;;;;;;;;;;
;;;;;;;;;;;;;;;
;;;;;;;;;;;;;;;
;;;;;;;;;;;;;;;
;;;;;;;;;;;;;;;
;;;;;;;;;;;;;;;
;;;;;;;;;;;;;;;
;;;;;;;;;;;;;;;
;;;;;;;;;;;;;;;
;;;;;;;;;;;;;;;
;;;;;;;;;;;;;;;
;;;;;;;;;;;;;;;
;;;;;;;;;;;;;;;
;;;;;;;;;;;;;;;
;;;;;;;;;;;;;;;
;;;;;;;;;;;;;;;
;;;;;;;;;;;;;;;
;;;;;;;;;;;;;;;
;;;;;;;;;;;;;;;
;;;;;;;;;;;;;;;
;;;;;;;;;;;;;;;
;;;;;;;;;;;;;;;
;;;;;;;;;;;;;;;
;;;;;;;;;;;;;;;
;;;;;;;;;;;;;;;
;;;;;;;;;;;;;;;
;;;;;;;;;;;;;;;
;;;;;;;;;;;;;;;
;;;;;;;;;;;;;;;
;;;;;;;;;;;;;;;
;;;;;;;;;;;;;;;
;;;;;;;;;;;;;;;
;;;;;;;;;;;;;;;
;;;;;;;;;;;;;;;
;;;;;;;;;;;;;;;
;;;;;;;;;;;;;;;
;;;;;;;;;;;;;;;
;;;;;;;;;;;;;;;
;;;;;;;;;;;;;;;
;;;;;;;;;;;;;;;
;;;;;;;;;;;;;;;
;;;;;;;;;;;;;;;
;;;;;;;;;;;;;;;
;;;;;;;;;;;;;;;
;;;;;;;;;;;;;;;
;;;;;;;;;;;;;;;
;;;;;;;;;;;;;;;
;;;;;;;;;;;;;;;
;;;;;;;;;;;;;;;
;;;;;;;;;;;;;;;
;;;;;;;;;;;;;;;
;;;;;;;;;;;;;;;
;;;;;;;;;;;;;;;
;;;;;;;;;;;;;;;
;;;;;;;;;;;;;;;
;;;;;;;;;;;;;;;
;;;;;;;;;;;;;;;
;;;;;;;;;;;;;;;
;;;;;;;;;;;;;;;
;;;;;;;;;;;;;;;
;;;;;;;;;;;;;;;
;;;;;;;;;;;;;;;
;;;;;;;;;;;;;;;
;;;;;;;;;;;;;;;
;;;;;;;;;;;;;;;
;;;;;;;;;;;;;;;
;;;;;;;;;;;;;;;
;;;;;;;;;;;;;;;
;;;;;;;;;;;;;;;
;;;;;;;;;;;;;;;
;;;;;;;;;;;;;;;
;;;;;;;;;;;;;;;
;;;;;;;;;;;;;;;
;;;;;;;;;;;;;;;
;;;;;;;;;;;;;;;
;;;;;;;;;;;;;;;
;;;;;;;;;;;;;;;
;;;;;;;;;;;;;;;
;;;;;;;;;;;;;;;
;;;;;;;;;;;;;;;
;;;;;;;;;;;;;;;
;;;;;;;;;;;;;;;
;;;;;;;;;;;;;;;
;;;;;;;;;;;;;;;
;;;;;;;;;;;;;;;
;;;;;;;;;;;;;;;
;;;;;;;;;;;;;;;
;;;;;;;;;;;;;;;
;;;;;;;;;;;;;;;
;;;;;;;;;;;;;;;
;;;;;;;;;;;;;;;
;;;;;;;;;;;;;;;
;;;;;;;;;;;;;;;
;;;;;;;;;;;;;;;
;;;;;;;;;;;;;;;
;;;;;;;;;;;;;;;
;;;;;;;;;;;;;;;
;;;;;;;;;;;;;;;
;;;;;;;;;;;;;;;
;;;;;;;;;;;;;;;
;;;;;;;;;;;;;;;
;;;;;;;;;;;;;;;
;;;;;;;;;;;;;;;
;;;;;;;;;;;;;;;
;;;;;;;;;;;;;;;
;;;;;;;;;;;;;;;
;;;;;;;;;;;;;;;
;;;;;;;;;;;;;;;
;;;;;;;;;;;;;;;
;;;;;;;;;;;;;;;
;;;;;;;;;;;;;;;
;;;;;;;;;;;;;;;
;;;;;;;;;;;;;;;
;;;;;;;;;;;;;;;
;;;;;;;;;;;;;;;
;;;;;;;;;;;;;;;
;;;;;;;;;;;;;;;
;;;;;;;;;;;;;;;
;;;;;;;;;;;;;;;
;;;;;;;;;;;;;;;
;;;;;;;;;;;;;;;
;;;;;;;;;;;;;;;
;;;;;;;;;;;;;;;
;;;;;;;;;;;;;;;
;;;;;;;;;;;;;;;
;;;;;;;;;;;;;;;
;;;;;;;;;;;;;;;
;;;;;;;;;;;;;;;
;;;;;;;;;;;;;;;
;;;;;;;;;;;;;;;
;;;;;;;;;;;;;;;
;;;;;;;;;;;;;;;
;;;;;;;;;;;;;;;
;;;;;;;;;;;;;;;
;;;;;;;;;;;;;;;
;;;;;;;;;;;;;;;
;;;;;;;;;;;;;;;
;;;;;;;;;;;;;;;
;;;;;;;;;;;;;;;
;;;;;;;;;;;;;;;
;;;;;;;;;;;;;;;
;;;;;;;;;;;;;;;
;;;;;;;;;;;;;;;
;;;;;;;;;;;;;;;
;;;;;;;;;;;;;;;
;;;;;;;;;;;;;;;
;;;;;;;;;;;;;;;
;;;;;;;;;;;;;;;
;;;;;;;;;;;;;;;
;;;;;;;;;;;;;;;
;;;;;;;;;;;;;;;
;;;;;;;;;;;;;;;
;;;;;;;;;;;;;;;
;;;;;;;;;;;;;;;
;;;;;;;;;;;;;;;
;;;;;;;;;;;;;;;
;;;;;;;;;;;;;;;
;;;;;;;;;;;;;;;
;;;;;;;;;;;;;;;
;;;;;;;;;;;;;;;
;;;;;;;;;;;;;;;
;;;;;;;;;;;;;;;
;;;;;;;;;;;;;;;
;;;;;;;;;;;;;;;
;;;;;;;;;;;;;;;
;;;;;;;;;;;;;;;
;;;;;;;;;;;;;;;
;;;;;;;;;;;;;;;
;;;;;;;;;;;;;;;
;;;;;;;;;;;;;;;
;;;;;;;;;;;;;;;
;;;;;;;;;;;;;;;
;;;;;;;;;;;;;;;
;;;;;;;;;;;;;;;
;;;;;;;;;;;;;;;
;;;;;;;;;;;;;;;
;;;;;;;;;;;;;;;
;;;;;;;;;;;;;;;
;;;;;;;;;;;;;;;
;;;;;;;;;;;;;;;
;;;;;;;;;;;;;;;
;;;;;;;;;;;;;;;
;;;;;;;;;;;;;;;
;;;;;;;;;;;;;;;
;;;;;;;;;;;;;;;
;;;;;;;;;;;;;;;
;;;;;;;;;;;;;;;
;;;;;;;;;;;;;;;
;;;;;;;;;;;;;;;
;;;;;;;;;;;;;;;
;;;;;;;;;;;;;;;
;;;;;;;;;;;;;;;
;;;;;;;;;;;;;;;
;;;;;;;;;;;;;;;
;;;;;;;;;;;;;;;
;;;;;;;;;;;;;;;
;;;;;;;;;;;;;;;
;;;;;;;;;;;;;;;
;;;;;;;;;;;;;;;
;;;;;;;;;;;;;;;
;;;;;;;;;;;;;;;
;;;;;;;;;;;;;;;
;;;;;;;;;;;;;;;
;;;;;;;;;;;;;;;
;;;;;;;;;;;;;;;
;;;;;;;;;;;;;;;
;;;;;;;;;;;;;;;
;;;;;;;;;;;;;;;
;;;;;;;;;;;;;;;
;;;;;;;;;;;;;;;
;;;;;;;;;;;;;;;
;;;;;;;;;;;;;;;
;;;;;;;;;;;;;;;
;;;;;;;;;;;;;;;
;;;;;;;;;;;;;;;
;;;;;;;;;;;;;;;
;;;;;;;;;;;;;;;
;;;;;;;;;;;;;;;
;;;;;;;;;;;;;;;
;;;;;;;;;;;;;;;
;;;;;;;;;;;;;;;
;;;;;;;;;;;;;;;
;;;;;;;;;;;;;;;
;;;;;;;;;;;;;;;
;;;;;;;;;;;;;;;
;;;;;;;;;;;;;;;
;;;;;;;;;;;;;;;
;;;;;;;;;;;;;;;
;;;;;;;;;;;;;;;
;;;;;;;;;;;;;;;
;;;;;;;;;;;;;;;
;;;;;;;;;;;;;;;
;;;;;;;;;;;;;;;
;;;;;;;;;;;;;;;
;;;;;;;;;;;;;;;
;;;;;;;;;;;;;;;
;;;;;;;;;;;;;;;
;;;;;;;;;;;;;;;
;;;;;;;;;;;;;;;
;;;;;;;;;;;;;;;
;;;;;;;;;;;;;;;
;;;;;;;;;;;;;;;
;;;;;;;;;;;;;;;
;;;;;;;;;;;;;;;
;;;;;;;;;;;;;;;
;;;;;;;;;;;;;;;
;;;;;;;;;;;;;;;
;;;;;;;;;;;;;;;
;;;;;;;;;;;;;;;
;;;;;;;;;;;;;;;
;;;;;;;;;;;;;;;
;;;;;;;;;;;;;;;
;;;;;;;;;;;;;;;
;;;;;;;;;;;;;;;
;;;;;;;;;;;;;;;
;;;;;;;;;;;;;;;
;;;;;;;;;;;;;;;
;;;;;;;;;;;;;;;
;;;;;;;;;;;;;;;
;;;;;;;;;;;;;;;
;;;;;;;;;;;;;;;
;;;;;;;;;;;;;;;
;;;;;;;;;;;;;;;
;;;;;;;;;;;;;;;
;;;;;;;;;;;;;;;
;;;;;;;;;;;;;;;
;;;;;;;;;;;;;;;
;;;;;;;;;;;;;;;
;;;;;;;;;;;;;;;
;;;;;;;;;;;;;;;
;;;;;;;;;;;;;;;
;;;;;;;;;;;;;;;
;;;;;;;;;;;;;;;
;;;;;;;;;;;;;;;
;;;;;;;;;;;;;;;
;;;;;;;;;;;;;;;
;;;;;;;;;;;;;;;
;;;;;;;;;;;;;;;
;;;;;;;;;;;;;;;
;;;;;;;;;;;;;;;
;;;;;;;;;;;;;;;
;;;;;;;;;;;;;;;
;;;;;;;;;;;;;;;
;;;;;;;;;;;;;;;
;;;;;;;;;;;;;;;
;;;;;;;;;;;;;;;
;;;;;;;;;;;;;;;
;;;;;;;;;;;;;;;
;;;;;;;;;;;;;;;
;;;;;;;;;;;;;;;
;;;;;;;;;;;;;;;
;;;;;;;;;;;;;;;
;;;;;;;;;;;;;;;
;;;;;;;;;;;;;;;
;;;;;;;;;;;;;;;
;;;;;;;;;;;;;;;
;;;;;;;;;;;;;;;
;;;;;;;;;;;;;;;
;;;;;;;;;;;;;;;
;;;;;;;;;;;;;;;
;;;;;;;;;;;;;;;
;;;;;;;;;;;;;;;
;;;;;;;;;;;;;;;
;;;;;;;;;;;;;;;
;;;;;;;;;;;;;;;
;;;;;;;;;;;;;;;
;;;;;;;;;;;;;;;
;;;;;;;;;;;;;;;
;;;;;;;;;;;;;;;
;;;;;;;;;;;;;;;
;;;;;;;;;;;;;;;
;;;;;;;;;;;;;;;
;;;;;;;;;;;;;;;
;;;;;;;;;;;;;;;
;;;;;;;;;;;;;;;
;;;;;;;;;;;;;;;
;;;;;;;;;;;;;;;
;;;;;;;;;;;;;;;
;;;;;;;;;;;;;;;
;;;;;;;;;;;;;;;
;;;;;;;;;;;;;;;
;;;;;;;;;;;;;;;
;;;;;;;;;;;;;;;
;;;;;;;;;;;;;;;
;;;;;;;;;;;;;;;
;;;;;;;;;;;;;;;
;;;;;;;;;;;;;;;
;;;;;;;;;;;;;;;
;;;;;;;;;;;;;;;
;;;;;;;;;;;;;;;
;;;;;;;;;;;;;;;
;;;;;;;;;;;;;;;
;;;;;;;;;;;;;;;
;;;;;;;;;;;;;;;
;;;;;;;;;;;;;;;
;;;;;;;;;;;;;;;
;;;;;;;;;;;;;;;
;;;;;;;;;;;;;;;
;;;;;;;;;;;;;;;
;;;;;;;;;;;;;;;
;;;;;;;;;;;;;;;
;;;;;;;;;;;;;;;
;;;;;;;;;;;;;;;
;;;;;;;;;;;;;;;
;;;;;;;;;;;;;;;
;;;;;;;;;;;;;;;
